galaxy,source_id,calibration,x_pixel,y_pixel,finite_7x7,original_clipped_distance_arcsec,replayed_clipped_distance_arcsec,unique_match_within_1p5arcsec,peak_index
DDO154,3961646875706625152,True,931.7028331192586,184.37514251440382,False,12.0,12.0,False,76
DDO154,3961646983081694592,False,892.9268166664561,236.52827152103464,True,0.5794827314222772,0.5794827314399901,True,99
DDO154,3961647842074728064,True,887.089979585235,370.1253648937748,True,0.16372262967318532,0.16372262971426788,True,221
DDO154,3961653197898499328,False,816.4406841455765,925.8069964296412,False,12.0,12.0,False,504
DDO154,3961650144177200256,True,761.4140775165217,707.075799557795,False,12.0,12.0,False,379
DDO154,3961646742563099904,False,699.0782701909548,194.38435378814677,True,0.310547105668069,0.3105471056652046,True,72
DDO154,3961648529269495680,True,696.3545287640702,368.7546664180909,True,0.4387274279087974,0.43872742793943864,True,219
DDO154,3961634888453362048,False,658.5061510937439,16.297044572533196,True,0.42817633238210084,0.42817633240146125,True,3
DDO154,3961648151312372864,True,649.4615396760926,164.4701187000835,True,0.3923177567436407,0.3923177567436717,True,50
DDO154,3961649010305833856,False,490.5363815647743,500.06794774667173,False,12.0,12.0,False,287
DDO154,3961673508799292160,True,476.49990857456714,836.0403661642454,True,0.5476083219163633,0.5476083219354624,True,611
DDO154,3961673543159031168,False,424.39260899147683,915.0945579539859,False,12.0,12.0,False,646
DDO154,3961673440079815296,True,403.0853857149028,782.9761904771295,True,0.20818333760044358,0.2081833375889896,True,569
DDO154,3961648941586357760,False,338.2805799737674,562.6212437009935,True,0.45666121079890193,0.4566612108566685,True,358
DDO154,3961636915677927552,True,318.80259957821676,340.0638894238401,False,12.0,12.0,False,191
DDO154,3961635472568940800,False,268.5141807794315,93.30201278250331,False,12.0,12.0,False,114
DDO154,3961672340568187008,True,243.4557739115914,611.9472785252069,True,0.5377373339480238,0.5377373339390444,True,395
DDO154,3961636812598738560,False,208.59048887857233,302.3520320895102,False,12.0,12.0,False,244
DDO154,3961672959043479296,True,94.92277067402554,832.7063469523396,False,12.0,12.0,False,610
DDO154,3961660452098737792,False,53.348600097422064,525.3606837751256,False,12.0,12.0,False,385
IC2574,1072997660786434816,True,2122.650335998106,666.7310307267713,True,0.34780469372059464,0.34780469370250594,True,782
IC2574,1073011271538735744,False,2119.5597340198347,971.127559468901,False,12.0,12.0,False,1383
IC2574,1072997630722601856,True,2029.4789836977889,684.7041857307424,True,0.3127721672403953,0.31277216721498924,True,831
IC2574,1072999142551089664,False,1915.6873726694353,769.3837912737607,True,0.3141540107738349,0.31415401075234206,True,1082
IC2574,1073013161324347520,True,1882.156047197035,1570.1801829251565,False,12.0,12.0,False,3055
IC2574,1073012955165916544,False,1875.2096140578951,1511.2308662813703,False,12.0,12.0,False,2890
IC2574,1073012955165916032,True,1860.6962629007894,1471.8075183555698,False,12.0,12.0,False,2890
IC2574,1072999726666641664,False,1747.060726897319,1029.037708802817,True,0.0908186844975417,0.09081868448485882,True,1984
IC2574,1072998902032920064,True,1728.840884637986,875.8013261081132,True,0.2129545645218083,0.21295456447449898,True,1395
IC2574,1072995191181174912,False,1719.6967775709895,545.2049861538039,True,0.2708717672419736,0.2708717672672583,True,518
IC2574,1073011890014024704,True,1679.849230337855,1299.0017705149426,False,0.4339419548670533,0.4339419548801763,False,2859
IC2574,1072998936392658176,False,1659.6395229479826,954.6364702842312,True,0.3142774999881716,0.3142774999545512,True,1708
IC2574,1072999795386117504,True,1580.8738814928008,1089.9937746644407,True,0.466617352163845,0.4666173521518778,True,2186
IC2574,1073036697745127424,False,1570.0599252824732,1746.4068548658463,False,12.0,12.0,False,3559
IC2574,1072995564842463872,True,1572.2265951299205,639.0585269601711,True,0.14487772224940634,0.14487772231625126,True,711
IC2574,1072999829745855616,False,1564.7172109908122,1102.694217344875,True,0.32868574189896227,0.3286857418657548,True,2215
IC2574,1072998592795273088,True,1552.3326597278788,798.0150870670943,True,0.34815635750007035,0.34815635748199786,True,1160
IC2574,1072243056508315904,False,1547.3622652539268,53.73330017157389,False,12.0,12.0,False,1
IC2574,1072995255604809088,True,1538.0556000019792,481.76893412087827,True,0.21347939338420252,0.21347939334887267,True,404
IC2574,1072993778136046336,False,1529.3058139063655,225.68017977345357,True,0.34104291713529034,0.34104291706202944,True,97
IC2574,1072243090868054400,True,1527.4775316560315,88.03893011162211,True,0.6213403137381663,0.6213403137050979,True,18
IC2574,1073035598233498240,False,1487.9675659057455,1563.467377268903,False,12.0,12.0,False,3395
IC2574,1073023675404283648,True,1486.2518482599771,1346.4289427669032,True,0.42857512426734923,0.42857512425486644,True,2979
IC2574,1072999073831611008,False,1481.6430831914124,1049.2578395449864,True,0.45553011215548056,0.4555301120949536,True,2059
IC2574,1073035804391928576,True,1470.973342326669,1603.8210070569644,False,12.0,12.0,False,3467
IC2574,1072242811694721792,False,1429.059276252502,30.634362595639118,False,12.0,12.0,False,5
IC2574,1072243262666745856,True,1390.418774809314,128.3864638634317,True,0.45012775713426906,0.4501277570649439,True,29
IC2574,1072994297827974784,False,1380.2160308995487,389.6053409870225,True,0.4206098529193556,0.4206098529041203,True,281
IC2574,1072995431699341696,True,1366.6736987005302,675.6923803454349,True,0.3028137576831486,0.30281375760095364,True,808
IC2574,1073022301014777856,False,1344.1018877557046,1027.3765753356763,True,0.34159961789270493,0.3415996179050907,True,1980
IC2574,1073036319787968128,True,1332.559797946279,1801.5710985621195,False,12.0,12.0,False,3849
IC2574,1073023464950122112,False,1278.1257017357989,1335.6238907510115,True,0.3044404165905103,0.3044404166087874,True,2946
IC2574,1073018143486402688,True,1276.8773860216202,697.0569748521292,True,0.5341081989664495,0.5341081989284854,True,867
IC2574,1072243365745960704,False,1228.5202211317178,214.49257678387823,False,12.0,12.0,False,130
IC2574,1072243640623867776,True,1224.21794775827,325.668108666153,True,0.257325742436676,0.2573257423365811,True,200
IC2574,1073024225160059776,False,1210.4323353759205,1653.4541477529624,True,0.3764153307386357,0.3764153307121875,True,3637
IC2574,1073024156440619776,True,1183.407130809375,1575.528281624606,True,0.8942221430241585,0.8942221429847051,True,3501
IC2574,1072242609831715840,False,1171.083342432221,126.12346096401802,False,12.0,12.0,False,83
IC2574,1072242536816818688,True,1158.7752386936302,75.83092740313225,False,12.0,12.0,False,77
IC2574,1073017902968233472,False,1154.7908093369745,622.6235481662447,True,0.30968260571952866,0.30968260570778133,True,665
IC2574,1072242541112238592,True,1131.511736445779,90.9944980736625,False,12.0,12.0,False,77
IC2574,1073018006047854976,False,1092.9979397743982,697.5725061852486,True,0.38083871117668366,0.3808387110569541,True,866
IC2574,1072267241468727168,True,1079.2144577786448,459.1134051485339,True,0.08233695340946254,0.08233695339000896,True,363
IC2574,1072266111892759424,False,1072.9782651538444,285.57345374012414,False,12.0,12.0,False,253
IC2574,1073037591098283904,True,1059.8107162429321,1804.94393371784,True,0.3556594286346381,0.35565942864799766,True,3901
IC2574,1072267241468730624,False,1056.5489700445867,504.4645459523588,True,0.38722592941925704,0.38722592937181977,True,442
IC2574,1073024019001628032,True,1057.3293839219832,1569.1441985595634,True,0.40685587437041576,0.406855874368141,True,3483
IC2574,1073019552235675520,False,1039.3207044761693,1048.5447947988112,True,0.3155668725552449,0.31556687253268073,True,2053
IC2574,1072267280123864448,True,1003.0371033211661,505.5427428831716,False,12.0,12.0,False,464
IC2574,1072267348843341312,False,988.8434095432381,600.6701885880015,True,0.36424853666524054,0.36424853666195944,True,625
IC2574,1073018349644831488,True,980.3882834379104,705.9455433756997,True,0.18674706209563438,0.18674706208029643,True,893
IC2574,1073019964552536320,False,962.1692217644764,1275.3239444987503,True,0.35858892230039124,0.3585889222384065,True,2783
IC2574,1072265871374589312,True,952.540780601319,131.58279176826636,False,12.0,12.0,False,196
IC2574,1072267653785596288,False,948.836067817902,570.3574229315448,False,0.6410914762126505,0.6410914761937614,False,561
IC2574,1073025801412528256,True,926.0158772217288,1770.542526307773,True,0.3483924655645779,0.3483924655363044,True,3859
IC2574,1072266180612235136,False,894.4766798150342,303.5104237475765,False,12.0,12.0,False,386
IC2574,1072265974453804800,True,880.0563950959156,284.69016066684605,False,12.0,12.0,False,319
IC2574,1072267795519939712,False,805.0020829727389,748.9021562471462,True,0.5697182898577137,0.5697182898293159,True,1022
IC2574,1072267585066124544,True,787.6222291134611,622.5223574312256,False,12.0,12.0,False,789
IC2574,1072263294394210304,False,699.3572312739332,226.0653785660843,False,12.0,12.0,False,561
IC2574,1072263294394209920,True,678.4046668604257,250.96721360193555,False,12.0,12.0,False,561
IC2574,1073025011138543488,False,661.5088452408089,1700.0110601740153,True,0.49846697629768427,0.49846697628173997,True,3745
IC2574,1072268276556274944,True,643.0121458297469,647.0224004826607,False,12.0,12.0,False,1155
IC2574,1073021338942030464,False,646.2861483049012,1389.6463146008164,True,1.9346943434670754,1.9346943434809287,False,3071
IC2574,1072268276555427712,True,640.5595267997128,654.3274474690057,False,12.0,12.0,False,1155
IC2574,1073021338942030336,False,644.0925067947951,1387.8454060987997,True,0.20318841125866896,0.20318841122982542,True,3071
IC2574,1073021545100461184,True,632.0274084361827,1475.8754411132008,True,0.1735191180862395,0.17351911807144055,True,3295
IC2574,1072266524209617408,False,606.1881584801694,502.5033290562188,False,12.0,12.0,False,956
IC2574,1072263500552639744,True,588.8713666144154,357.1415731396105,False,12.0,12.0,False,640
IC2574,1072268207836797952,False,574.9697591375755,631.4266612612703,False,12.0,12.0,False,1155
IC2574,1073021957417321216,True,564.8082979833977,1548.3452353302591,True,0.30786380187657725,0.3078638018697464,True,3435
IC2574,1073020445588830848,False,548.6874103120135,1261.6426242601012,True,0.261389752800847,0.26138975278066906,True,2737
IC2574,1072263431833162624,True,541.8108297116928,382.73124045701934,False,12.0,12.0,False,789
IC2574,1072269062534881536,False,533.5455169510666,796.1506269786978,False,12.0,12.0,False,1360
IC2574,1072264909301912064,True,527.4949529180086,384.691391926267,False,12.0,12.0,False,789
IC2574,1072269165614097408,False,490.1855924882259,817.0938283362451,False,12.0,12.0,False,1610
IC2574,1072268413995228032,True,487.05433090799727,774.8281814641861,False,12.0,12.0,False,1562
IC2574,1072268340980076672,False,456.93287279726565,733.0185548069701,False,12.0,12.0,False,1360
IC2574,1072268134821940608,True,447.9611389272079,623.8825653282678,False,12.0,12.0,False,1360
IC2574,1072268139117816960,False,446.08337466199714,644.0805555163611,False,12.0,12.0,False,1360
IC2574,1073020956689222016,True,400.74634311294517,1348.1941254906637,True,0.25982237414653025,0.25982237418357274,True,2982
IC2574,1072268379635489024,False,391.3560974198865,805.0202065851502,False,12.0,12.0,False,1735
IC2574,1072268757592610304,True,334.42287065174537,813.4048114446712,False,12.0,12.0,False,1735
IC2574,1072269612290703488,False,295.6172846044974,1049.0745824916532,False,12.0,12.0,False,2374
NGC2841,1019055762062630400,True,1111.708036641051,326.1957820519883,False,12.0,12.0,False,278
NGC2841,1019058850143597440,False,1055.3958261223895,435.80632220548625,False,12.0,12.0,False,308
NGC2841,1019060744224670336,True,1023.3274052810966,813.6818311221256,True,0.2722123703518414,0.27221237034908363,True,720
NGC2841,1019055727702891264,False,1021.2816888958104,316.86239754344,False,12.0,12.0,False,250
NGC2841,1019055933861299456,True,1006.1337605973617,494.7006065800741,True,0.03391058255016683,0.033910582579561206,True,308
NGC2841,1019055624623675776,False,953.5800097519427,292.03287543928275,False,12.0,12.0,False,209
NGC2841,1019062324772634368,True,939.5500887603907,1264.5356036908197,True,0.24655088216246943,0.24655088219958768,True,1392
NGC2841,1019060881663623424,False,934.3478823247899,984.1630108940117,True,0.1351247836458674,0.13512478367038688,True,950
NGC2841,1019055865141843712,True,926.4716933256759,416.76598042574653,True,0.5211401056977694,0.521140105689121,True,250
NGC2841,1019060396331838592,False,890.5683774413407,654.3730337168045,True,0.3399288501800086,0.33992885019584373,True,498
NGC2841,1019060606785716224,True,884.7128742307987,824.5660468969485,True,0.253224503272585,0.2532245032920584,True,734
NGC2841,1019055590263936256,False,863.1770049626681,292.2720909847649,False,12.0,12.0,False,178
NGC2841,1019061190901268096,True,840.3971677123384,959.5406769119097,True,0.3288895182773227,0.32888951826733354,True,897
NGC2841,1019156023780185472,False,768.6378157752993,1296.0358015073548,True,0.14674370865760708,0.14674370866344327,True,1424
NGC2841,1019056311818441216,True,763.3099848956042,293.78380085927415,True,0.3987286809642954,0.39872868089727237,True,159
NGC2841,1019061156541549568,False,700.5739332464125,1078.7451038212973,True,0.25705413419511064,0.2570541341478613,True,1103
NGC2841,1019056277458702336,True,699.7353880105838,349.7569649094569,True,0.3392161000292906,0.33921609999798064,True,191
NGC2841,1019156229938615296,False,683.321297763856,1448.0450372275989,True,0.15079190920926802,0.15079190917052257,True,1538
NGC2841,1019155233506202752,True,655.9894693002462,1220.6425443413152,True,0.3080239909966995,0.3080239909916367,True,1307
NGC2841,1019156264298353280,False,655.6997696371335,1482.653072167997,True,0.26469145372665737,0.26469145367921293,True,1554
NGC2841,1019057720567692800,True,637.7103141743297,680.7764959933052,True,0.6613643110251406,0.6613643109812405,True,539
NGC2841,1019057720567692672,False,630.5161654613021,688.8231573470807,True,0.31906596056215003,0.31906596056519354,True,552
NGC2841,1019056861574253696,True,616.5641780098077,515.4359404461846,True,0.2951305636959946,0.29513056369730867,True,330
NGC2841,1019056861574233344,False,593.588838657475,567.9443133443957,True,0.06051669230893824,0.06051669232599502,True,389
NGC2841,1019056105660009984,True,588.8881470387103,215.32931982361436,True,0.20769032658709746,0.20769032659628178,True,97
NGC2841,1019056105660009856,False,574.6328737743163,246.154230585473,True,0.41345750961055727,0.4134575095925606,True,123
NGC2841,1019151900611580672,True,562.6388844263217,959.56263499523,True,0.30017814244037017,0.30017814239455676,True,899
NGC2841,1019155027347771648,False,562.0437493885687,1193.4729986101352,True,0.7295488182321372,0.7295488182260467,True,1257
NGC2841,1019155164786724352,True,511.1870262334743,1282.5384441755627,True,0.2926918870025875,0.2926918870065465,True,1411
NGC2841,1019155542743845632,False,461.8278524380171,1363.692833810666,True,0.1766941199125876,0.17669411985459463,True,1480
NGC2841,1019152038050532608,True,435.34299885299515,1072.5233811932733,True,0.240103419613757,0.2401034196302826,True,1090
NGC2841,1019056651120349952,False,413.45615886654815,521.8065767500867,True,0.37772470393591,0.37772470389541946,True,336
NGC2841,1019150801099951488,True,395.46975837145635,745.7884501753746,True,0.3292909988446261,0.32929099879704926,True,640
NGC2841,1019150899883406848,False,391.5161082988275,843.9140397590919,True,0.11666588997415658,0.1166658900001539,True,755
NGC2841,1019155675886156288,True,385.735312028028,1440.486312430756,False,12.0,12.0,False,1511
NGC2841,1019152549149959040,False,337.64080827374096,1349.4289538724797,False,12.0,12.0,False,1408
NGC2841,1019103590819455872,True,286.18218947396485,538.4332514738306,False,12.0,12.0,False,375
NGC2841,1019009475199560448,False,254.61890313121899,350.28490638156836,True,0.3034166178740332,0.3034166178908783,True,190
NGC2841,1019103728258386048,True,194.82533183893486,623.0241399421452,True,0.33297269277497443,0.33297269278777597,True,453
NGC2841,1019008650565830016,False,192.47083333687743,231.61729168835507,False,12.0,12.0,False,104
NGC2841,1019154168354309120,True,188.99497387946002,1459.1201821059328,False,12.0,12.0,False,1326
NGC2841,1019152416007652608,False,182.16504397795399,1242.0466900186389,False,12.0,12.0,False,1293
NGC2841,1019151075977856896,True,145.0628354944614,839.9955534203327,True,0.45715575819685655,0.45715575822019705,True,750
NGC2841,1019104136278312448,False,103.05437823415912,764.5799814917776,True,0.1776607998314374,0.17766079979266322,True,666
NGC2841,1019154237073785344,True,100.36067602187188,1510.2150656165186,False,12.0,12.0,False,1293
NGC2841,1019151522654478208,False,64.62727566604832,1125.551439142936,False,12.0,12.0,False,1101
NGC2841,1019102246492710784,True,49.23807651474715,237.53368813157954,False,12.0,12.0,False,156
NGC2903,637965444191878656,True,2076.315507195589,773.9401445001924,True,0.19758167864195658,0.19758167863217815,True,1729
NGC2903,637965375472401408,False,2038.3372369688443,742.7987819846683,True,0.17004076561716833,0.1700407656170055,True,1603
NGC2903,634962948519210496,True,1993.9703630930494,656.7954319570442,True,0.2935758358240882,0.2935758358828992,True,1240
NGC2903,637966200106119808,False,1944.572164690769,958.9164197286699,True,0.3171428645463815,0.31714286453931034,True,2371
NGC2903,634962918454600832,True,1935.5142426981233,657.1028733592234,True,0.2224989914386801,0.22249899136230153,True,1247
NGC2903,637973033399236992,False,1930.2756312301433,1308.7291387359492,True,0.12160176328990921,0.12160176326573002,True,3339
NGC2903,637965787789260288,True,1921.4242214663755,784.3354044331608,True,0.3908453278919057,0.3908453278155621,True,1775
NGC2903,637965783494411008,False,1917.4863691195965,808.6822469036612,True,0.13984925412698454,0.13984925410302104,True,1891
NGC2903,637972964679757056,True,1872.587265013226,1257.6759103078061,True,0.6512462852038723,0.6512462851718108,True,3204
NGC2903,637972208765505408,False,1842.8873282968912,1173.4042050582837,True,0.12444155165990078,0.12444155165785727,True,2969
NGC2903,634961887662522496,True,1722.9404850541264,538.047427298245,True,0.5429275657588016,0.5429275657553979,True,823
NGC2903,637972758521334144,False,1684.5228168706572,1375.3963752856641,True,0.2848755146903239,0.28487551462033306,True,3536
NGC2903,634958413033662976,True,1676.4434752119678,182.90791652738994,False,12.0,12.0,False,366
NGC2903,634969442509814400,False,1650.0944378777533,1004.0742986489096,True,0.12281045830015666,0.12281045832904847,True,2508
NGC2903,637972865894978816,True,1635.5586881316124,1437.7561409824261,True,0.3152775166768387,0.3152775166237729,True,3746
NGC2903,634958382969210240,False,1633.3078272216421,164.09041732367893,False,12.0,12.0,False,321
NGC2903,634958344314177536,True,1631.358165720039,138.29570014253022,False,12.0,12.0,False,321
NGC2903,637972694096287488,False,1629.969412017736,1345.8125756248198,True,0.1067743399804071,0.10677433996453926,True,3445
NGC2903,634962226964391168,True,1596.3605519555563,573.7115745181231,True,0.33401126839578404,0.33401126834043415,True,934
NGC2903,634969481164628608,False,1581.7142623796553,1014.2379015180829,True,0.08679272794362454,0.08679272798793765,True,2528
NGC2903,634961917727011968,True,1569.43537162321,390.1378580136366,True,0.33367083294413624,0.3336708328896009,True,428
NGC2903,634961922022260096,False,1551.704339342494,377.7857228392331,True,0.2094760992834356,0.20947609926355001,True,407
NGC2903,634958962789506304,True,1467.8672863185393,360.01030104846046,True,0.3877193442031597,0.38771934413862635,True,378
NGC2903,634958894070028288,False,1455.6161026325997,331.39282880445717,True,0.4047709290503179,0.40477092909960105,True,327
NGC2903,634958898364837248,True,1441.0399590698323,341.97212921387387,True,0.1426259525833376,0.14262595254201418,True,348
NGC2903,634958932725020800,False,1430.8557858884583,377.0933888761454,True,0.08472965786130002,0.0847296578245327,True,405
NGC2903,637974446443321472,True,1365.7087780811273,1576.985922607347,True,0.09588841140711404,0.09588841135868321,True,4144
NGC2903,634965044463835648,False,1265.1275567589703,578.8154522523887,True,0.060146853731266305,0.06014685366077859,True,948
NGC2903,634964735225862400,True,1242.1949596509846,461.4620449808926,True,0.1909031512533265,0.19090315119694692,True,617
NGC2903,634958790990555904,False,1232.1521806295054,384.9787787988354,True,0.21313783303760048,0.21313783308542741,True,415
NGC2903,634957592695223808,True,1199.3201601923531,77.46821275517414,False,12.0,12.0,False,154
NGC2903,634969034488029312,False,1162.5428557356227,1107.5660378515058,True,0.261464731156702,0.2614647311610556,True,2803
NGC2903,634957622759672960,True,1150.5087271861955,144.316326263115,False,12.0,12.0,False,154
NGC2903,634968652236403968,False,1099.0961875502046,891.9533249141605,True,0.061743619010982194,0.061743619035178436,True,2193
NGC2903,634970645100694272,True,1044.7328577233636,1251.80519693882,True,0.1474025813143404,0.1474025812773944,True,3187
NGC2903,634965284981105280,False,1020.9806900132967,665.8232765844094,True,0.033085538669727264,0.03308553870079033,True,1279
NGC2903,634963566994190336,True,981.1050849782024,204.6649266352655,True,0.22107379435869381,0.221073794343946,True,160
NGC2903,634965216261935616,False,943.7359934807978,613.1875577924286,True,0.08131043214590082,0.08131043220643608,True,1066
NGC2903,634965220557115648,True,937.430312779362,633.978386070134,True,0.23084482502653206,0.2308448249991939,True,1150
NGC2903,634965254916853888,False,932.5942397004153,632.5219757218171,True,0.31239170236952946,0.31239170237454184,True,1141
NGC2903,634964017966274560,True,922.1875094540435,440.5221917978707,True,0.2036624224838658,0.20366242245933272,True,559
NGC2903,634970615035993728,False,883.9203407121274,1225.8827742873111,True,0.1184417170524387,0.11844171700778827,True,3120
NGC2903,634964391628200320,True,873.8189677264013,528.9550736724041,True,0.09642181400439565,0.09642181406841827,True,796
NGC2903,634967174767078656,False,817.5265783286889,973.8089183430337,True,0.14148280356473586,0.14148280354572387,True,2420
NGC2903,634970782539240704,True,800.4448348443484,1209.5826083385318,True,0.1563198986985134,0.15631989862549117,True,3072
NGC2903,634964567722084352,False,723.5957637153492,654.54838058203,True,0.22059952846590672,0.22059952842224867,True,1222
NGC2903,634964155405225216,True,719.7751876147636,439.5884672556385,True,0.13123897647731855,0.1312389764988046,True,557
NGC2903,634950755107264000,False,694.2436552706524,55.513504737660355,False,8.227274296666193,8.227274296625783,False,16
NGC2903,634971160496361472,True,680.232511278505,1422.832737410146,True,1.5408364032907043,1.5408364033129258,False,3675
NGC2903,634994731277329536,False,679.3493259625047,1579.828372937065,True,0.10237979319636246,0.10237979317188314,True,4151
NGC2903,634967694458273280,True,660.5164079012941,1088.4230381482419,True,0.2229134962548763,0.22291349624624485,True,2748
NGC2903,634967488299843456,False,638.3554123315671,1026.5628591631155,True,0.3573681788880707,0.3573681788320368,True,2575
NGC2903,634964292844176896,True,613.8481408599602,590.0001777255433,True,0.09575369324158862,0.09575369316431714,True,981
NGC2903,634952434439224576,False,592.8984311568224,398.5726459165311,True,0.13927269149391716,0.13927269147722904,True,449
NGC2903,634967453940103424,True,534.5631127282336,1054.2595959666298,True,0.2614352181504992,0.26143521812723264,True,2655
NGC2903,634950823826738304,False,523.5068121739577,67.49344743959512,True,0.41806160133992587,0.41806160135266446,True,18
NGC2903,634954152426190848,True,455.44282316876024,669.6593349421672,True,0.21028911410130438,0.21028911409586754,True,1300
NGC2903,634953744404497152,False,445.454624912162,458.8266336154831,True,0.09926132184392103,0.09926132183589177,True,606
NGC2903,634953774469036288,True,383.3509135566037,486.6819309370236,True,0.16707180104268007,0.16707180099427774,True,671
NGC2903,634966835464810368,False,374.5538820443069,1062.4771263950354,True,0.2828384524538457,0.2828384524356065,True,2683
NGC2903,634966831169716736,True,359.5876388062385,1102.1353721904088,True,0.1851429124627227,0.18514291243292932,True,2794
NGC2903,634953774469039744,False,357.0527764291696,500.6254209137695,True,0.22677494557826364,0.22677494551028657,True,709
NGC2903,634966350133336064,True,356.6096494632849,837.3769031448284,True,0.3030365979818251,0.3030365979466826,True,1993
NGC2903,634951373582549888,False,349.50480282865203,264.1631848805973,False,12.0,12.0,False,245
NGC2903,634954564743063296,True,340.452819051093,754.5367712084908,True,0.27012997885164036,0.2701299787970666,True,1650
NGC2903,634954603397951744,False,282.44796613700817,830.9416570169443,True,0.18309180060270533,0.18309180052265878,True,1966
NGC2903,634953813123971712,True,273.5503059243821,510.6345373787391,False,12.0,12.0,False,720
NGC2976,1069932364103084544,True,1317.0721145016146,362.1483869557517,False,12.0,12.0,False,299
NGC2976,1069932364103084416,False,1306.8779205025617,345.49942882327923,False,12.0,12.0,False,299
NGC2976,1069935795781204736,True,1305.0066690144504,700.0163173441471,False,12.0,12.0,False,1119
NGC2976,1069935353400323456,False,1302.9987152331505,489.64953851441305,False,0.5862855161522529,0.5862855161410234,False,638
NGC2976,1069938445776778368,True,1292.4446105337456,1119.2589594088536,False,12.0,12.0,False,1530
NGC2976,1069930886634333696,False,1264.2145380343218,75.39758182563145,False,12.0,12.0,False,152
NGC2976,1069931642548577920,True,1248.5370626489373,147.30911277293666,False,12.0,12.0,False,152
NGC2976,1069937243185933056,False,1207.0935781889505,703.8724888628603,False,12.0,12.0,False,1165
NGC2976,1069937277545671296,True,1161.1378665902462,821.0267492371636,False,12.0,12.0,False,1304
NGC2976,1069938205258607872,False,1126.7223948873186,998.4990893357257,False,12.0,12.0,False,1530
NGC2976,1069931230231716224,True,1127.0486542421622,147.56919058646469,False,12.0,12.0,False,134
NGC2976,1069937449344400896,False,1124.7211278047012,926.6188869823759,False,12.0,12.0,False,1418
NGC2976,1069932157944652800,True,1120.681210147186,310.6038348787524,True,0.26866379182671696,0.26866379181220224,True,152
NGC2976,1069939098611805696,False,1044.6330812639942,1339.5071407247056,False,12.0,12.0,False,1889
NGC2976,1069937586783315712,True,990.8076185105549,916.9977740386648,True,0.1900859207424885,0.1900859207332528,True,1488
NGC2976,1069933699837145216,False,986.3171157270965,477.3228103508977,True,0.3084511942514995,0.3084511942399407,True,584
NGC2976,1069934150809478016,True,980.8179218656526,700.8325739579473,True,0.16944864601522802,0.16944864597365694,True,1187
NGC2976,1069934082090000896,False,966.296117434031,620.6728862071958,True,0.21315829060400474,0.21315829057751273,True,1064
NGC2976,1069937586783315328,True,955.5169154547696,954.0746329487447,True,0.25549538614028183,0.25549538618469686,True,1544
NGC2976,1069934112154028672,False,931.0458560336633,713.8419782764347,True,0.1846933957047879,0.18469339568392465,True,1211
NGC2976,1069937930380698752,True,872.0228086455294,1062.9032647520949,True,0.118355310819288,0.11835531082060048,True,1715
NGC2976,1069933051297848832,False,865.065592909992,448.31398333802133,True,0.3310329492145764,0.33103294921497833,True,479
NGC2976,1069744897370337280,True,864.9797817987387,154.44089919930644,True,0.12731825811968173,0.1273182581441533,True,37
NGC2976,1069932604621248768,False,835.0435977173958,251.98512776392127,True,0.12244787872248357,0.12244787872442353,True,105
NGC2976,1069744828650860416,True,830.8795638827005,102.72193854726453,False,12.0,12.0,False,27
NGC2976,1069937655502790912,False,830.3527681937999,927.2541028373321,True,2.301303639972621,2.301303639972431,False,1499
NGC2976,1069937655502790656,True,827.7298987303251,924.8350568911225,True,0.375710890673119,0.37571089061870616,True,1499
NGC2976,1070031835545794560,False,737.9202891379739,1249.3666326599814,True,0.1709476429296009,0.17094764294699843,True,1916
NGC2976,1069744656852168320,True,737.1602132658559,100.2566407927668,True,0.4927308219927704,0.49273082198277574,True,21
NGC2976,1070031595027625600,False,735.7875798739902,1145.0844400658714,True,0.1540237504121095,0.15402375040458488,True,1804
NGC2976,1070031629387363840,True,679.6254913260486,1168.3028938142957,True,0.4433858282296225,0.4433858282224111,True,1830
NGC2976,1069934356967905664,False,677.5554844673846,736.6188567551583,True,0.35896522719348967,0.3589652271854854,True,1239
NGC2976,1069933429254969344,True,676.3975454352237,572.8521546062932,True,0.2503761983643937,0.2503761983428771,True,932
NGC2976,1070031938625009408,False,668.520744518177,1343.3020087409934,True,0.5526864743060398,0.5526864743147236,True,1973
NGC2976,1070032037408269440,True,657.1209044672601,1436.779206758907,False,12.0,12.0,False,2006
NGC2976,1069933601053661312,False,633.7096290798474,716.7085061629086,True,0.23179924462615492,0.2317992446056529,True,1217
NGC2976,1070028605730386816,True,631.858391799418,1048.31186049992,True,0.33624466193683367,0.3362446619166992,True,1697
NGC2976,1070028502651171456,False,614.580936623276,988.0421898574341,True,0.1829534215323713,0.1829534215270096,True,1598
NGC2976,1069745378406673664,True,610.5312280653773,275.2920846522261,True,0.2508756649738547,0.2508756649927193,True,119
NGC2976,1069933566693922688,False,611.1398816660294,688.3835898432828,True,0.2995300720677218,0.2995300720656923,True,1171
NGC2976,1070031663747101696,True,601.7344231462313,1188.7181685145265,True,0.22251704684805773,0.22251704684217416,True,1851
NGC2976,1070031732466578560,False,597.8265161016257,1250.2848528754262,True,0.1912739038555126,0.19127390385322393,True,1917
NGC2976,1070027467563893376,True,583.3982291501871,808.8633840396438,True,0.22386090580641899,0.22386090580716508,True,1349
NGC2976,1070028708809601792,False,571.8149733801399,1159.6045534081084,True,0.22955300076530216,0.22955300073738952,True,1819
NGC2976,1069933360535492352,True,563.3659935150683,654.3580097132572,True,0.1589968798777606,0.15899687989559094,True,1112
NGC2976,1070028674449866112,False,474.39361117851143,1190.4985948938875,True,0.7338242776745364,0.7338242776638367,True,1856
NGC2976,1069744313254783872,True,453.8803632057737,124.83137964343217,False,12.0,12.0,False,66
NGC2976,1070027231340850944,False,450.39418460110585,718.9347718785023,True,0.3125864021757217,0.31258640216082895,True,1220
NGC2976,1070028395276005504,True,440.08649308925675,1030.1439545080748,True,0.01962084123048354,0.01962084122479956,True,1669
NGC2976,1069744485053475456,False,408.0574249244978,229.89015076717294,False,12.0,12.0,False,117
NGC2976,1070027265700588928,True,379.05888592148006,733.7968909401783,True,0.10456940640575935,0.10456940639119633,True,1233
NGC2976,1069744519413213696,False,341.24979861511497,302.37272063675414,False,12.0,12.0,False,239
NGC2976,1069744210175589248,True,320.5423478085048,138.31238148785752,False,12.0,12.0,False,66
NGC2976,1069839524089936256,False,252.8191394591056,643.2512718566127,True,0.44665888670988807,0.4466588866974413,True,1098
NGC2976,1069839249212029184,True,247.29702338060576,526.4565937790848,False,12.0,12.0,False,861
NGC2976,1069839244916178176,False,239.72314052156935,474.6579230350875,False,12.0,12.0,False,703
NGC2976,1070028914968030848,True,242.87163952677122,1195.6843705440617,False,2.4042767166217294,2.404276716632782,False,1858
NGC2976,1069741220878329728,False,223.51831765562588,124.33681392082559,False,12.0,12.0,False,117
NGC2976,1070028949327769088,True,219.89913348394134,1245.194353254453,False,12.0,12.0,False,1855
NGC2976,1070028159053786368,False,213.1565400057101,1143.0888221013959,True,0.47100564269712625,0.4710056426918579,True,1802
NGC2976,1069839730248366080,True,154.06370082371075,682.0742818925041,False,12.0,12.0,False,1198
NGC2976,1069839970766534784,False,140.13871335586612,804.8641476632149,True,0.6055699943292484,0.6055699942970258,True,1342
NGC2976,1069838454642346752,True,132.53103490383546,459.69505775046696,False,12.0,12.0,False,1040
NGC2976,1070027918535617408,False,110.87776715231348,1118.6003309380903,False,12.0,12.0,False,1748
NGC2976,1069840073845749632,True,90.52338926932691,845.1721956960375,False,12.0,12.0,False,1425
NGC2976,1069835194762900224,False,79.86001276868728,222.3568078801685,False,12.0,12.0,False,239
NGC2976,1069835022964594560,True,78.02400519554112,168.40794757726024,False,12.0,12.0,False,239
NGC2976,1069835121747704192,False,71.08540313921901,175.9770227649713,False,12.0,12.0,False,239
NGC2976,1069839695888626944,True,68.73112552052282,656.1515936628846,False,12.0,12.0,False,1230
NGC2976,1069839863391654400,False,60.96087221966229,818.516544055791,False,12.0,12.0,False,1396
NGC2976,1069840108205487744,True,16.437799732656572,915.9734284758468,False,12.0,12.0,False,1504
NGC3198,809410986642590592,True,1154.0616096542246,1030.6097704938434,False,12.0,12.0,False,596
NGC3198,809396658631691264,False,1088.3539189472308,736.8703361120104,False,12.0,12.0,False,471
NGC3198,809414456976144512,True,1079.1378371904902,1475.3482266674412,False,12.0,12.0,False,1018
NGC3198,809396383753784448,False,1047.801006420957,586.097603755081,False,3.0086308738594636,3.0086308739035004,False,399
NGC3198,809411227160737664,True,1009.3741379026967,1270.9806953239176,False,12.0,12.0,False,839
NGC3198,809395176866568576,False,979.3461523252663,252.3410891473934,True,0.3301440812348609,0.3301440812441401,True,104
NGC3198,809395284242157056,True,977.2705045122436,323.661504756231,True,0.9137731257852956,0.9137731257771216,True,168
NGC3198,809398170460178304,False,969.2373758923004,849.1567343262675,False,12.0,12.0,False,582
NGC3198,809398273539393280,True,964.6465020910664,866.618113221879,False,12.0,12.0,False,596
NGC3198,809397792503074432,False,963.9095365982131,620.5057327108634,True,0.2571677405057995,0.2571677405124974,True,426
NGC3198,809411914355504512,True,918.5777427350472,1522.349146383446,False,12.0,12.0,False,1104
NGC3198,809410436886774272,False,861.7271974098717,1044.754832225696,False,12.0,12.0,False,755
NGC3198,809396933509595904,True,757.7326595240813,548.06086748487,True,0.040174134945815065,0.04017413497225222,True,371
NGC3198,809398337962235008,False,752.4644537823469,838.0119971582301,True,0.16337411501884208,0.1633741149943568,True,608
NGC3198,809410574325725952,True,696.5281475086384,1171.4755271601377,False,12.0,12.0,False,1018
NGC3198,809398479697820544,False,634.9523665378324,962.3652976213613,True,0.2697123321120385,0.26971233213122114,True,718
NGC3198,809393188298112768,True,575.674480742056,286.5109369386007,False,12.0,12.0,False,184
NGC3198,809434484406489728,False,563.480370791051,1520.5802286438743,False,12.0,12.0,False,1169
NGC3198,809397380186192512,True,545.9469748000969,679.5658282078059,True,0.27575286701405677,0.2757528670357755,True,463
NGC3198,809420950966711424,False,469.8159332681923,834.3578879486291,True,0.26185428429984037,0.2618542842541564,True,600
NGC3198,809420950966711040,True,434.332434190941,899.8765363214657,True,0.16073882783605825,0.16073882781727228,True,669
NGC3198,809422424138322688,False,408.00450022166353,1333.7611161903421,True,0.31416486728480253,0.31416486731439025,True,1118
NGC3198,809422424140336000,True,404.0267385757543,1330.8659188148933,True,0.20598318872434943,0.20598318870430893,True,1115
NGC3198,809421363283570560,False,395.33067103675046,1132.8275995708389,True,0.17911009027460478,0.1791100902927854,True,978
NGC3198,809422802095446016,True,352.20231346265876,1409.1330829092171,True,0.076320657157127,0.07632065717677516,True,1147
NGC3198,809422222277029248,False,334.6125530344037,1292.1722235998009,True,0.09996766129870291,0.099967661334197,True,1090
NGC3198,809416552920200192,True,294.01877009881446,389.32655386005786,False,12.0,12.0,False,300
NGC3198,809416759078629632,False,282.08022816342697,501.30098927489007,False,12.0,12.0,False,406
NGC3198,809422634593874048,True,247.4746103182665,1419.3764974974865,True,0.2426663555112937,0.24266635554000424,True,1155
NGC3198,809416587279937536,False,223.92545543593047,465.47178310656295,False,12.0,12.0,False,406
NGC3198,809416690359152384,True,191.45592622512004,520.5162780763437,False,12.0,12.0,False,406
NGC3198,809416896517582336,False,159.69132752315147,602.6441322100659,False,12.0,12.0,False,541
NGC3198,809418202187639936,True,123.0567335058372,852.2679230014681,False,12.0,12.0,False,721
NGC3198,809417377553919232,False,98.68153898516852,733.0934981657997,False,12.0,12.0,False,644
NGC3198,809418133468163072,True,76.49238277589325,822.4984263566392,False,12.0,12.0,False,721
NGC3198,809421878679644160,False,61.78117096439689,1369.1904133744017,True,0.23465142427519323,0.23465142423669066,True,1129
NGC3198,809228605151462016,True,56.39725720892159,240.69716220709768,False,12.0,12.0,False,300
NGC3198,809417411913657088,False,47.720464362196026,815.9876365755649,False,12.0,12.0,False,721
NGC3198,809417029660123904,True,39.4486347384119,593.0983190941325,False,12.0,12.0,False,587
NGC3521,3804213445017832192,True,1432.801357345999,1262.5432944398806,False,12.0,12.0,False,1384
NGC3521,3804213028405118464,False,1386.513933441047,1073.4159781160668,False,12.0,12.0,False,1038
NGC3521,3804231101627931008,True,1373.1323565527523,1409.7083300335398,False,12.0,12.0,False,1764
NGC3521,3804208325416809472,False,1363.8260913716967,597.057091700316,False,0.6676518030433767,0.6676518029775862,False,473
NGC3521,3804231277722050560,True,1336.4567962786923,1464.8558993103584,False,12.0,12.0,False,1915
NGC3521,3804212208067248896,False,1301.8980337633466,956.0359546875115,False,12.0,12.0,False,933
NGC3521,3804231896197342336,True,1292.5008825330938,1600.2185610819436,False,12.0,12.0,False,1990
NGC3521,3804232033636297088,False,1226.6836072195506,1665.346173522869,False,12.0,12.0,False,2062
NGC3521,3804219075719070336,True,1209.6908731740814,1221.1848314897343,False,12.0,12.0,False,1479
NGC3521,3804208389840553088,False,1208.9692801651354,579.4680280079764,True,0.19327176435983962,0.19327176434066634,True,452
NGC3521,3804208836517178496,True,1071.2333285002376,759.8866357470715,True,0.1999217125811022,0.19992171251922203,True,665
NGC3521,3804207255969172992,False,1065.6891973784893,432.52980832290916,True,0.16298433803771928,0.16298433802477869,True,303
NGC3521,3804219835929174912,True,1041.2001845526324,1474.1720093700906,False,3.446357457327051,3.44635745734077,False,1990
NGC3521,3804217980503296384,False,1018.1286036584027,1063.4093690996606,True,0.23501570318703652,0.23501570317004497,True,1196
NGC3521,3804207810020736128,True,908.6426829495163,607.1426194117676,True,0.3551667950084423,0.3551667949978524,True,481
NGC3521,3804208767797712256,False,873.5493506475315,802.6670669035934,True,0.2583593733533601,0.25835937331655634,True,721
NGC3521,3804221450836880768,True,862.6836864597808,1614.5769003162986,True,0.35813265567229835,0.3581326557010691,True,2081
NGC3521,3804207913099952000,False,837.7973392682597,681.5355013528784,True,0.2616687087050875,0.2616687087173686,True,571
NGC3521,3804218736417546624,True,831.3917492188344,1302.7201871648858,True,0.3713066328458796,0.3713066327946006,True,1785
NGC3521,3804219698490222592,False,819.2334162297107,1462.3322713178757,True,0.19715668032072414,0.19715668026285785,True,1975
NGC3521,3804218530259116160,True,780.2793860924361,1240.4220142796917,True,0.27026103768130066,0.27026103760906955,True,1668
NGC3521,3804214613248194560,False,720.5550951592779,834.4855002716074,True,3.2493387188360385,3.249338718795252,False,762
NGC3521,3804214613248965760,True,717.1780797409626,832.1150042577949,True,0.1661011362185837,0.16610113616102193,True,762
NGC3521,3804160634099956992,False,646.0341200266329,502.7031139501097,True,0.40045480247301246,0.4004548024552843,True,372
NGC3521,3804215231724229120,True,599.8754500809695,1062.4028980258913,True,0.4051548373917722,0.4051548373939487,True,1192
NGC3521,3804160599740261376,False,566.5906349741683,487.3419402956764,True,0.42647784244409626,0.4264778424246046,True,350
NGC3521,3804213479377568000,True,565.7455694163464,589.6648676805981,True,0.3508673642413821,0.3508673642793976,True,461
NGC3521,3804220523123945856,False,525.1736366155674,1589.055221550199,False,12.0,12.0,False,2045
NGC3521,3804220282605775616,True,518.4464346228124,1447.1176388759081,True,0.28209562339085786,0.2820956233074353,True,1962
NGC3521,3804220209590876800,False,466.2073230979561,1441.8602113879153,True,0.22599174372376246,0.22599174373027184,True,1959
NGC3521,3804166509615219584,True,407.6192218580401,593.650869426573,True,0.3062373436996181,0.30623734371158134,True,463
NGC3521,3804166196081821184,False,382.9349339707312,420.0855773988019,True,0.2629435727985549,0.26294357277262564,True,290
NGC3521,3804159534588371584,True,381.13290549086264,303.1858223224913,False,12.0,12.0,False,165
NGC3521,3804216880991676288,False,356.51007941896955,1262.7896316447057,True,0.11831133163231669,0.1183113316607241,True,1715
NGC3521,3804166612694435456,True,353.9926243210372,642.4699210970648,True,0.275218937355325,0.27521893730561775,True,521
NGC3521,3804216086422041856,False,208.66430487999082,1152.796021497225,True,0.08799804871267237,0.08799804880718472,True,1441
NGC3521,3804214200932080896,True,176.34703754762631,927.1457536540665,True,0.26884882953054245,0.26884882957737477,True,907
NGC3521,3804217735689729408,False,150.0692197172835,1545.1484926448015,False,12.0,12.0,False,1911
NGC3521,3804166853212646144,True,146.88558926198607,732.343831229681,False,12.0,12.0,False,696
NGC3521,3804167196810030592,False,123.33634875767916,849.8317102268148,False,12.0,12.0,False,899
NGC4214,4029544811098595584,True,1071.7331713785745,974.4988421564695,False,12.0,12.0,False,1122
NGC4214,4029533407960289920,False,747.5775213519286,733.4056623200543,False,12.0,12.0,False,1141
NGC4214,4029533407960239744,True,719.6170354985165,699.3655853347325,False,12.0,12.0,False,1172
NGC4214,4029545743106365312,False,703.3732315833738,977.3191269942715,False,12.0,12.0,False,1973
NGC4214,4029533854636848384,True,465.49243996710186,938.5443273174818,False,3.736183218767585,3.7361832187826147,False,2178
NGC4214,4029533785917371008,False,389.908046824377,880.8856191638556,True,0.47175636379287245,0.47175636378457275,True,2090
NGC4214,4029533815982254208,True,361.32374533644185,911.1531488377323,True,0.21664378360342137,0.2166437835900364,True,2144
NGC4214,4029528803755296256,False,324.5251991783241,204.72354572425837,False,12.0,12.0,False,136
NGC4214,4029529319151373312,True,224.6566201393244,388.72555496434825,False,12.0,12.0,False,374
NGC4214,4029538665000220416,False,208.4736412064843,817.367516568793,True,0.40123700686838853,0.40123700687841213,True,1966
NGC4214,4029528421502903296,True,114.04674176407707,210.31543647330085,False,12.0,12.0,False,374
NGC4214,4029528421502904320,False,113.40452248064636,228.8606089126368,False,12.0,12.0,False,374
NGC4214,4029529387870852608,True,79.92444583003336,461.92096535861515,False,12.0,12.0,False,633
NGC4214,4029535572623765632,False,69.66524578818496,675.9905340033566,True,0.4003584048961523,0.40035840497020364,True,1332
NGC4214,4029528425798174976,True,66.97999813992425,195.4712220503814,False,12.0,12.0,False,374
NGC4214,4029535606983505920,False,50.831101626249506,746.3043803487255,False,12.0,12.0,False,1644
NGC4214,4029528215344470528,True,21.13016695406634,171.0302263526787,False,12.0,12.0,False,374
NGC5055,1525846990865071360,True,1830.9868274296357,1245.771413052407,True,0.9959761618203365,0.9959761618682061,True,2374
NGC5055,1525821392860006016,False,1820.821209717983,605.4187300824613,True,0.2387492722376764,0.2387492722303704,True,558
NGC5055,1525821392860005376,True,1788.9442879576584,530.3075696992639,True,0.2907947191776306,0.29079471914007926,True,452
NGC5055,1525846406749518464,False,1777.4162965963524,1145.26231404881,True,0.24311048657146975,0.243110486561732,True,1762
NGC5055,1525848811931207424,True,1746.6437668557617,1717.1739642510647,False,12.0,12.0,False,3215
NGC5055,1525846956505334144,False,1747.231261944055,1423.753262404991,False,0.32612230235811246,0.3261223023238518,False,2901
NGC5055,1525821938319709312,True,1740.757263921846,816.4784993352935,True,0.3277335672097982,0.32773356720957697,True,986
NGC5055,1525846715987756416,False,1699.7999465046705,1163.030450646956,True,0.17402516913803578,0.17402516916601493,True,1875
NGC5055,1525846715987756544,True,1694.7072425397946,1163.981826321371,True,0.19096728104996682,0.19096728108408786,True,1885
NGC5055,1525848399614345984,False,1642.1217279626815,1455.7341436430186,True,0.1464300095428799,0.1464300095430128,True,2964
NGC5055,1525848365254607488,True,1637.6664484344697,1386.483317945648,True,0.23564491886397998,0.2356449188156293,True,2836
NGC5055,1525846131871613184,False,1634.0095959403961,1345.040875357341,True,0.057365690850445496,0.057365690828994106,True,2743
NGC5055,1525845135439219072,True,1633.108567516266,787.8674881708503,True,0.4616342103757788,0.4616342103657073,True,914
NGC5055,1525845856993727104,False,1482.8154586668427,1172.910888023746,True,0.16669467692525447,0.1666946768860271,True,1929
NGC5055,1525818364906894208,True,1381.5825970941244,432.8108651116695,True,0.5127430540048957,0.512743054002347,True,315
NGC5055,1525854309489348352,False,1341.822690934679,1961.818506658793,False,12.0,12.0,False,3662
NGC5055,1525841871264073856,True,1339.5229306417402,557.8917618025803,True,0.5512467283898538,0.5512467284205661,True,486
NGC5055,1525847849858575872,False,1304.282890102093,1432.7521737550921,True,0.09663740840614661,0.0966374083639883,True,2917
NGC5055,1525844997998653056,True,1279.9851784917128,1512.5731880488033,True,1.7675110581607427,1.7675110581801976,False,3070
NGC5055,1525841562026429312,False,1184.6028201005506,619.9242411697926,True,0.30565223530168645,0.30565223528463864,True,584
NGC5055,1525840771752496512,True,1105.4453246216406,313.7059571654206,False,1.527958409220209,1.527958409254927,False,163
NGC5055,1525841321508312064,False,1019.3518573440742,557.9857523234054,True,0.2101414772194651,0.21014147724355633,True,487
NGC5055,1525850598637645952,True,1003.529150497117,1438.9544902396117,True,0.1685445048076534,0.16854450480642771,True,2930
NGC5055,1525852866380382208,False,970.2377476500789,2042.9363766763854,True,0.10039024292918677,0.1003902429518864,True,3781
NGC5055,1525843516235294976,True,891.3627002663401,1076.7895509348575,True,1.0339837387308761,1.0339837387813882,True,1534
NGC5055,1525850426838956544,False,819.7384378773296,1633.280890045322,True,0.42566642071954686,0.42566642072291994,True,3271
NGC5055,1525850323759741056,True,805.1339722770429,1575.9791787623049,True,0.11296349299909088,0.11296349296815768,True,3184
NGC5055,1525850083241571840,False,770.340867070307,1462.6017550300537,True,0.18142092010723646,0.18142092011228445,True,2979
NGC5055,1525795653119320832,True,726.5571314639369,481.7988327264618,False,12.0,12.0,False,574
NGC5055,1525796207171837568,False,693.71910037709,772.5604670288051,False,1.308901217197246,1.3089012171374532,False,878
NGC5055,1525850151961049472,True,692.7808943642815,1524.006417109516,True,0.15988146821190047,0.1598814682493323,True,3086
NGC5055,1525794106931088384,False,684.1528900100154,383.31226545181926,False,12.0,12.0,False,498
NGC5055,1525851904307708544,True,672.4697537609932,1912.3143718302126,True,0.07475213952282243,0.07475213953711056,True,3630
NGC5055,1525850186320788224,False,645.007373301653,1596.5908291115857,True,0.6666387863167009,0.6666387863288907,True,3222
NGC5055,1525803079119484288,True,639.192438526406,1371.0641291326647,True,0.05645454923303249,0.05645454923462792,True,2800
NGC5055,1525803216559035648,False,637.1660409654104,1484.8743974949684,True,0.534337076138572,0.5343370761320402,True,3022
NGC5055,1525803109184533376,True,623.4943909886238,1427.7443437228014,True,2.7071020733528837,2.70710207336249,False,2915
NGC5055,1525803113479820416,False,621.6037168421084,1430.940184050863,True,0.22954392508846758,0.2295439250466574,True,2915
NGC5055,1525802632442884992,True,615.884478438527,1218.5216239454717,True,0.2057613616903489,0.20576136169583972,True,2219
NGC5055,1525802632442884480,False,611.9880629899369,1197.0129901312362,True,0.4953118495425014,0.4953118495182009,True,2072
NGC5055,1525803010400604928,True,579.1448414372953,1282.121945402116,True,0.42271636279700864,0.42271636279837477,True,2565
NGC5055,1525803010400037504,False,578.6422623768958,1240.4347628744583,True,0.3952720679500887,0.3952720679302858,True,2353
NGC5055,1525802391924746496,True,575.3361099417323,1154.8279954186291,True,0.3143592840753506,0.3143592840486985,True,1811
NGC5055,1525795519977071360,False,538.7877993042881,775.8878583009903,False,12.0,12.0,False,1158
NGC5055,1525804797106404992,True,514.2718981214908,1646.3778183143868,True,0.2652020269615495,0.2652020269879301,True,3293
NGC5055,1525802323205269504,False,483.54026168004896,1060.268342153627,True,0.28830246765001954,0.2883024676146338,True,1510
NGC5055,1525804487868759168,True,437.259857274889,1512.7195575273086,True,0.20497963582066137,0.2049796359210454,True,3066
NGC5055,1525805003264835840,False,419.7940219942067,1709.3817890115106,True,0.3148271936447753,0.3148271936427362,True,3377
NGC5055,1525802013967625344,True,403.0240497184335,1210.9209955102078,True,0.12363906786461404,0.12363906786815038,True,2161
NGC5055,1525801395492333056,False,376.10065270962605,865.798422089281,False,12.0,12.0,False,1332
NGC5055,1525795245099744896,True,356.87351889177046,637.9707367252558,False,12.0,12.0,False,1158
NGC5055,1525802082687102208,False,325.03719824121663,1266.0674783008,True,0.12398974240983546,0.12398974241062982,True,2499
NGC5055,1525801223693641344,True,280.39219812984743,812.9888008300236,False,12.0,12.0,False,1332
NGC5055,1525803560155852672,False,274.46777730663655,1277.529697373795,False,12.0,12.0,False,2662
NGC5055,1525801636010502528,True,232.6054893190618,957.2887462799312,False,12.0,12.0,False,1690
NGC5055,1525801670370241024,False,229.7433033987155,1015.497026375542,False,12.0,12.0,False,1702
NGC6946,2194511379528726656,True,1976.9239106751706,1176.377857239182,False,12.0,12.0,False,4350
NGC6946,2194511791845726336,False,1941.3735266695344,1345.463000835488,False,12.0,12.0,False,4938
NGC6946,2194512685198922880,True,1874.3657125151658,1493.4441346979477,True,0.46925890192959285,0.4692589019061503,True,5617
NGC6946,2194511482607943808,False,1872.9816633382877,1154.0792968976648,False,12.0,12.0,False,3855
NGC6946,2194514197027408640,True,1855.444708151792,1628.5169375073585,True,0.35001041846657804,0.35001041835618446,True,6136
NGC6946,2194514162667673088,False,1851.3073971262993,1520.0201908934105,True,0.5014575351483865,0.5014575351620644,True,5727
NGC6946,2194514197028385920,True,1834.6627959243733,1660.6725313381312,True,0.26887368177759424,0.26887368174104465,True,6251
NGC6946,2194514197027528704,False,1825.4536180400855,1660.1058242650968,True,0.3625825125077394,0.3625825124722712,True,6246
NGC6946,2194511413888468096,True,1818.3664420902683,1134.879468748733,False,12.0,12.0,False,3855
NGC6946,2194513406753430016,False,1803.0681969665377,1509.1653388807167,True,0.375872572838934,0.37587257282347236,True,5681
NGC6946,2194511620047037952,True,1784.401749576019,1303.952505412954,True,0.4573790011694271,0.4573790011238048,True,4430
NGC6946,2194499662857948672,False,1780.4186018376654,1058.322298216805,False,12.0,12.0,False,3485
NGC6946,2194499662857948032,True,1776.0689121201053,1078.7674642238746,False,12.0,12.0,False,3485
NGC6946,2194514781143078912,False,1761.3350720945498,1851.2479628875644,True,0.561675280254579,0.5616752801773329,True,7045
NGC6946,2194511620047038464,True,1755.8067117170517,1270.4421291524227,True,0.6561453277541983,0.6561453277348662,True,4222
NGC6946,2194514781143079168,False,1749.0420508407824,1856.8501859653034,True,0.09097222452287608,0.09097222449180037,True,7060
NGC6946,2194513544192503936,True,1712.6072712967239,1616.2826113468693,True,0.2295844066280161,0.22958440663004112,True,6095
NGC6946,2194513578552241024,False,1701.4577132546824,1660.2339117765098,True,0.43793949204412397,0.4379394920220206,True,6250
NGC6946,2194498906944766080,True,1704.1358298762393,781.2070853501581,False,12.0,12.0,False,2559
NGC6946,2194513578552240768,False,1684.75592035058,1697.0771004550925,True,0.28311680711767806,0.28311680708560716,True,6395
NGC6946,2194499628498213376,True,1678.7673535197068,1025.9935015103324,False,12.0,12.0,False,3213
NGC6946,2194499010022925056,False,1678.900104895809,867.6109065441988,False,12.0,12.0,False,2649
NGC6946,2194498082309995008,True,1616.9911746440357,635.0170610862434,False,12.0,12.0,False,1654
NGC6946,2194513990869101696,False,1610.0310359258688,1770.4899625684618,True,0.3315009343160372,0.3315009343264154,True,6709
NGC6946,2194499319260573184,True,1597.8637741802684,858.610583218592,False,12.0,12.0,False,2559
NGC6946,2194497768772626176,False,1562.1917987135973,521.4497985990732,False,12.0,12.0,False,1325
NGC6946,2194499456699666432,True,1556.727992232144,1021.7853116747907,True,0.9229025757067139,0.9229025756888126,True,2987
NGC6946,2194499559778877952,False,1551.060259147675,1131.699063743171,True,0.5091471994058344,0.5091471994180962,True,3450
NGC6946,2194498597706067712,True,1543.338923070195,910.7008073682338,False,12.0,12.0,False,2559
NGC6946,2194498116669733632,False,1543.8433518637214,710.6690585317763,False,12.0,12.0,False,1928
NGC6946,2194514128308105344,True,1530.652891683315,1910.6956496203716,True,0.7633418877405744,0.7633418877370065,True,7279
NGC6946,2194513647271724800,False,1498.9177586670166,1589.634146138554,True,0.281955383691632,0.28195538362642464,True,5997
NGC6946,2194607999112275840,True,1480.0730410643428,1983.5607523493277,True,0.6086136046441032,0.6086136045934264,True,7540
NGC6946,2194607999112275712,False,1475.6956535706101,1990.2875263961243,True,0.23898382924898198,0.23898382924709305,True,7566
NGC6946,2194494852494593920,True,1476.5178958937156,511.66834016779023,False,12.0,12.0,False,1222
NGC6946,2194607999112275968,False,1462.8248288961418,2004.1370826484176,True,0.6058518915316208,0.6058518914472514,True,7619
NGC6946,2194501415204871680,True,1461.1959906218278,1372.1551633567453,True,0.42142483395127905,0.4214248339490559,True,4898
NGC6946,2194607689874633216,False,1451.7053251843367,1847.9866496304448,True,0.3260990965206945,0.32609909645296903,True,7025
NGC6946,2194501174686581888,True,1434.4408600284019,1255.33448307544,True,0.23409934171802915,0.2340993416955237,True,4140
NGC6946,2194498666425689344,False,1427.598511035636,909.3509986563583,True,0.28280133202272073,0.2828013319549007,True,2421
NGC6946,2194498322828165632,True,1426.0961754461316,767.1963085122677,True,0.7626011348641627,0.7626011348959785,True,1899
NGC6946,2194498662132904448,False,1420.2586929277852,948.2342945126027,True,0.38702284427010314,0.3870228442314243,True,2582
NGC6946,2194500212613913472,True,1410.2658546262173,1067.8649807362733,True,0.42770809754800687,0.42770809749702404,True,3191
NGC6946,2194498460267260416,False,1390.3784776972377,897.6742057072199,True,0.5258845676031207,0.5258845675967718,True,2369
NGC6946,2194495299171192320,True,1371.8414853798374,649.6568906051527,True,0.6896959569728391,0.6896959570191725,True,1535
NGC6946,2194501621363303296,False,1366.7292388424103,1435.5926311167043,True,0.4156953283758863,0.41569532840139567,True,5322
NGC6946,2194502033680159232,True,1357.6764404114715,1654.732662722143,True,0.4192340024651703,0.4192340024107456,True,6223
NGC6946,2194501930600946944,False,1329.908739692415,1540.570713140415,True,0.23904738427933325,0.23904738427760608,True,5810
NGC6946,2194500178254177664,True,1320.7103152652812,1030.163008288853,True,0.16086362611495578,0.16086362610854224,True,3024
NGC6946,2194498391547787648,False,1317.781639527731,812.5137504878663,True,0.42151299667803055,0.42151299668910047,True,2051
NGC6946,2194499972096681472,True,1311.2468759848311,963.7555141750959,True,0.7025144560756713,0.702514456074389,True,2678
NGC6946,2194501518284091008,False,1307.3899111390765,1311.0569783948913,True,0.16449394723182761,0.16449394723741234,True,4474
NGC6946,2194494611976431616,True,1292.148695818176,411.4352436548579,True,0.356381475004438,0.3563814749693888,True,768
NGC6946,2194501552643828096,False,1285.995650688892,1410.1686407794407,True,0.04548189781231221,0.04548189783698451,True,5126
NGC6946,2194499869016538496,True,1279.5933888972252,827.6449902174217,True,0.4188936626253038,0.41889366265071526,True,2099
NGC6946,2194495436610146688,False,1277.0950136655429,725.2594114637167,True,0.6948699603606214,0.6948699603768588,True,1781
NGC6946,2194495024293291392,True,1245.2087667580142,490.0268612782195,True,0.22659119909191003,0.22659119910842307,True,1031
NGC6946,2194595595246737408,False,1207.7535367823814,1600.521394115036,True,0.275431491810426,0.275431491814274,True,6036
NGC6946,2194596041923330944,True,1201.5178803456838,1904.2225074368748,True,0.324151502927565,0.32415150288154737,True,7251
NGC6946,2194500040815227776,False,1196.3873937818441,1066.5609232385004,True,0.20826502603799196,0.20826502608900943,True,3179
NGC6946,2194500831089324928,True,1185.4856832600792,1369.7138331354445,True,0.2839657498291456,0.2839657498205084,True,4885
NGC6946,2194494165299835776,False,1184.7214873632493,397.71409324329943,True,0.47711290478634155,0.4771129048694535,True,729
NGC6946,2194596351155898496,True,1171.8033925742357,1908.786383424599,True,0.21844367371172793,0.21844367366471837,True,7272
NGC6946,2194495093012769152,False,1143.9705593365018,583.5313757374105,True,0.545243095606434,0.5452430956298253,True,1310
NGC6946,2194500418772468224,True,1141.4025584406097,1146.204716993606,True,0.18838047575327674,0.18838047577150244,True,3534
NGC6946,2194496982799446528,False,1139.930269631648,878.406793160217,True,1.7413315181757492,1.7413315181923879,False,2311
NGC6946,2194496639197870848,True,1139.0380829116307,660.9441288432844,True,0.10867221579589499,0.10867221580489742,True,1567
NGC6946,2194596351160978304,False,1136.0963074951965,1917.8073817132326,True,0.08664935411856678,0.08664935402615716,True,7310
NGC6946,2194494302738787712,True,1132.4802322639168,524.9823602038892,True,0.20658723289933012,0.20658723297482715,True,1130
NGC6946,2194500453132207360,False,1116.9846013813774,1142.2058613352945,True,0.6633899394180152,0.6633899394360818,True,3510
NGC6946,2194494130940098560,True,1111.8359316546168,402.9565626530648,True,0.4940168327480108,0.4940168328204039,True,746
NGC6946,2194500624930897536,False,1102.135864490196,1266.926788338612,True,0.11227401358710781,0.11227401363280605,True,4196
NGC6946,2194496982798520320,True,1097.8681061872321,885.2516723889626,True,0.35703396607243026,0.3570339660560745,True,2333
NGC6946,2194496570481665280,False,1095.0802308269253,637.6198742567539,True,0.3382455945174921,0.338245594502973,True,1489
NGC6946,2194494126642338304,True,1092.6807134342985,339.15899293592395,True,0.5903280533796645,0.5903280533998783,True,565
NGC6946,2194596591679276928,False,1088.4436220215614,2105.7463260598784,True,0.9787050868916163,0.9787050868694316,True,7896
NGC6946,2194496604841402752,True,1067.8983430872313,704.1013885739823,True,0.05692131033502006,0.05692131032196653,True,1711
NGC6946,2194496707920616832,False,1059.1643534988436,762.5659025453166,True,0.3371152828088032,0.33711528283110836,True,1885
NGC6946,2194598103507764480,True,1023.6768367670193,2216.9943888618986,False,12.0,12.0,False,8137
NGC6946,2194495745847802496,False,1008.2332006502459,503.9564779878899,True,0.19799271911897515,0.1979927191974075,True,1070
NGC6946,2194594873694038656,True,990.5364432663906,1618.4089710565768,True,0.30567568297072795,0.3056756829453501,True,6100
NGC6946,2194497566914186496,False,976.6096650683255,1156.3935458733345,True,0.32594122991230995,0.3259412299261312,True,3587
NGC6946,2194596316801373312,True,975.8960439890893,2026.3700133801262,True,0.7248050114953264,0.7248050114966735,True,7687
NGC6946,2194496742280356992,False,971.4172731097611,799.0614583620905,True,0.35922315141313377,0.35922315136728866,True,2007
NGC6946,2194594663234620544,True,970.7046341550683,1568.1814722961358,True,0.1314558523797933,0.13145585235407947,True,5906
NGC6946,2194496742280356736,False,969.0212138328675,819.2943419264191,True,0.15853376608255448,0.15853376611844636,True,2075
NGC6946,2194598206586980352,True,966.1928574189217,2246.765485672558,False,12.0,12.0,False,8137
NGC6946,2194495539689520384,False,964.5318311706062,509.6730755617169,True,0.42022374159966125,0.4202237416685202,True,1082
NGC6946,2194495986366113664,True,959.69817835173,781.9035596641068,True,0.42060089692175856,0.42060089692462077,True,1942
NGC6946,2194497566914186240,False,955.5328628021852,1192.229699391602,True,0.31074255626297587,0.3107425563356257,True,3769
NGC6946,2194495986366114432,True,947.9417135833751,757.5557278139465,True,0.19793019937070236,0.1979301993692608,True,1873
NGC6946,2194595286009097344,False,926.3028064766604,1723.1951179575783,True,0.3182982642242701,0.3182982641871418,True,6505
NGC6946,2194595492167659648,True,903.8893072703536,1877.0147811808542,True,0.48497860362450396,0.4849786036353118,True,7133
NGC6946,2194495574049261440,False,893.4350072091479,520.7879135130527,True,0.35338110076026585,0.35338110082612223,True,1120
NGC6946,2194597828629861888,True,892.16267880287,2131.0478485224794,False,12.0,12.0,False,7869
NGC6946,2194495917646639360,False,890.6107319403875,731.3293845995137,True,0.4977011604017411,0.4977011604552779,True,1803
NGC6946,2194496398682974208,True,888.6928284348201,862.0544299498385,True,0.1812103239041628,0.1812103238293462,True,2240
NGC6946,2194495608409916544,False,848.0277640293875,558.2727410188793,True,0.1689247358476376,0.16892473595765187,True,1247
NGC6946,2194597862989601664,True,832.8127162918172,2130.9314553908102,False,12.0,12.0,False,7711
NGC6946,2194496089445334144,False,806.9288910521316,708.9742917840866,True,0.0980207063066309,0.09802070629581096,True,1727
NGC6946,2194592021833960832,True,805.4719269085632,1453.5174548251907,True,1.5311203702794633,1.5311203703002927,False,5437
NGC6946,2194496020725860096,False,775.1589572156681,677.274752914671,True,1.1175309213055424,1.1175309213532116,True,1624
NGC6946,2194496226884395392,True,766.8245930798876,804.826258480351,True,0.11100259193691227,0.11100259188746361,True,2026
NGC6946,2194597141435100800,False,755.0279336940307,2084.3275938140578,False,12.0,12.0,False,7790
NGC6946,2194590406926152320,True,737.2128241620462,1125.101555203852,True,0.6158449074838237,0.6158449074809276,True,3422
NGC6946,2194597519392345984,False,735.3677724889199,2197.691440429889,False,12.0,12.0,False,7823
NGC6946,2194449012303881728,True,701.7461578478528,550.7163842734323,True,0.14633773338195014,0.14633773337564618,True,1225
NGC6946,2194596626039034752,False,700.6157668457324,1782.4718147010108,True,0.3063655608231223,0.3063655608736949,True,6759
NGC6946,2194591300279460608,True,697.6013768395103,1280.816401145005,True,0.12904838150122508,0.12904838148676603,True,4283
NGC6946,2194449050963618432,False,670.505234340945,598.8142054604606,True,0.31786118756385434,0.3178611876239294,True,1360
NGC6946,2194591712598112512,True,639.8614562050452,1429.3394048460177,True,0.35602290001385606,0.3560229000336114,True,5282
NGC6946,2194590922322341120,False,632.036046773692,1274.2735191790161,True,0.39753778547845214,0.3975377854802076,True,4248
NGC6946,2194590887962604672,True,561.0537611091489,1283.3197225354859,True,0.18497024598950143,0.18497024599394704,True,4300
NGC6946,2194593842900228352,False,549.8077122855177,1922.8860012672444,False,12.0,12.0,False,7294
NGC6946,2194448982244142848,True,525.4984675668998,632.4364226050941,True,0.46862200236664003,0.46862200243662583,True,1471
NGC6946,2194592571589780864,False,514.227194019202,1498.669385890134,True,0.2512992438662267,0.2512992438503912,True,5631
NGC6946,2194543231005381504,True,508.13576386628847,893.1947987875767,True,0.49490232374079113,0.4949023237754893,True,2360
NGC6946,2194594216562522624,False,499.07504078375564,1956.1126430327758,False,12.0,12.0,False,7294
NGC6946,2194593568022326400,True,495.58561513747225,1780.7436533742712,False,12.0,12.0,False,6727
NGC6946,2194591025401557504,False,491.89607894700396,1391.6709088121129,True,0.523520797706208,0.5235207976814159,True,5017
NGC6946,2194594152137875328,True,490.68925060364484,1913.8543468896917,False,12.0,12.0,False,7011
NGC6946,2194593361863900800,False,488.43211636482727,1613.7908862570475,False,3.8477794479204634,3.8477794478998613,False,6088
NGC6946,2194593568022327296,True,464.06863853641573,1803.9867957793836,False,12.0,12.0,False,6727
NGC6946,2194592502870446976,False,426.2935406791272,1443.4085551524608,True,0.7761973835899648,0.7761973835962956,True,5359
NGC6946,2194448157610422912,True,417.41657596658047,557.9042843184668,True,0.2578762454613306,0.25787624554468047,True,1244
NGC6946,2194592537230183680,False,411.9043148069371,1529.3094503625694,False,12.0,12.0,False,5670
NGC6946,2194593980340877184,True,399.6197783689893,1866.6924916386783,False,12.0,12.0,False,6819
NGC6946,2194593980339308416,False,397.2494898829667,1885.5331309141525,False,12.0,12.0,False,6819
NGC6946,2194542028414545536,True,372.69783974427264,677.4511871647176,True,0.2740935621808759,0.2740935621665691,True,1618
NGC6946,2194543299724862720,False,322.006460551803,887.9052321550008,True,0.25324104942660164,0.253241049480407,True,2341
NGC6946,2194593155705471360,True,317.6065242779464,1781.2189807155062,False,12.0,12.0,False,6323
NGC6946,2194543712041838592,False,314.22800276888984,1074.4660372613473,True,0.2614173233452548,0.26141732334828266,True,3208
NGC6946,2194592674669138304,True,314.29835549124937,1624.9262922038818,False,12.0,12.0,False,5581
NGC6946,2194543746401574912,False,300.2086732228464,1165.384502909191,False,0.6844177361260065,0.6844177361272333,False,3635
NGC6946,2194543712041839104,True,285.9749755121924,1098.9966962915719,True,0.6279369637939626,0.627936963856098,True,3306
NGC6946,2194543402804197888,False,277.6348255485715,987.488180602997,True,3.802086190532988,3.8020861906089825,False,2787
NGC6946,2194542097134024448,True,253.85220048570852,737.0127742959176,True,0.07152367932196826,0.07152367932004877,True,1817
NGC6946,2194543432864717696,False,239.67648916223482,1011.67474749524,False,0.6395319782490496,0.6395319782972886,False,2937
NGC6946,2194593190065334016,True,230.43906357448964,1765.7402137073807,False,12.0,12.0,False,6227
NGC6946,2194592777748356608,False,218.1975733655587,1582.1206988182885,False,12.0,12.0,False,5435
NGC6946,2194543540243150720,True,212.52194515858616,1088.8649761197908,False,12.0,12.0,False,3186
NGC6946,2194592846467833216,False,208.89574142007416,1606.904966148104,False,12.0,12.0,False,5435
NGC6946,2194543437163939328,True,195.49841775535072,985.5085908337261,False,12.0,12.0,False,2709
NGC6946,2194545017711899392,False,175.1834249115533,1177.7824892253243,False,12.0,12.0,False,3810
NGC6946,2194545395669151872,True,147.40942940100024,1377.5584606325783,False,12.0,12.0,False,4469
NGC6946,2194544193078183808,False,124.55035011714631,1064.30157534964,False,12.0,12.0,False,2982
NGC6946,2194545155150986240,True,96.28077497631216,1273.0687472991701,False,12.0,12.0,False,3996
NGC7331,1903147807551146624,True,1438.255611237007,778.6158825262268,False,12.0,12.0,False,1601
NGC7331,1903147738831670656,False,1436.8900404030892,758.0828474193236,False,12.0,12.0,False,1417
NGC7331,1903147494018057600,True,1402.2563541654217,598.2901178461715,False,12.0,12.0,False,1185
NGC7331,1903147498313508224,False,1399.3308594975233,598.2806182047048,False,12.0,12.0,False,1185
NGC7331,1903906161337080320,True,1392.620903118429,1496.5406213136835,True,0.24514220671882053,0.24514220669958725,True,3230
NGC7331,1903144096699416064,False,1394.1096000722732,445.56500132320514,False,12.0,12.0,False,846
NGC7331,1903155091815665280,True,1377.3735249969177,1323.7559432730384,True,0.29275144236455125,0.29275144249740237,True,2830
NGC7331,1903147876270622080,False,1327.8722851675543,861.5790768769994,False,12.0,12.0,False,1601
NGC7331,1903906294482285568,True,1326.0006479198794,1602.3520255924102,False,10.479669135388077,10.479669135416215,False,3428
NGC7331,1903906539294195968,False,1321.6066666998336,1741.6450760641599,False,12.0,12.0,False,3447
NGC7331,1903144027979942272,True,1321.5676093146749,399.88904434988774,False,12.0,12.0,False,684
NGC7331,1903155401053312512,False,1294.776428838829,1304.0387290593103,True,0.15441597902942097,0.1544159790251047,True,2762
NGC7331,1903155504132525568,True,1291.9561716035448,1382.5203099079424,True,0.5503000687123352,0.550300068817825,True,2990
NGC7331,1903144440296800512,False,1247.0300218782947,507.7856286722488,False,12.0,12.0,False,846
NGC7331,1903153957944309760,True,1241.7036647310479,1019.5975528710054,True,0.42005124374027264,0.42005124373969266,True,1944
NGC7331,1903153889224835072,False,1221.945894744378,975.4336528181918,True,0.3303766442192742,0.3303766442123196,True,1825
NGC7331,1903907844964256000,True,1210.9414065425726,1744.3297924177978,False,12.0,12.0,False,3509
NGC7331,1903153579987192192,False,1203.7463828069162,908.7565646596343,True,0.03522766060376177,0.03522766054790759,True,1683
NGC7331,1903155126175409408,True,1190.5241701382197,1212.6668898239493,True,0.35827895293860534,0.3582789529812589,True,2498
NGC7331,1903907776244951424,False,1182.0244487684588,1729.4767298237668,False,12.0,12.0,False,3557
NGC7331,1903153889224834432,True,1177.531091430614,1012.9589117872154,True,0.1354262566412713,0.13542625652840282,True,1930
NGC7331,1903155160535147392,False,1176.9976943907109,1243.2752710496684,True,0.20791368048037778,0.20791368053720688,True,2595
NGC7331,1903907948043643136,True,1154.10058133271,1768.2635261246762,False,12.0,12.0,False,3561
NGC7331,1903144165418899456,False,1136.6481359307256,382.45399708305024,False,12.0,12.0,False,528
NGC7331,1903153923584571904,True,1130.1106704510437,1068.6270802725433,True,0.39776821421193265,0.39776821424598163,True,2083
NGC7331,1903144371577505408,False,1113.9133454911803,595.262025617975,True,0.17426029654837327,0.17426029661017897,True,997
NGC7331,1903157153400142848,True,1112.8721648684689,1632.4250304251482,True,0.5493869494130293,0.5493869494746256,True,3497
NGC7331,1903155366693573888,False,1104.1764818350966,1417.6884116736835,True,0.21811385607753564,0.2181138561272687,True,3077
NGC7331,1903143512583869824,True,1091.4213898069843,419.80056362672315,True,0.2831505902143535,0.2831505902368425,True,603
NGC7331,1903153648706669696,False,1077.0382342864386,956.5856873319099,True,0.30360681243350446,0.303606812451613,True,1783
NGC7331,1903157084680669696,True,1076.015247465762,1563.5768961938252,True,0.25303527533152487,0.2530352754010064,True,3376
NGC7331,1903153648706670720,False,1070.8582042416494,938.7121807245894,True,0.15529710035850597,0.15529710042135142,True,1749
NGC7331,1903143512583871104,True,1049.9203860178923,422.7762574807955,True,0.3801663376540457,0.38016633765957997,True,608
NGC7331,1903150281452323200,False,1030.9240980390969,621.7186040793865,True,0.45365701189868024,0.45365701204302533,True,1071
NGC7331,1903154438980643840,True,1017.3024790442275,1222.6044321508007,True,0.3823305382807666,0.3823305383580835,True,2532
NGC7331,1903157187759881472,False,1015.7469244467011,1683.804164193814,True,0.5200819305529921,0.5200819305822595,True,3587
NGC7331,1903150281452322432,True,1011.7778873533109,650.2286068163255,True,0.4368637705691382,0.4368637706310031,True,1135
NGC7331,1903143237705970176,False,985.2688585763472,249.2921976422433,True,0.39028147068826036,0.39028147080644116,True,250
NGC7331,1903156019528787968,True,984.8833312775945,1379.9865042996407,True,0.4213014984436205,0.4213014984893579,True,2985
NGC7331,1903150418891271936,False,976.1329778311539,769.146562114873,True,0.15658223273582944,0.15658223275713634,True,1385
NGC7331,1903156053886297856,True,934.6194848471682,1436.2855082477386,True,1.1891483932288205,1.1891483932145048,True,3113
NGC7331,1903154198462480640,False,876.8597616303123,1140.2943094110922,True,0.22182738495585175,0.22182738498984703,True,2288
NGC7331,1903149078861491456,True,857.4613221273277,367.4357094038073,True,0.37521685271264443,0.37521685277041245,True,495
NGC7331,1903149078861492480,False,854.7139737753902,327.09998787069776,True,0.4517932442893549,0.4517932443385918,True,416
NGC7331,1903149078861492864,True,834.9150315921464,321.9918081962368,True,0.11720149116577536,0.11720149120837008,True,401
NGC7331,1903149972214679296,False,813.3000070160901,700.7834055246883,True,0.3046032237447958,0.3046032237437649,True,1243
NGC7331,1903150762488658176,True,807.6667721353975,793.6940079639195,True,0.33575974208827397,0.3357597421165856,True,1424
NGC7331,1903149903495332480,False,794.4193743033914,678.6960098590964,True,0.31916104502864295,0.31916104502117737,True,1207
NGC7331,1903156603644335616,True,784.4622145429312,1628.7583541444903,True,0.3334393114750543,0.3334393114443901,True,3490
NGC7331,1903152652274440448,False,773.2035475568193,1111.5362437040844,True,0.2527778773689239,0.2527778774827349,True,2197
NGC7331,1903149319379656320,True,765.833821334553,545.2641309776885,True,0.4410849578924816,0.4410849578907767,True,882
NGC7331,1903152858432863744,False,746.746106374363,1290.9341478500235,True,0.5248157002884783,0.5248157003116647,True,2722
NGC7331,1903137465269925376,True,707.2251404121275,385.3725630590644,True,0.28415860928476927,0.2841586093377889,True,530
NGC7331,1903156328766434432,False,684.6171865651329,1501.4033784296157,True,0.4076338498346213,0.40763384986430207,True,3241
NGC7331,1903137396548090880,True,673.1468844874012,311.27433729803136,True,1.5817933269309512,1.5817933269837132,False,373
NGC7331,1903149662977039360,False,667.2584745503771,620.8492543198959,True,0.24560002665040284,0.2456000266983316,True,1068
NGC7331,1903150075294073344,True,653.0723305049316,864.6870847225712,True,0.2531944412510565,0.253194441247243,True,1588
NGC7331,1903152583554963072,False,652.709718361322,1187.6717614336783,True,0.45665559301765407,0.4566555930450416,True,2424
NGC7331,1903152411756276736,True,645.6456269090073,1044.7260427571023,True,0.4306805547325199,0.43068055488648854,True,2013
NGC7331,1903149662977040128,False,625.805842343074,620.5673753430144,True,0.48974374810747767,0.4897437481821942,True,1067
NGC7331,1903156466205385728,True,596.7456595042249,1614.325191884483,True,0.41405838726718375,0.41405838740365125,True,3471
NGC7331,1903137808867307904,False,585.5744947920859,466.85287224015576,True,0.3512360372078041,0.351236037225023,True,709
NGC7331,1903151655842034560,True,582.2141585374877,1018.8679655605928,True,0.447199278232946,0.4471992782487386,True,1937
NGC7331,1903151655842035968,False,575.0854500095614,969.2118170122429,True,0.17468322211966075,0.17468322216024176,True,1809
NGC7331,1903180140065117440,True,560.0871367768636,1759.3536676652868,True,0.6496593445924539,0.6496593446057324,True,3678
NGC7331,1903152927152348416,False,548.1889159236832,1215.7498648211308,True,0.24985138370246235,0.24985138376301944,True,2511
NGC7331,1903137602708881536,True,546.7384729473779,394.1175211752145,True,0.10563795205959917,0.10563795213971154,True,550
NGC7331,1903179865187214080,False,534.6658643582817,1654.2549877351319,True,0.13837725089939915,0.13837725084037034,True,3545
NGC7331,1903151346604396672,True,530.9610240713324,819.9728352232942,True,0.4493093084151053,0.44930930843971567,True,1462
NGC7331,1903138015025917696,False,528.9236319378051,600.6206637642191,True,0.17296300016338956,0.1729630001588039,True,1012
NGC7331,1903138049385654144,True,523.5512921337413,644.4131384103617,True,0.37539395914248,0.3753939591523583,True,1115
NGC7331,1903151793280985344,False,517.6206072690902,1139.567814592333,True,0.351159100766209,0.35115910079521956,True,2284
NGC7331,1903137533989406208,True,513.4767788969268,382.1899717629851,True,0.3532889866487595,0.3532889867551754,True,523
NGC7331,1903153339469200384,False,512.4718888408402,1432.435222047933,True,0.31059426664236045,0.31059426674426327,True,3104
NGC7331,1903137946306442752,True,501.4245387433296,567.62057990291,True,0.3443375073650221,0.3443375073212855,True,937
NGC7331,1903137533989407104,False,498.1854174821832,365.77658482943184,True,0.23085855777331596,0.23085855790777826,True,489
NGC7331,1903137980666179456,True,496.5004773554474,615.1382045392396,True,0.3312775292594148,0.3312775293709127,True,1044
NGC7331,1903137533989408512,False,491.5143995139567,335.9873810637779,True,0.09593952517472323,0.09593952508351565,True,436
NGC7331,1903152961512086912,True,482.05787511110475,1250.8220264833378,True,0.11242502091405107,0.1124250210354463,True,2618
NGC7331,1903180071345639808,False,457.5026841166728,1824.4972071131033,False,12.0,12.0,False,3717
NGC7331,1903137980666179712,True,452.9812800658844,626.0382637174187,True,0.12850538754231544,0.1285053875914729,True,1073
NGC7331,1903151415323873536,False,441.6838771328331,862.734586604614,True,0.36499898443758816,0.3649989845498603,True,1581
NGC7331,1903151518403084288,True,439.78176688359866,983.6639199978507,True,0.4333668840598063,0.43336688420162034,True,1845
NGC7331,1903153167670509312,False,433.1826033481602,1460.6107472619483,True,0.3382036175674037,0.3382036175881845,True,3161
NGC7331,1903136812435085184,True,421.75610491549065,379.9251944137819,True,0.3757438679675347,0.37574386803379867,True,519
NGC7331,1903176944609453952,False,417.08201110602903,1691.720853040979,False,12.0,12.0,False,3621
NGC7331,1903139458134927360,True,413.447776243414,701.6994537175394,True,0.374442957368321,0.3744429574555681,True,1246
NGC7331,1903152102518634112,False,403.61465588697104,1087.5182327634939,True,0.4232319791099657,0.4232319791793381,True,2138
NGC7331,1903152136878551808,True,394.2572455993188,1144.0446898590899,True,0.2628735202963687,0.2628735203892445,True,2295
NGC7331,1903137770210732928,False,392.4341729228468,566.7922991827909,True,0.46460533751290484,0.4646053375143289,True,935
NGC7331,1903176635371815936,True,390.33443891832366,1449.3051050155154,True,0.21097903380636515,0.21097903385186906,True,3141
NGC7331,1903151896360206464,False,386.2431050245459,1011.2322574645358,True,0.2177421705410769,0.21774217055773512,True,1922
NGC7331,1903139664293353856,True,384.24712332258366,830.0806733532056,True,0.26130986575045073,0.2613098658207888,True,1487
NGC7331,1903151896360205184,False,379.54197377505284,1050.9929475914641,True,0.2861249688277947,0.2861249688715883,True,2039
NGC7331,1903139251976503424,True,367.41122592476216,581.1832444543346,True,0.35513878941040966,0.3551387895389569,True,962
NGC7331,1903153098951037696,False,367.57095371663866,1358.2963560301534,True,0.39753014862628333,0.39753014874281695,True,2904
NGC7331,1903139183257026048,True,339.27997054084904,610.6864268859686,True,0.29933916431614127,0.29933916444867875,True,1036
NGC7331,1903177082048407808,False,339.4736600024989,1721.0288550859327,False,12.0,12.0,False,3621
NGC7331,1903151930719942784,True,329.11664236890323,1105.6028789452062,True,0.3296791635135512,0.3296791635305383,True,2183
NGC7331,1903177460005527168,False,323.64550493941846,1825.568041070413,False,12.0,12.0,False,3691
NGC7331,1903152274317321856,True,310.4724310508225,1272.0784995311603,True,0.3476911869753221,0.34769118702503365,True,2668
NGC7331,1903175810738099456,False,309.42013030218624,1380.2930293402965,False,12.0,12.0,False,2972
NGC7331,1903138358623311616,True,279.3334099127254,457.60733508077567,True,0.331301711289866,0.3313017113117263,True,683
NGC7331,1903140110969949696,False,257.6591714385605,991.3108255123142,True,0.41220932636398994,0.4122093264843582,True,1866
NGC7331,1903138461702523392,True,242.5148153648206,577.4466223091133,True,0.5734144558819343,0.5734144559796684,True,952
NGC7331,1903151965079683712,False,231.2062100114896,1092.3367215808466,False,2.1663105348813634,2.1663105348179643,False,2143
NGC7331,1903138358623312512,True,221.44601254269799,464.4300239656494,True,0.434249420067148,0.4342494201510987,True,700
NGC7331,1903175845097837568,False,222.73037012873465,1435.1256870296843,False,12.0,12.0,False,3185
NGC7331,1903138392983050752,True,193.2389878311385,487.16715104279626,True,0.2743896695265203,0.274389669578909,True,755
NGC7331,1903177219487543424,False,149.83444175439251,1747.886619466659,False,12.0,12.0,False,3479
NGC7331,1903177150768069376,True,125.89337179076233,1695.4464659261935,False,12.0,12.0,False,3479
NGC7331,1903177253847282816,False,87.12857069868483,1763.0150081103297,False,12.0,12.0,False,3479
NGC7331,1903163647390730112,True,72.5622904681511,1156.5608070743135,False,12.0,12.0,False,2143
NGC7331,1903163853549156224,False,60.85048155543518,1262.2316044101951,False,12.0,12.0,False,2376
NGC7331,1903138702220694272,True,53.225244370956034,612.6516384494995,False,12.0,12.0,False,967
NGC7331,1903176326134352000,False,44.955253892156975,1614.9123241253963,False,12.0,12.0,False,3185
UGC04305,1097743101978973824,True,1509.2412685887577,278.18119358367204,False,12.0,12.0,False,382
UGC04305,1098500837289479424,False,1499.4128462343554,1109.1119841827913,False,12.0,12.0,False,1796
UGC04305,1097743205058114944,True,1484.084512525586,339.3120567505441,False,12.0,12.0,False,382
UGC04305,1097743239417853056,False,1458.2060795309067,365.5071011134047,False,12.0,12.0,False,382
UGC04305,1098500768570002048,True,1450.1805570099193,1007.2014504142842,False,12.0,12.0,False,1660
UGC04305,1097749321091543552,False,1433.0102386861663,603.9769895716303,True,0.5301327677423254,0.5301327677316653,True,827
UGC04305,1097749114933113216,True,1431.1462713517626,440.4175376080051,True,0.2889229913707212,0.2889229913715261,True,385
UGC04305,1098502280398489984,False,1394.5555317518933,1139.0606199308752,False,12.0,12.0,False,1801
UGC04305,1097749355451281152,True,1395.530941877218,706.7343938121992,True,0.2698198539073908,0.26981985388000346,True,1109
UGC04305,1097749321091542912,False,1394.9360494086905,623.3746015247625,True,0.4410846806667785,0.4410846805990613,True,893
UGC04305,1098502486556919936,True,1381.104792470397,1263.8414299206233,False,12.0,12.0,False,1965
UGC04305,1098503105032210176,False,1367.6906195360282,1449.17495769795,False,12.0,12.0,False,2112
UGC04305,1097750180085001600,True,1368.5359043284361,1009.3348588857621,False,12.0,12.0,False,1660
UGC04305,1097750180085228416,False,1356.0260369932003,1054.1760977450735,False,12.0,12.0,False,1796
UGC04305,1098502452197180800,True,1315.7841909486172,1284.2741793163664,False,12.0,12.0,False,2028
UGC04305,1098502520916657408,False,1313.0072473818914,1352.0423470758863,False,12.0,12.0,False,2112
UGC04305,1097739043233644032,True,1308.9869704208634,23.939764100705702,False,12.0,12.0,False,219
UGC04305,1097749664688924928,False,1292.3246562225388,658.4330751116681,True,0.4170178403465531,0.4170178403308003,True,982
UGC04305,1097742105546483712,True,1262.3040467954725,124.705180846215,False,12.0,12.0,False,201
UGC04305,1098502830154302464,False,1229.531238584276,1338.5804959257089,False,12.0,12.0,False,2112
UGC04305,1097742139906221440,True,1234.270863032937,177.54253352648914,False,12.0,12.0,False,201
UGC04305,1097739184968721408,False,1223.6804220665135,153.90746779119695,False,12.0,12.0,False,171
UGC04305,1098502864514040704,True,1193.832099475589,1416.0997953837489,False,12.0,12.0,False,2275
UGC04305,1097739184968720896,False,1195.5258657014697,148.86458783796007,False,12.0,12.0,False,171
UGC04305,1098503001952994048,True,1187.7172045124132,1512.3905773850356,False,12.0,12.0,False,2356
UGC04305,1098503001952993920,False,1185.8342368580948,1516.9766655965466,False,12.0,12.0,False,2356
UGC04305,1097749046213632256,True,1180.0477813258508,696.5825717946161,True,0.31748540132254294,0.3174854013058866,True,1087
UGC04305,1097748255939649920,False,1180.5142251763878,428.7952045750029,True,0.3291489981811353,0.32914899816319265,True,366
UGC04305,1097748187220172672,True,1160.0779144912647,396.0594597373456,True,0.6020494239292954,0.6020494239136771,True,307
UGC04305,1098503001953147392,False,1148.5909857937163,1501.640776581311,False,12.0,12.0,False,2356
UGC04305,1097748152860434048,True,1142.704003851328,324.5379823747498,True,0.36878344794835605,0.3687834479219004,True,231
UGC04305,1098503001952993664,False,1128.9562423172288,1496.98994918676,False,12.0,12.0,False,2356
UGC04305,1097751348316101632,True,1122.418693988307,978.2917359509709,True,0.15644538375851516,0.15644538379834483,True,1673
UGC04305,1097748565177293184,False,1094.2116948001728,436.95348264207536,True,0.4035575027846154,0.4035575027789696,True,379
UGC04305,1097745026124241152,True,1091.520267246695,164.7871516135492,False,12.0,12.0,False,124
UGC04305,1097745232282671232,False,1089.1284462634105,355.99559768887843,True,0.36076648255258686,0.36076648256288185,True,259
UGC04305,1097750489322640896,True,1076.2802086915299,761.8836321198144,True,0.232481354368915,0.23248135436273687,True,1254
UGC04305,1097751485755053056,False,1060.0339312098222,1096.5025405259532,True,0.3772390636891974,0.3772390636289779,True,1851
UGC04305,1097748805695459968,True,1039.975340577916,657.5688915054282,True,0.3072561584475719,0.30725615843512877,True,978
UGC04305,1097750283164279296,False,1033.2031793521066,744.1394598716835,True,0.15128336074887455,0.1512833607358483,True,1206
UGC04305,1097752069870604672,True,1026.7222663624807,1259.7696225554737,True,0.7432407543754931,0.7432407543652023,True,2076
UGC04305,1097748702614830464,False,1010.5601112467741,593.2108691925497,True,1.1523463086650803,1.152346308652541,True,787
UGC04305,1097745644599529344,True,1003.700515840261,455.57439214421527,True,0.35921645745244857,0.3592164574786416,True,422
UGC04305,1097750661121330944,False,994.0272676961662,969.7652811156768,True,0.3002464343690886,0.30024643437391757,True,1662
UGC04305,1121771554214330240,True,990.1983602825622,1548.2810991152924,True,0.43213558419105275,0.43213558422393805,True,2474
UGC04305,1097744957404761728,False,986.8828719626174,292.11984469826,True,0.06312757079276271,0.06312757078888405,True,187
UGC04305,1097745747678743680,True,967.5603904071857,522.8426700072233,True,0.2790691730405943,0.27906917301995854,True,586
UGC04305,1097744854325545984,False,963.1736563509863,96.71941198864067,False,12.0,12.0,False,73
UGC04305,1097745678959266176,True,943.379476928791,458.52586158221413,True,0.4250699619896172,0.42506996193231184,True,430
UGC04305,1097743995332697984,False,941.9917202690508,63.239073939461264,False,12.0,12.0,False,53
UGC04305,1121771657293476864,True,938.6825587183067,1575.657477319015,True,0.3479641936521008,0.3479641936370521,True,2492
UGC04305,1097750351883683456,False,917.1643530434319,814.7205433785809,True,0.27387832868458356,0.27387832868808165,True,1384
UGC04305,1097751279596618496,True,900.5214023159217,1284.5218078350395,True,0.3185811054123046,0.31858110536250156,True,2116
UGC04305,1097750832920019584,False,899.5611670698238,984.6730952956871,True,0.3113563893993979,0.3113563894038067,True,1689
UGC04305,1097744888685282304,True,893.9591854730622,167.9566198080911,True,0.19053058933840797,0.19053058933486183,True,77
UGC04305,1097751279596617856,False,887.3053695396067,1250.5553838159906,True,0.31866596236912914,0.318665962348652,True,2064
UGC04305,1097750386243420416,True,885.3089678675653,876.4515135829536,True,0.36281097635434034,0.3628109762853271,True,1508
UGC04305,1121771279336422912,False,878.8212335987938,1448.6168717315445,True,0.2666559860727431,0.2666559860710041,True,2372
UGC04305,1097750381947104896,True,849.7603237415482,857.1413764456177,True,0.12468538099771423,0.12468538096632506,True,1478
UGC04305,1121771382415637888,False,845.9539662764244,1450.9712956768035,True,0.14022801377168048,0.14022801371172577,True,2374
UGC04305,1097746984629320192,True,813.3117355493993,564.7988053631327,True,0.277091388269017,0.2770913882305949,True,701
UGC04305,1097744648167111040,False,803.1512214618003,294.0333755054671,True,0.13545499274920053,0.13545499275561074,True,193
UGC04305,1097747362586441856,True,800.1763915947677,744.3748238070403,True,0.3395784573955351,0.3395784573783145,True,1208
UGC04305,1097747014692745472,False,796.5060302082683,606.5522924656303,True,0.3646898554078159,0.3646898553978008,True,832
UGC04305,1121770454702701568,True,768.2074701738568,1271.5294619826977,True,0.2655386895263754,0.26553868954630727,True,2090
UGC04305,1121770660861131520,False,761.9498843807446,1472.863560133725,True,0.6039402584500411,0.6039402584277853,True,2398
UGC04305,1097747018989057408,True,756.8534105960427,558.15045990481,True,0.5434654586485228,0.5434654586375872,True,687
UGC04305,1097750935999230976,False,739.304221715269,1037.9535611552064,True,0.15952578447577828,0.15952578445299018,True,1766
UGC04305,1097747946701992832,True,730.3526068192677,993.348719327242,True,0.41229735902701486,0.41229735902797915,True,1702
UGC04305,1097747053348794880,False,713.962752376973,568.8274951871205,True,0.2396895832222692,0.2396895832388505,True,709
UGC04305,1097747534385131392,True,679.2084518581111,725.3965810368895,True,0.34071939017222697,0.340719390156445,True,1153
UGC04305,1121767190527556096,False,672.1329300970323,1113.1167933680779,True,0.12168223291533378,0.12168223290074331,True,1868
UGC04305,1097744373289201280,True,669.4429389643651,158.708864625484,True,0.36180219090386145,0.36180219087961507,True,70
UGC04305,1097747053348793856,False,669.7847154721402,590.3462660448546,True,0.3430414537205046,0.3430414537230472,True,774
UGC04305,1121771004458514688,True,659.0857030148326,1505.710511314178,True,0.3222635394462416,0.3222635394540999,True,2434
UGC04305,1097746125635857536,False,620.8723212543783,400.20181251577156,True,0.4833663296741631,0.48336632966979454,True,311
UGC04305,1121767224887293824,True,616.5101486410547,1100.2196847443388,True,0.44285003714315857,0.44285003713471144,True,1854
UGC04305,1121770763940345600,False,614.8103025989203,1432.7379818889128,True,0.10398138919487557,0.10398138915191171,True,2351
UGC04305,1097744334633155072,True,594.7998109507348,156.4786171195238,True,0.20790638022854824,0.2079063802264428,True,68
UGC04305,1097745885117688448,False,594.9079310565993,254.53601418499466,True,0.17680421377969305,0.17680421384092906,True,152
UGC04305,1121767121808078336,True,596.9714027584683,1019.0732453439791,True,0.0847243736752408,0.08472437366030144,True,1737
UGC04305,1121770798300083584,False,594.4389010170789,1435.198683202791,True,0.44664569505192875,0.4466456950208719,True,2355
UGC04305,1121770901379298560,True,579.668689226277,1501.8185438772084,True,0.2822573494525053,0.28225734940257663,True,2430
UGC04305,1097746263074809856,False,537.7704051561891,539.6110704670048,True,0.2567335329516083,0.2567335329440579,True,628
UGC04305,1121767293606769280,True,523.5045254909419,1192.3062180076568,True,0.37672366941478086,0.3767236694107794,True,1983
UGC04305,1097746641031931776,False,520.5683588646125,599.3245178943321,True,0.1849926566058031,0.1849926566308788,True,799
UGC04305,1121766915649647360,True,521.6367595951979,944.9945444625241,True,0.2427214897941607,0.24272148976735242,True,1633
UGC04305,1097746671095361536,False,516.7822793788794,633.0540315736207,True,0.6466820133850754,0.6466820133217568,True,915
UGC04305,1097745953837164032,True,469.931778971852,376.417450334715,True,0.40573486629851524,0.4057348662760465,True,277
UGC04305,1097746778470884736,False,455.40052885539006,718.106991584961,True,0.44519748419773947,0.4451974841218874,True,1135
UGC04305,1097746469233239296,True,449.91156582930046,621.5719002397541,True,0.3378138720433833,0.3378138720171111,True,885
UGC04305,1121767701627285888,False,444.4842324034241,1308.1681362534089,True,0.4750443905390548,0.4750443905475366,True,2160
UGC04305,1121767465405460480,True,430.3473404693914,1203.6120895051217,True,0.48735300317864083,0.48735300317325236,True,1998
UGC04305,1121767705923628928,False,418.09637537030915,1302.4699202635356,True,0.37589193399608223,0.37589193398702664,True,2153
UGC04305,1121765850497783680,True,325.82807132276787,805.8696259001242,True,0.22690827172665046,0.22690827170449304,True,1362
UGC04305,1097733859209257344,False,295.2318756561584,161.76282301314973,False,12.0,12.0,False,185
UGC04305,1121767632907808384,True,293.92003257004114,1363.569675480709,True,0.2834405452726726,0.28344054525849394,True,2247
UGC04305,1097734580763762816,False,280.9283575872845,396.48805871375953,False,12.0,12.0,False,522
UGC04305,1097734580763762688,True,267.4572270998092,371.542636605265,False,12.0,12.0,False,304
UGC04305,1097734271526116864,False,236.28529706413053,233.59458732247742,False,12.0,12.0,False,278
UGC04305,1121765987936708992,True,230.1882300905612,890.9273751205981,True,0.27430899196386865,0.2743089918990374,True,1529
UGC04305,1121765919217231360,False,180.40066658541957,854.7214435415374,False,12.0,12.0,False,1537
UGC04305,1121753927668540544,True,159.79861209933858,566.8179896132707,False,12.0,12.0,False,1010
UGC04305,1097733068935273344,False,123.8844954278951,83.55944282011524,False,12.0,12.0,False,185
UGC04305,1121753858949063424,True,75.5337687089185,658.4299602476381,False,12.0,12.0,False,1220
UGC04305,1121753858949063168,False,72.83950082589968,615.7075444697632,False,12.0,12.0,False,1220
UGC04305,1097733584331348352,True,64.4114821444042,265.95519457097316,False,12.0,12.0,False,304
UGC04305,1121754580503968256,False,66.25392267213726,913.6615662091128,False,12.0,12.0,False,1596
UGC04305,1121753687150370816,True,50.15621002665114,528.4024513359792,False,12.0,12.0,False,1010
UGC04305,1121754580503568512,False,53.316356687845314,886.6227786645865,False,12.0,12.0,False,1596
UGC04305,1121752896876388224,True,42.44429274949516,440.6670928500714,False,12.0,12.0,False,704
UGC04305,1121754511784091392,False,32.79056742903549,831.9365174018792,False,12.0,12.0,False,1537
