plateifu,y,baseline,color,color_and_spectrum
10001-12705,1.8276805351182694,1.9035047253632977,1.8524861273406117,1.8503786848906723
10215-6104,2.030008387655059,2.11141449668196,2.031585692804793,1.998654386611999
10216-12705,1.7689853240066815,1.8100546044585897,1.7450888184958446,1.7744568018769566
10216-3703,2.3006050478273,2.0273673632197737,2.100464368769707,2.1960189942220025
10216-6101,2.0190360736277726,2.0508851592656683,2.097047092874333,2.0340817957120128
10216-6104,2.0247811172995203,1.8826911207802286,1.9133109211675245,1.9188906330035895
10217-12705,1.953023617899052,1.9513133454654075,1.8956680378917978,1.885219717589182
10217-1901,2.0041222406658497,2.0236600258207873,1.9944223202163043,1.9515347874356495
10219-1901,1.7285489677288444,1.79189797022363,1.8146577855176633,1.7871864893817984
10219-6102,2.4211397734562494,2.0304774631917835,2.087376254833804,2.244259681346938
10220-12704,1.8105721567189774,1.9270213896295982,1.8745804937479582,1.8879151136607566
10220-3703,2.0987150065513656,2.159451023172128,2.1378368212050827,2.043457584876178
10220-6103,2.087408701379712,2.0678843331353987,2.011082898834185,2.006897170771997
10221-6102,2.0971271059802867,2.02600749905043,1.9828180610063355,1.9729676019317177
10226-3704,1.8878169061573522,1.940235803684823,1.9615465312621,1.9654976904657704
10492-3704,2.006370615342873,1.9531344126607841,1.9821403425006991,1.9879342176117967
10495-9101,1.781584494614864,1.9795734050284297,1.8729671981080263,1.8776006824013038
10497-12705,1.7260033795577385,1.799176361697457,1.7562723041771313,1.7527985175547873
10497-3701,1.7447365976136384,1.7929039022008988,1.7720931545660796,1.776624359918503
10497-9102,1.9783349813928441,2.1341092211564487,2.0882863769827718,2.0211565565470284
10499-3702,1.9000500052446407,1.8862915483412173,1.8743104372090236,1.874294478099563
10499-6102,2.062853380463745,2.002440882111543,2.0053437253131396,2.0590207397938816
10500-1902,1.9614981685643684,2.048623385049247,2.0287506376448787,1.9517707034731873
10500-3704,2.498651100130796,2.422965410567475,2.4220866940204213,2.423406039788547
10500-6104,2.0129084768865284,2.1037222158799387,2.0421919886188378,2.003309897043711
10503-12703,1.967651015336057,1.8710372451728419,1.931753415095299,1.9387997524578346
10503-1901,2.1045905512160847,2.121030792418658,2.1264697052853294,2.139899879327161
10503-3702,1.9080061195206144,1.8478835590583762,1.8619002688556832,1.9610728652058822
10503-9101,2.535837471113848,2.2477273905842745,2.2441752968220263,2.2517443271927022
10504-12702,2.1508383802758333,2.06793163530221,2.1008790285313164,2.1913931093625667
10504-6101,1.6557970634884835,1.7488898176915861,1.7932583441803067,1.7436086211468624
10505-3703,1.6713469885886891,1.8234397779497684,1.8575986891474139,1.8593952541775078
10505-9102,1.6973316253783663,1.7150963478243104,1.724547232959695,1.797386217875018
10506-1901,1.8546203208195882,2.0309777861568574,1.9520251729722597,1.9741252890011336
10506-1902,1.800592406878501,1.8317356682289823,1.8517453349358657,1.9261619085267063
10507-3701,2.0552567424852284,1.8533959590095068,1.939473502139849,1.9570937182341122
10508-12702,1.8516087013607578,1.8735840959310053,1.8213170363521791,1.8114766793731552
10510-3701,2.091607172054137,2.0358346927789226,1.9719543345735184,1.9400365317022867
10513-12705,1.7611204878911446,1.805349379622337,1.752831693005095,1.7460963363922335
10514-9102,2.1717942977273683,2.096580488713571,2.0858323896590893,2.002988672935146
10518-12705,1.967582886850544,1.8919529118829261,1.890924234059223,1.8792199326514198
10518-6102,2.03605371312267,1.9233247075034154,1.9542821503112542,1.9679563907356272
10520-6103,1.9093232021152717,1.8383147720741708,1.8679851014132605,1.9185089005026896
10837-6102,2.3398853202225003,2.1500398815232535,2.1768180898991933,2.3136391612365004
10845-6102,1.8593570112998306,1.90044425741854,1.8775579381390193,1.863411988922537
10845-9101,1.9371026062944154,1.872257658205236,1.9216213679768857,1.9354669797220825
11004-3701,2.275390833526719,2.146114830419349,2.1144691586901487,2.1571051149068405
11006-12701,1.728022374151245,1.7991623587694865,1.825686638836592,1.798562512657161
11006-3703,1.7117389171582047,1.9421687565178511,1.989588445882691,1.9007992208100042
11006-6103,2.452204722029609,2.046196813598998,2.1068912217538305,2.293832165542737
11006-6104,1.5513754539553775,1.8284568461975912,1.8747263454218055,1.8291645200229214
11007-12704,1.725421468347777,1.7461702101612255,1.7745672910286112,1.7874578896849147
11007-1902,2.263576659666611,2.0998099967679686,2.1255295052423744,2.1676880557838145
11007-3701,1.7964298681133328,1.894399681534296,1.8907003377133333,1.963187096733106
11010-3703,2.254165091116307,2.324855579905212,2.2580219853688273,2.222547809418978
11010-6104,2.0074930138944365,2.098797947944276,2.015950250655043,2.004633053310511
11011-12701,2.2955879895743942,2.3360352639924016,2.313119554373075,2.3206993811136822
11011-1901,2.297356440253382,2.1015010694052783,2.148409248567146,2.255906275821317
11011-1902,2.149068161392022,2.213347596501457,2.138832908618691,2.034581179611253
11012-1902,2.1843091970570123,2.0388358844857244,2.1359796019952837,2.227511118067442
11012-3704,1.991876542578534,1.9636422000596885,1.9942083485406419,1.942879235568665
11012-9101,2.26790401197009,2.176955546738057,2.1842115965129074,2.306350013606483
11013-1901,2.2713078163715146,2.2070354985539757,2.2102553570051415,2.238088109151739
11013-3701,1.8112509066467082,1.7938882615811231,1.7769228355139934,1.7734131425768798
11014-1901,1.5813308114403475,1.7535186234611377,1.7338767326405395,1.7327040017706363
11017-6102,1.970734174140243,2.080676675624922,2.1199751313519792,2.19164624944094
11018-1902,1.743535868648324,1.8232720801473286,1.8258491310212013,1.8169715872354903
11019-12701,2.174807906499112,2.058665661749742,2.0932227261233134,2.051968823548068
11019-9102,1.708918056876584,1.7627685437638259,1.815231091910737,1.8602331037721487
11021-3701,2.3968842594711632,2.279108033169927,2.299021549576785,2.359529301763626
11022-12702,1.7692224887439556,1.7305374848658808,1.7301493023232555,1.7434689073381162
11022-6101,1.6501030554122846,1.7876831277696708,1.7782653723759194,1.7850743692362394
11022-6102,1.826017757291184,1.879957030984831,1.8661224602303126,1.8383036765382113
11025-1901,2.1589459847497996,2.0278441550658863,2.091004312304397,2.144884936384462
11025-3704,1.9876606798275804,1.9604733755294073,1.9750916986435483,2.0983546333744703
11742-12701,2.037011129783331,1.9769339864138697,1.95343480332743,1.9431181104217583
11745-6104,1.986089131907327,1.9549894731105157,1.9898577355229137,1.9961533869798753
11746-12704,2.078456093020163,2.087684254125107,2.073655982364617,2.0447490910200923
11746-6101,2.2343337578529447,2.059980128562297,2.064145549473387,2.0817440512535708
11750-1902,1.7135687426610307,2.0353485540214264,2.0657274304522857,1.990493138088242
11750-3701,1.9029797164822952,2.0458749705661288,2.0533303565709486,1.9743537788979808
11751-6104,2.0682044209428443,2.0441465560725343,2.0401134926400553,1.9701450309098598
11757-1901,1.897823304086255,2.079058486484884,2.111958965539555,2.107178512838828
11757-9101,1.6793338498632238,1.763481013888016,1.7857475650156434,1.8103965217574205
11761-3704,1.688824381731748,1.8504898878519331,1.8645032794076035,1.8476555575620641
11823-3703,2.2491036586365376,2.1865157894741998,2.176022092946091,2.2590434387291918
11823-9101,1.985162763361381,2.0658441110859678,1.9474663336150955,1.9348981848505518
11824-3702,2.054227226658839,2.070837110072107,2.061567737747577,2.2213595078940163
11824-6101,2.306741893283503,2.057224277773882,2.0894685929941486,2.1352389648261663
11827-12704,1.9486457008995182,1.9566594767596348,1.9415558784090907,1.9361003044893557
11827-1902,1.9428467463160992,2.111476334206516,2.1585862971124996,2.0216132405637612
11830-12704,2.0966211980237457,1.9486300146445044,1.991909690376901,1.9868225732133262
11831-1901,1.867575429327241,2.1007750016790583,1.981856676935658,1.9473702637262338
11831-3701,2.0082619716624106,2.2110045550303883,2.2206230000946174,2.1052925493334125
11834-12702,1.6248594988604377,1.796983838668587,1.777433328914877,1.791745449747425
11834-3701,2.0226852424625146,1.9264562765866513,1.9661914735618466,1.9764758774771523
11835-12705,2.0791312993102133,2.0279627421213458,2.0781139945742537,2.061018803209516
11863-3704,2.265450393514614,2.2778446713492624,2.2799695409343883,2.2692087223538047
11863-6103,2.1365725013911736,2.2143944222867673,2.1213045622219617,2.070723182474884
11868-9101,1.7983753439287735,1.7561439829173064,1.750757295179011,1.7524255953282033
11871-1902,1.8504892114884108,1.9443240333826497,1.9335731548058213,1.9591665372916878
11871-3704,1.5808620497118409,1.7410276277715302,1.732875886172364,1.7148643774638854
11941-1902,2.2837626475801027,2.1175266995654614,2.160681228605966,2.1085991569106035
11941-6103,1.9392495568846566,1.9876899986130758,2.0075602591576702,2.002844167009873
11943-12704,1.687493288744952,1.7953916486803378,1.7737731641596772,1.7354338020354767
11943-1901,2.1605045457541308,2.034422816949617,1.9910939872653584,2.222617267161194
11943-3703,1.9660697982255586,1.941694343511577,1.9303485301890628,1.9280281346909436
11943-6102,1.9528009158192279,1.9511460510019074,2.007213601278112,1.9580639569572291
11944-6102,2.2960727859999364,2.140343394525651,2.155582815821308,2.2684438066063337
11977-12703,2.048496572477793,2.141650365353177,2.1724307270019256,2.093102139349827
11977-6101,2.2259881115760947,2.0971047299007877,2.1323871298213417,2.2083492523961437
11977-6102,2.16404398044367,2.1354113223547366,2.133551170837575,2.316699451562759
11978-12703,1.671550671934168,1.8088373425316586,1.7615166776352162,1.7565508838413022
11978-1901,1.7745939640584638,1.8016083672573078,1.8202780738789455,1.8587631928651198
11979-6103,1.6580911849727995,1.7848339678248688,1.7437842979027907,1.7459328253060018
11983-12701,2.1435384497895287,2.0837069458795656,2.1223348422138835,2.0428089160958662
11983-3703,1.6791248750643517,1.8237031606318514,1.7840000090714125,1.7881799594760386
11984-12702,1.9697814139586056,1.9745689060628784,1.9563042781763813,1.980574112720869
11984-12704,2.2107095566269326,2.1570495669008825,2.1634781625760864,2.0854929757005207
11984-6101,2.2513417771801745,2.112651825651602,2.139165260134393,2.1434008843838086
12066-12701,2.001765288849506,2.139177991358637,2.1785926833336062,2.0486662956553316
12066-12703,1.896467627873395,1.845251308223087,1.9021215599280157,1.901065753658878
12066-12705,1.9193062724860523,1.9227721138911555,1.863145016648542,1.8858123445932182
12066-3701,2.067467382695898,2.024032054449654,2.026870357717649,2.011351799028287
12073-3703,2.0783277430849787,2.10619681044267,2.1131348055715216,2.1627532017977424
12073-9102,2.4827759992477514,2.092223586343718,2.11592853075113,2.2714857993454753
7443-12705,1.8469243117034155,1.9627980373853189,1.9593321598861486,1.9369771335324293
7495-9102,1.9341671501171918,2.032085484630782,2.103200018937447,2.006966022803907
7815-1901,1.7881596710179863,1.8876683398241376,1.9742192430285588,1.9625988567991457
7957-3703,1.7012704389183722,1.7771954695207925,1.7210707821471825,1.7314690111371434
7958-6102,2.3215849685774863,2.3489124830137653,2.2871876075968567,2.232567395302613
7960-1901,2.4557109086579563,2.4116106585351953,2.413341950501967,2.4115255164237994
7960-3702,1.937048690880487,1.916867752244401,1.9391978348101324,1.9405581569790222
7962-12705,1.8325147884153616,1.8489212470076888,1.8688038238146625,1.8529094649293052
7963-12703,1.8947475945455083,1.934420774757978,1.9090705516073725,1.9255788477858822
7964-12705,1.705325469263753,1.7618589070953283,1.7616583546509632,1.7935878862521617
7964-3704,1.6225160583479672,1.725086587382041,1.7166808283798107,1.7113401992746429
7968-3703,2.4638877654813442,2.3961960906851796,2.4036658993398965,2.3947706781683435
7972-12701,1.7975270010178668,1.8809872005555146,1.9334529911542013,1.9471890472665692
7975-1901,1.7201115697512008,1.9425829175811073,1.8445154975704727,1.81800448802007
7977-12703,2.1071641627360886,2.0248986756511775,2.0537000566843533,2.0339534353069646
7977-12704,2.0003559755451255,1.8521907836922404,1.8776680939584112,1.9224264591759164
7977-1901,2.1062493887440206,2.094698064240914,2.124720660150444,2.273155517269402
7977-1902,1.9290237935069194,1.9714948335386173,1.9134933619841938,1.8932595712041569
7977-3701,2.047610488199839,1.9130017086707096,1.9575583362404068,1.9525118199770377
7979-12701,1.9855963411711495,1.9169814081638645,1.94003315888176,1.9688893086504422
7979-12705,1.6865679027130038,1.7681411303713388,1.7569690425791489,1.7769569010613575
7979-3701,1.797937167724616,1.9307127620406113,1.9859384025131805,1.8920076078595391
7979-9101,2.17968849198549,2.2106945040465473,2.2342378509114806,2.107621385135938
7990-3704,1.8875698178770977,1.957757911006964,2.0244204177600604,1.96171016410565
7991-12701,1.8456440391110205,1.8297906490933862,1.819536726315632,1.819817806763817
7991-12703,2.038013792737426,1.9488399524954891,1.9922841928251545,1.95513147623803
7991-3704,2.1401468187894057,2.034412202108762,2.0644665821222636,2.1265542495769285
7992-6101,2.098414579361944,2.0267065626554044,1.9964446854250653,2.0039059784030657
7992-6102,1.8226060119170717,1.931650563361686,1.8763067576348496,1.8678531040227924
7993-1902,1.9284019466766111,2.1457089361546013,2.0865755262511683,1.961601794950817
7993-6103,2.010746321013697,1.9330067300471756,1.9265374456088604,1.9497277686896086
8077-6104,1.7910555114901419,1.8603145759554778,1.8432105785588244,1.8349519223758153
8079-12705,2.103327788124406,2.040157909190723,2.0467504251658712,1.9763734534588
8080-1902,1.8076839614773954,2.032119145689902,1.8987875486333452,1.8279224553813498
8080-3702,1.8983214620429596,2.0896918113829384,2.0289925756984024,1.9854808619373148
8081-12703,1.873097699810396,1.8199785631308039,1.8725104435504896,1.8567086743506813
8081-3701,2.4620724545692347,2.400684387739711,2.3946000105944547,2.353043164336207
8083-12704,1.7074868857580188,1.767127494189933,1.7407361270714485,1.7181798728815625
8083-6104,2.0152759066818753,1.8363801395325834,1.8631340618114909,1.9522128074638925
8085-1901,1.7257039866352784,1.8522097081216675,1.8628288080136302,1.8319864091946838
8085-1902,2.345980338642727,2.1446353630543666,2.1637038728658484,2.2620606309314515
8085-3703,1.8788872303467392,1.8562452598280752,1.8789787324810965,1.929646031314898
8091-12703,2.022177950710241,2.010873316689002,1.9546528894333228,1.95474318151353
8131-12703,1.742524979884737,1.835178729698739,1.8226360993702724,1.82620272770757
8134-1901,2.091028233491344,2.0996773261708035,2.0149408353272675,1.9848634685252309
8135-9102,1.9342613930678483,2.1075800533612727,2.06702349993417,2.0473867042565552
8137-3702,2.136348880315277,2.035543983155254,2.075087070699898,2.093771721573708
8138-9102,2.0807415380761896,2.2024000227907976,2.216617816273844,2.1095646807847537
8140-9102,2.141363533082085,2.218812541808632,2.2388920578547555,2.143240048412707
8145-12704,1.620700583175447,1.7423883612630686,1.7335783857869143,1.7332506580774822
8145-9102,1.8085045459026925,1.7480473697159036,1.728749237614636,1.7157840775780042
8146-3701,2.1021770324762037,1.9956386429512973,2.01992407232715,2.1353243541790072
8147-1901,1.858366453796657,2.091188889857105,1.9521648919561718,1.8707491183654528
8147-6103,1.9353137047032816,1.927460676461418,1.9021942169183736,1.886624543173943
8150-3704,1.6125021094878265,1.9127762611738925,1.8730262353136005,1.8468611280023044
8153-6102,1.8948164869942086,1.8424110521415944,1.827592336992823,1.8153002966870146
8156-1902,2.2307298445776804,2.056855684049634,2.1005454567110378,2.2826039632947124
8156-6102,2.215433717035499,2.032787827838341,2.081978168338693,1.9694254509781706
8156-6104,2.0276304830300953,2.019915362593711,2.017860895408532,1.9869135569768892
8158-12702,2.185695108360706,2.3642544521833933,2.356961596043786,2.130237477377952
8158-1902,2.035317247350392,2.0258803188742034,2.0598873678626153,2.02091597587576
8241-1902,1.8445519126997216,1.9966254521687583,1.856368579330717,1.820776758823858
8243-3704,2.2304072782050253,2.097968421327238,2.1120958780707833,2.213988289175654
8244-6102,1.9825093059147956,1.9375807275930905,1.9473668051662365,1.958457538509458
8248-3703,2.0226184622997807,2.1092662045677133,2.1009921029177563,2.0306887914167526
8249-1901,2.0425136909653405,1.9851660685750145,2.0293559386297626,1.9391404555457898
8249-3701,2.3457515885991693,2.193191184395899,2.1817465288422686,2.176514285815996
8250-1901,2.0596111233060928,2.015790895169363,2.01826366758805,2.0070184420065393
8253-12704,1.8199787361216209,1.8351838396179334,1.9008046270237338,1.906598920684653
8253-1901,1.9931383390229631,2.1313724396873654,2.1328459888625315,1.9902440221433904
8254-1901,1.719451198694258,1.9012063677422169,1.855346984890397,1.8137732926674832
8254-3703,1.8061432609767438,1.8009778295626677,1.8835939250198588,1.870705467186781
8255-1901,2.1508147511056217,2.205987216153076,2.2154960253024947,2.084721781584266
8256-12703,1.8964959591168924,1.901588334579701,1.9914036827666686,2.016940220488965
8257-3702,2.4010057048612308,2.3472853470617174,2.354420477069937,2.3977844883051014
8257-3704,1.7214311216581224,1.7253292848650543,1.714531689592325,1.7400632967758658
8257-6101,1.8943200510848357,1.8923015141814374,1.8688117405714988,1.8725920181110505
8258-12704,2.190775292487997,2.0470349181464487,2.049171373917303,2.0283469651586454
8260-1901,1.679993473854751,2.075838905081898,2.0460005602596425,2.0539102152402533
8260-6103,1.9253167851557411,1.7985755858037762,1.7497457310157676,1.7702218067910354
8262-3703,2.16664557939192,2.11931460318018,2.1496158676148034,2.0969310144990527
8262-9102,2.0038222934647876,2.061659336501399,1.9265666586074421,1.8830673674347984
8263-12703,1.8305617249125226,1.8695180890986514,1.7957098809638221,1.7911062436646943
8263-1902,1.8997927701434019,2.0123866517967577,2.041689716904269,2.0338343120604763
8263-3701,1.9222399391516982,1.7793988950134134,1.8720943657617608,1.9217302084224626
8310-9101,1.9546792382810136,1.8830163907676607,1.8431121500261194,1.8485724071893082
8311-1902,2.16542507137915,2.1386138715493264,2.168783330658041,2.2049069724257766
8312-3701,2.2299688885130315,2.0067597430791,2.041075945964182,2.2362428246541484
8313-12705,2.1712263616126704,2.0316730178425138,2.046469587145291,2.030756448152813
8313-3702,2.357843787997729,2.2559572534419643,2.26981268480378,2.2842753451865794
8314-1901,1.877418689451507,1.9584476023120654,1.9943877148002802,1.967844730280869
8315-12703,2.1274206813092764,2.0149994898585923,2.044394544322636,2.03745616352723
8317-3702,2.354903660980244,2.21702404646042,2.2224844002735065,2.2253800831279062
8317-3703,2.0915829038095093,2.0887662694283264,2.092923877957129,2.0549651493195196
8318-1901,2.1157146633017003,2.070309639390234,2.11362200480911,2.166265534809806
8320-12703,1.9190744296360824,1.8972084078519633,1.8177322918134078,1.8111782706421375
8320-1901,2.205859102484079,2.101497391806512,2.0546227156543173,2.121400590199766
8320-3704,1.6760449752587578,1.7717530117072127,1.7477093712422171,1.8064855383485177
8320-6104,1.792958564004529,1.8778861680075731,1.8138705999261129,1.8230113301163509
8322-1901,2.0089921371980948,1.99824684022119,1.9678235028146616,1.8993307144000835
8322-9102,1.8335068342248249,1.8841721375999547,1.8616420243239464,1.847424715479677
8323-3702,1.963528211604655,1.9718961396848527,1.968152557151528,2.0087538313826907
8323-9102,1.8404373373027836,1.8063706520066976,1.7821074359270421,1.7961609558982272
8324-12701,1.9308808522744125,1.8550190499500452,1.934119591196749,1.937967817757519
8325-1902,1.7528931548845939,1.8451982728677685,1.8795821813584346,1.8426235978905379
8326-12703,1.8410128978767133,1.9890249757354328,1.8980871497728213,1.8678309313512942
8326-6104,2.4644964030923404,2.3163548926127766,2.310084455529177,2.400445617746906
8329-6101,2.291247159899,2.1609199657868188,2.145057125683841,2.241208446371222
8329-6103,1.8993225834519598,1.9138924244263646,1.9133024281889497,1.9441763819895168
8330-6104,2.262755226668559,2.276749332786852,2.2834909673798713,2.3188301584682836
8331-12704,1.9823783005738855,1.9825375001261123,1.961631220807202,1.972084788251795
8332-3703,2.0668147440361673,1.92497422543189,1.9449394965346622,2.022000820570573
8333-1901,1.6457113425020977,1.9064101494492547,1.9066608177333464,1.8520650422195906
8335-12701,2.0729557417456843,1.9982397788095208,2.0128304553601857,2.0328862378396284
8335-1902,1.920340419262954,2.086587252494246,2.063978222321642,1.9949657854668628
8335-6101,2.032491032096765,2.1529573264157493,2.0584695246801124,2.0235811016744227
8336-1902,1.8303322502029837,1.9270557790217298,1.9510246768948927,1.9575816282847955
8337-9102,1.6932710521700345,1.8073774126930513,1.7806445879702204,1.7673651965027009
8338-6102,1.7803529617165017,1.741301333613862,1.7355919697997149,1.7285739500820376
8341-3702,1.8068478665025125,1.811796315772032,1.825337187223486,1.822510595317613
8438-1901,2.0287814361373933,2.0890578249822815,2.103053249628358,2.0358936493932163
8438-6101,2.3411419945333907,2.361936985281105,2.3414710184895395,2.2920101143845817
8438-6103,2.1439052839346693,2.036290398584155,2.0871740873416127,2.120773082365213
8439-12703,1.8162396423760934,1.8266260932702794,1.8075386393640125,1.8028210482528289
8440-12701,1.9284610939562448,1.907000410221369,1.9114882774713917,1.9382851033637036
8441-12701,1.9429191646831765,1.916912012567207,1.952327550115544,1.9555632172706916
8441-1902,2.077473649475854,2.144949078762639,2.0442074353378223,1.9983712168101055
8442-3703,1.8692156974903533,1.8718270026734711,1.9227689092538103,1.917603616758463
8443-12703,2.168868567171467,2.121105888291052,2.167003508731929,2.0433120262390996
8443-3702,2.277101285587405,2.191845986931431,2.224805330910791,2.0611672091887767
8444-3701,2.0718956248009626,1.8911818993931917,1.9210630728201683,1.9385143693462692
8446-12701,1.7215353649556357,1.7951133072364813,1.7541458854712544,1.74935951133146
8446-12702,1.8774780056333797,1.906027229628973,1.952710389151773,1.9649278715287637
8446-3704,2.1271722060081077,1.9745553726902347,1.9842859072742545,1.9966013985920588
8448-1901,1.7047530470448182,1.931465136345291,1.8723045118664636,1.8319575010555837
8448-9101,1.7776365961309575,1.898670330806813,1.8643066889138382,1.8656858302119022
8450-12701,1.658677789645359,1.822279017900735,1.779953280237336,1.7738195558894565
8453-12703,1.9771729824148794,1.9456909632654067,1.9588384440236268,1.9683813958298295
8453-3702,2.037038647254077,2.113747222458461,2.1504709581104144,2.0383684322762896
8453-6104,1.9135591328380293,1.9452431142875497,1.9490974027906935,1.967986822707912
8454-12705,2.2673932794450224,2.1095884503958873,2.1558794533182737,2.324729118743873
8455-12705,1.861057141631473,1.7833169891227254,1.822152542725051,1.8360257857941453
8455-6104,2.3897026825176484,2.31959044148196,2.3176318389416832,2.3259814408434814
8456-1901,2.112914861953061,2.0881245788371037,2.0370591406974277,2.1459550532781426
8456-3702,2.3709771129652064,2.3116596664183815,2.2973255831520674,2.374585211730807
8456-3703,1.7300124566469013,1.7595503072035523,1.7606250426021077,1.8140334597189103
8456-3704,1.7872639702652322,1.7760448262866124,1.7891577646805157,1.8086051145440574
8461-6101,1.8130065529198058,2.074851542383455,2.0148171272786506,2.0158573405554048
8464-12702,2.056349056059461,1.9237434297466292,1.9661109426818157,1.9655542410597138
8464-3702,1.99891399281477,2.1169603159822747,2.03734182105543,1.9822253981753424
8464-6101,2.5688001684361015,2.4227347601000355,2.3502604938231535,2.065626476686636
8465-9102,1.9678140872394023,1.8820004346763175,1.8784950278338104,1.9228640000737327
8466-3701,2.3801455497031347,2.314511985652504,2.3205053656479095,2.35998345140109
8481-9102,1.5731809558447258,1.8111208625072357,1.774834264302217,1.780949181146101
8482-6101,2.301725395530785,2.3085371687751053,2.293094788250592,2.234374546159817
8483-1901,1.809819001923123,2.0215017370145185,2.006645525226608,1.9476397095570521
8485-3702,1.8144770051440726,1.7849012769952046,1.7795413887211473,1.7865528964571606
8485-9102,1.9008209067813104,1.9282293000864734,1.9169623381489171,1.9530949442458598
8486-1902,2.1867815094598355,2.106209775407834,2.1312767770237926,2.2492496102402146
8487-1902,2.233628297734911,2.0157888729120588,2.045079199300857,2.0510626757056496
8487-3702,1.8437282266458481,2.088711289148333,1.9950526391431733,1.8796794560529682
8487-9102,1.8895158829491556,1.9619416392813602,1.9895004230275284,2.01816744559407
8546-1902,1.8897622026932133,1.8839832084379435,1.8740002559516014,1.8421023929628646
8546-3704,1.92243920667995,2.052761793389652,2.037874905053242,2.007722332578057
8546-6103,1.980888384490716,1.922649452881932,1.9359329621575572,1.934616407781231
8549-3701,1.934484563697978,1.960473553321943,2.0154290611965626,1.9506563109276112
8549-3703,2.0637543116677146,2.160299747018253,2.161467741909069,2.0792247329119413
8551-12705,1.8147899917713437,1.935162682692594,1.8142856598729316,1.7918190768841349
8551-6104,1.8193697221963572,1.7949233842927808,1.824024233368963,1.8499111930228724
8552-3701,1.7099126143086167,1.7575603952139758,1.7633434996459467,1.7700800289492975
8554-12701,2.011023742805236,1.9845485942190237,1.9825777025958868,2.001159446285078
8554-1902,2.0161831278339974,2.0219358545456343,2.0931859796987764,2.095611391015638
8554-9101,1.7356804819175358,1.7283740476833958,1.718609761029982,1.7222341208565632
8555-3701,2.21947947606308,2.0872993869931813,2.1035154372860143,1.990966600525773
8561-9102,2.011702783872482,2.0834388954097522,2.106799914075797,2.0832869687219318
8562-12705,2.285031787386956,2.1503718273201526,2.162342791167706,2.097848193954196
8563-12705,1.9195698224460356,1.8857563328563238,1.880779983108477,1.8882239946367725
8566-1902,1.9065175580016052,1.945700230937792,1.9840446276046555,1.9838324872503639
8566-6103,1.5439172559489136,1.7620695124054389,1.7713970748687484,1.7702875508651916
8566-9102,2.3832716192467363,2.019794524413021,2.0455839548216233,2.028957222399499
8567-1901,1.9185129326813655,2.0237767781479508,2.0104996132690287,1.9331580895245202
8567-1902,1.8963927671734933,1.878875051529427,1.8485699812079275,1.8575739231992556
8567-9102,1.906502746235242,1.907627835693416,1.9089170333727525,1.8758684490101656
8568-3704,1.982790356950462,1.9955805828730888,1.9504142180244783,1.9373250151234755
8588-1902,2.1214347572428207,2.107894547555928,2.1083346643572205,1.9558531909743866
8588-3702,2.12653238416551,2.141480347510108,2.1674269705766527,2.0782733538649265
8588-6101,2.0412058983689683,1.908983095901221,1.898191394515275,1.9198811124144188
8588-9101,2.075480534803724,1.9109837920427155,1.9409831845818057,1.9476664349722905
8589-3704,1.808829756125073,1.975166181416054,2.004104713297781,1.9163407506662136
8589-6101,1.7809184981324115,1.9726621446894093,1.996987670798823,1.9163882031804198
8589-9101,2.027778389270539,1.9592601668353868,1.984458381280016,1.9910613620574567
8589-9102,1.867374313743358,1.9345058241493236,1.974838699322706,1.9878755410171705
8591-12705,1.836825290935385,1.7784783673498565,1.7724182081559652,1.7621739353104227
8591-6104,2.0109454049882185,2.0626101970645894,2.1106451392219348,2.0317668676957386
8592-9101,1.8959145781316078,1.8716683830866618,1.8926780612095426,1.9076374583544597
8593-12701,1.996883202721615,1.985204363208192,1.9925933676127894,1.9786703978243854
8593-6101,2.4092894852207922,2.366062420332733,2.3508679664616725,2.3976818249358955
8593-9101,2.1796109568856514,2.04696542829621,2.02506866882917,2.144769353246185
8595-3702,1.9774430976297324,2.0983867847792945,2.0445251505024338,2.0217430303976944
8596-12704,1.9765359016213204,1.944601464710878,1.9558797162335315,1.9729547065749742
8596-1901,1.7433178958897968,1.9215299796517495,1.9694285305838106,1.9345808585855404
8596-3701,2.229722275631735,2.2984395008432768,2.2735507626668796,2.1325396106613113
8597-12703,1.896962497301469,1.8593874925533191,1.88588239730315,1.9078014723723833
8600-6103,2.143930539169936,2.0097442787700945,2.0237925062637827,2.047526842512284
8601-1901,2.2693104597557414,2.187123762292345,2.1870055581008305,2.1998883820794077
8601-6104,2.37716285921205,2.159571591968712,2.1660182744536516,2.2185508013068964
8602-6101,1.7206082558518334,1.772480884468525,1.838037044278112,1.8442553203519847
8602-6103,1.83646400437094,1.8146871206442334,1.8547585873038919,1.8912256751527972
8603-12702,2.003442866994531,2.1313591148253934,2.104031971959736,1.9911429126459839
8604-1902,2.0736032562213182,2.0387918284124393,2.090187934453885,2.176388844653628
8604-3702,1.7284140108364057,1.7422821949892302,1.782627529926887,1.8311067207301566
8610-1901,1.4808505526133275,1.7595615855205742,1.7501062124952298,1.7621409160326567
8611-1901,2.107198094245769,2.065857642838712,2.0755471769325093,2.0073569819473116
8611-3702,2.0992596064228066,2.1431928846763344,2.1156856548440803,2.069909535092099
8611-6101,2.313089009933294,2.116524182044468,2.1285084562615606,2.223275646245713
8612-1901,2.582524357087581,2.151446408987077,2.096239178545823,2.010524805788064
8612-3703,2.373681090150921,2.319800667307244,2.328041600185073,2.377814815510348
8613-12702,1.845957092906437,1.8436242502725673,1.861654181901759,1.8617221271075288
8613-3703,2.1536908060278948,2.0939458119558543,2.1031253239601777,2.1726691973775254
8614-1902,2.0848224870594354,2.146196567484432,2.1289412786590223,2.1009288384593274
8614-6102,1.84307411012849,1.8561334119312398,1.8821867543171105,1.922521106559475
8615-1901,1.8769929877931026,1.8249746757161842,1.8001774879072991,1.822711821620082
8621-1902,2.0924083174699124,2.1059450567754174,2.1314893706078024,2.057213472320681
8621-3703,1.9751646237423457,1.887032266472658,1.8347190700269569,1.8356175413771287
8623-3701,1.9177387161043262,1.9215933343872156,1.9357864081231733,1.9516233944052477
8623-6102,1.6673848613851563,1.7844846199231108,1.7801622994093822,1.7509209651000461
8624-12702,1.9681190161099704,1.8642817353252703,1.8949178910085422,1.9117110645751236
8624-12703,1.9645636713466834,1.8519937285421253,1.8960930923356245,1.899852239411737
8624-1901,2.1364805293567883,2.0914331564073483,2.139441871680786,2.1195718105917973
8624-3703,1.8740030181682978,1.871198936987388,1.87118980938249,1.9074629945314479
8626-1901,1.8556213270224462,1.8495206212347657,1.8882680012066642,1.9313727277362662
8655-6104,2.376033383968297,2.0465307015697993,2.0910141124658885,2.182539385142721
8657-1901,2.101979620350097,2.0692962638943784,2.1170110360570713,2.2270736150524253
8657-3704,1.7465851629214078,1.9445285625441557,1.8613320351964493,1.8330442998619765
8657-6101,2.0769428519506463,2.242513573722621,2.23880137527575,2.098522631431355
8710-3702,1.9949997826855899,1.8462797199685659,1.8991004149295114,1.9022811221457459
8710-6102,1.9620067355225246,2.0912614747912808,2.046213530332075,2.0162027380286394
8711-1901,1.9212908012533931,2.0323574703006226,2.0005459688632263,1.9636709729928061
8712-6103,1.8083649411832106,1.837756804984807,1.801785677326312,1.8056704114796487
8713-3704,1.7600508367922412,1.7679676057041052,1.7845462406337589,1.810667661748981
8715-9101,2.037075334503103,2.0917610769287815,2.0498445476161824,2.0305329081273324
8716-3701,1.985532407458335,1.939461184870491,1.9426960475703547,1.946845787441134
8719-12702,1.8777031030493472,1.7642616376059195,1.7560748575239564,1.7551369331020021
8720-1901,1.7009368931669437,1.9674420063270663,1.9253751449368608,1.9325866524592823
8720-6103,1.6354786196970141,1.7385621410504766,1.7458100629846456,1.7538820832180106
8720-9102,2.185526006618435,2.0913011994096316,2.104445684032329,2.157516405913301
8721-3703,2.066240922072282,2.093276273087196,2.1361987484605693,2.1279856169092297
8723-1901,1.9994796642001185,2.0133121883161085,2.0500526547987246,1.9587624392609757
8725-9102,2.0133664883548894,2.006358995879319,1.9100619936338303,1.90036332338083
8726-12701,1.8197121591676575,1.9397540616011448,1.8555705794158697,1.8654783984684247
8727-1901,1.7611477374056563,1.7883710838969114,1.7974617484106221,1.800083266848951
8727-3702,1.8378625632198946,2.0123116840989788,1.8762308076176542,1.8570954561291673
8728-12705,1.7954556607256986,1.944671005177306,1.9056750016606276,1.9360990079722276
8931-3702,1.8159976952507202,1.863505033399464,1.9380702107376302,1.9335401602156166
8932-12702,1.7928054730227534,1.8681751689474628,1.920749860805436,1.9034131326694423
8933-1902,2.0810349788434004,2.0173466566387037,2.0587094857111343,2.0861599553202534
8933-3703,2.074613868877737,2.075405494649839,2.112970766503456,2.0883134250419264
8934-1901,1.739585001299739,1.8709625118722657,1.9114620162146867,1.9105725829431195
8935-9101,1.7673825309130595,1.878239789111079,1.8994428231491312,1.854665456766332
8936-1902,2.0182568258352167,2.018843953231885,1.985603932427074,1.932887056380989
8937-9101,2.36056084972418,2.12143980806537,2.145667467084893,2.253888425484363
8938-3703,1.6710701370577352,1.7952311649545198,1.776659116878483,1.78997755790902
8938-6102,1.8130054841153014,2.023370555092321,1.9356475316043111,1.912054975049707
8939-6101,1.6974366732379589,1.7750958085795714,1.8828385948939244,1.9039664047940692
8941-3701,1.841529587952932,2.050592955826467,1.9842347096199646,1.93755183208327
8943-12701,2.1070779647809093,2.181178410303125,2.195643555995029,2.129186306666192
8943-3703,2.4263775366350586,2.4086223061921617,2.4132666013902293,2.387812051299573
8943-6102,2.052608921131695,2.0975437830388137,2.0942094720461646,2.0484040037002655
8944-3703,1.6920021751042138,1.825278262395679,1.7751953105857607,1.7666731430956653
8944-3704,1.7297709203405778,1.8646761106865146,1.8338046704784217,1.8284167923978014
8944-6101,1.7360428665349459,1.8314718782209103,1.8038627429585579,1.8003901877747013
8946-3704,2.0377399533785874,2.0088056667111784,2.0679865148031626,2.043447691768538
8947-12703,2.0747213826289395,2.0330872509681193,2.095037920922929,2.075629713610189
8947-9101,1.9236671717966525,2.0005546483298224,1.9174362898181523,1.8803930390915493
8948-6103,2.1001843790154466,2.107993746422591,2.0111615046930944,1.9995055977445337
8952-1901,2.0881463698359792,2.105489449701471,2.138875484998355,2.2298424445343086
8952-1902,1.83544177947715,1.9066004234142342,1.911692733288647,1.86174243384178
8952-3701,1.984922094311331,1.960148856671306,2.004211744158032,2.085615352985094
8952-3702,1.8664740160412496,1.967551156275326,1.9810734425245347,1.9846745039316762
8977-12702,1.7459793061302054,1.7525735954226613,1.7322096228438302,1.7296659527338323
8977-6102,1.7779454908294798,1.8075109171340529,1.7740290413149797,1.7665161224356953
8978-1901,2.098745798977981,2.191934609285367,2.172408035821819,2.2054082589889266
8980-9102,1.718022787559259,1.8052768992570103,1.7777836832873577,1.7810395456762513
8981-12703,2.033642858072323,2.026679357913886,2.0797669847523386,1.9875763855954558
8981-9101,2.1361222870830394,2.0167532613134913,2.045532755084289,2.018696073062914
8982-12705,2.128902422677297,1.9302312102796457,1.9423765094850987,1.974474120352922
8982-9102,1.8249433867139493,1.7802606605465232,1.7561460163633056,1.753631653739921
8983-3701,2.3661353871110165,2.287555404426258,2.2947404004705425,2.3415295042847446
8983-3703,1.9029163430634097,1.8848341290872952,1.8874463236428614,1.9058847780476802
8984-3701,1.898938876467435,2.005211906065051,1.998860822795901,1.9758265287530081
8985-3704,1.8049215485770418,2.0794554171152577,1.9984752922269,1.947251719715142
8988-12704,1.83823838338948,1.866410504173782,1.8994696125155066,1.8883182348238954
8988-3702,1.621978362056937,1.705452716479691,1.709774307416579,1.714640142896188
8988-3703,1.7802890784799916,1.8426273552391468,1.784631260168816,1.785200061863492
8988-6101,1.7253563274508041,1.8101621367258847,1.7505774262807519,1.7439780047626388
8989-6104,2.077551033546751,2.105941292402617,2.118871354906353,2.073329048585419
8991-3701,2.176259153797792,2.0903207464929894,2.1136380572412343,2.1027138955237286
8991-6104,1.9677582399017608,1.9263452005164083,1.8924354067695444,1.8967802163388479
8992-12701,1.9968984247575021,1.8941178404175034,1.9015095754502096,1.8891926637487941
8992-3701,2.1071013824534277,2.009991072439105,2.0578831915006193,2.174634308737027
8993-12701,2.0357510372474983,1.8128790729267295,1.8382212865502472,1.8751877947644755
8993-12705,2.069464589301706,2.1252925854727445,1.9760457290251041,1.9756702107664499
8994-12702,1.7950115333995302,1.8123352314662486,1.7764499013070028,1.7993332262799178
8994-3702,2.084551613596735,2.0474837891697786,2.068166936663913,2.304160261471956
8994-3703,2.07567248720125,1.9576842239603853,2.0210205082336357,2.1573194003690546
8998-1901,1.9592046277305348,2.077829962225631,2.1361158155013,2.117751551754539
8998-6101,2.310005542148088,2.1099402214546243,2.136232845178403,2.1937015954057753
8999-12702,2.02870908271914,2.094386040751594,2.139368300331625,1.9966491942945142
9000-6104,2.3268202796944673,2.221613537913126,2.230269908656096,2.3198767252987618
9001-3701,1.6832141463884474,1.7674402589606788,1.7715926298978841,1.7361569928774696
9001-3704,2.0824536005656906,2.089704273472202,2.056657224236047,2.007013928267135
9002-1901,1.9712197487443235,2.1452207218024992,2.0906873933661174,2.0521122396336793
9025-1902,1.7754230020287,1.8364588480006516,1.8113588754020804,1.8201918735958327
9025-3704,2.252721995001278,2.1504956515384994,2.1641397048548923,2.26620240434808
9026-3703,1.8701370424095825,1.9050800018541019,1.8646799241722425,1.849505346780801
9026-3704,2.0457535384629075,1.9914224640519023,1.9615204195017535,1.9581393878184044
9027-3701,2.0269604034424265,2.0579151174946078,1.9838223520947758,1.9451201496529638
9027-6103,2.0116178032174172,2.0527526721774696,1.9709268892623355,1.9425439653186998
9028-12701,1.86472912283274,1.79247766528933,1.8015153915046282,1.8184184698520083
9028-6103,2.01025542220749,1.9902120223356152,1.9732031373984498,2.1559615240338594
9029-3703,2.3371272735454203,2.153805004332445,2.1757455023971155,2.229889131308601
9029-6101,2.2573931904390143,2.0537835857791316,2.101637386831076,2.2976232912834496
9030-1902,1.8390653029717512,2.0263026443814844,2.0176628900791598,1.9455623375112896
9031-3703,1.9694375799394335,1.7772490173093034,1.829519608655373,1.860987970573104
9031-6101,1.7382407628432446,2.005966014845995,1.9491525604098456,1.9181145525631982
9032-12702,2.021214528778412,1.9710885157020304,1.9851223459185556,2.069132075147896
9032-3703,1.959958836109409,1.9369757261814904,1.9873483307220532,1.9810282646530193
9032-3704,1.9787182797454606,1.985307760427637,1.9490627797960327,1.9259270575638212
9032-9102,1.7619258848423411,1.803980488581613,1.7681578876949573,1.796577007944873
9034-1902,1.9561539217226676,1.9352743547033442,1.9891656789935193,2.0269947772083228
9035-1901,1.8134888496582573,1.7437897336153851,1.8376223317377582,1.8387251264501976
9036-3701,2.3560348491003213,2.1915977707253584,2.222462132366929,2.310912804245838
9036-6102,1.953922074947799,1.8702209557704714,1.8793718818656933,1.887584925302062
9037-9102,1.8823744726794256,1.7526146180866715,1.7558876586606385,1.7505987311593434
9038-12703,1.959025595168571,2.065094286525836,1.9743585079755719,1.951616898628157
9038-3704,2.2201169831371446,2.1165336393002865,2.1023984011561487,2.1924880399313103
9039-1901,2.3999556618192806,2.4133776850201922,2.402855686797299,2.402360546863849
9039-3703,2.4290389025490784,2.322723207631607,2.322448069798935,2.372504959867398
9039-6103,2.462338839966436,2.3442241003015796,2.3207473498837285,2.383008299903564
9040-9102,2.112555738486934,1.996644220585231,2.013515563306189,2.041969539554002
9041-6104,1.898354172962548,1.9206589396655498,1.9337854606206548,1.9267973607299096
9042-3701,2.4672822995362553,2.346774098803121,2.352958180425971,2.418625698475728
9042-3704,2.421572176150517,2.1231754343742137,2.1506713584050963,2.284822808167857
9042-9101,2.0394974005432016,1.9788711007319115,2.0051318240483615,1.9957824305760057
9044-12701,2.1100979048501665,2.000514401638509,2.0392264178881256,2.028673892374567
9044-3702,2.4763425909061176,2.395223855085273,2.4075150965171157,2.396006040160952
9044-3703,2.3409879313231503,2.331571126538292,2.3294550490641406,2.160878141018221
9044-3704,2.432591402498066,2.3365774368733496,2.3322360083056313,2.396059597576021
9044-6101,1.7974270991539019,1.9324423319965875,1.875372488093982,1.859321187640357
9046-12702,2.0182980490700433,2.0102990918573265,1.9975545046331216,1.9946415791948406
9047-12702,1.7987980319941754,1.7712415533754367,1.7930367502200892,1.8099013084874156
9047-9101,1.8699403324668498,1.744379328853125,1.807078215512284,1.8505036753557627
9050-3704,2.0869290240483647,2.139208397684262,2.0061006835941186,1.9978345390072514
9087-9102,1.7294351672612878,1.7565900923031301,1.860481221273755,1.8474512697359335
9088-1902,1.9280397179574649,1.8839532024582488,1.860094839409012,1.8593026536601178
9089-12702,1.8457449669307513,1.8820383317667577,1.832772144843557,1.8129334250765257
9089-6101,1.8736801557421645,1.8847825381423176,1.884195517723398,1.8982610461513787
9090-12701,2.373761725862524,2.4033523995592034,2.394360300779511,2.275370224786635
9091-12701,2.21933823394568,2.0916809242720085,2.1221442098675447,2.2842335665710474
9091-1901,1.58260861714074,1.8730351711913524,1.8309823091822233,1.8639893125548008
9091-1902,2.3132315469955964,2.0956401939473444,2.1261148223956474,2.0421239340562107
9091-3703,2.208639914768032,2.09188061975424,2.1027030115130305,2.1873760891576683
9094-1902,2.306264577039749,2.2005413799364932,2.088991202098565,2.038657743180119
9095-3704,2.2417048297585422,2.0955750128115427,2.129658696480613,2.004669598533195
9181-3701,1.7458696194367298,1.7983063020558945,1.798711156297057,1.8093910717699635
9185-3703,2.3222223968262825,2.4213795686666044,2.420713248952622,2.370487027557901
9185-9101,2.0818490133483585,2.186256322632449,2.101536425017952,2.055862984718532
9187-1902,1.8552421364621532,2.0404184222418063,2.0305082172087356,1.9491855632545678
9188-1902,1.6786991608718027,1.7806452900564824,1.7891203896904597,1.7412287657618322
9194-1901,1.8529756115910816,1.8825650879825317,1.878284472078195,1.8707629699589725
9194-6103,2.1863445604620035,2.1184451743198953,2.146272983099764,2.2592874063580464
9195-1901,1.5460722109554996,1.7453030757005457,1.8480715143713136,1.8860509942869939
9195-3702,2.2429424933888074,2.099264888082933,2.038715327422121,2.034618073617488
9195-9101,1.872027655902862,1.9834211676827187,2.010440326937035,2.0178566749020233
9196-12704,2.051878827233219,1.9006948243470985,1.9486902907673131,1.9887996880426992
9196-1901,2.2079242490213957,2.087905610976248,2.13345709230538,2.2028665551771605
9484-6101,1.986422994610443,1.8086863036668472,1.9037345563960462,1.8979305814329728
9485-12704,1.8774080923097616,2.0836669112868216,2.078191725847263,2.0018955943492784
9485-12705,2.057306197746074,1.9729681195078062,2.0077001907767187,2.0120215525862046
9485-1902,2.355637114056429,2.1938928357435357,2.194600434469547,2.2525540657989844
9486-1902,2.3504071658536163,2.2738116591617517,2.2738588607967976,2.286396537794513
9488-1901,1.8408698310170408,1.9377293616487252,2.0500055223546174,1.9368864389856417
9488-3703,1.7247034800528862,1.7793895026928432,1.7760546906467984,1.7895644766492818
9489-3702,1.5966667970458952,1.720552886106656,1.7402382187444416,1.7335115598962287
9489-6103,2.2736868001999113,2.057573473378662,2.0877225442292326,2.1909225629924705
9490-1902,1.9404303147498418,2.0580463885795286,2.0463845960248372,2.0251214328125093
9491-6101,2.013861456941228,1.860914424305746,1.8517610052778677,1.8624694906374943
9492-12704,1.991511596911327,1.9322220202213598,1.9723897200631748,1.9578043575152528
9492-3704,2.043976537145378,2.0124362653431547,2.0273820588322815,1.9999027011918018
9495-3704,1.5401376920638832,1.874111049889814,1.830222395958602,1.8313376222961328
9498-3702,2.157336769017846,2.239543703341722,2.1765859669131746,2.0531529794998873
9498-3703,2.169404311756416,2.1946617919526727,2.215248172193403,2.09105968709767
9499-12705,2.0920297144773294,1.9557651680988293,2.000196635549523,1.9724663373390383
9499-1901,2.190297793858325,2.085547340569709,2.0739372116469506,2.0100765850408684
9501-1901,1.8992976670354154,1.9296860727074114,1.941497644420788,1.92691675086534
9501-1902,1.7329564498964019,1.77555133252394,1.8119595265760269,1.853863088729408
9501-3701,2.1120547478128766,1.9926766320644962,2.0041106351419042,2.0378438950405626
9502-3704,1.9264182357198256,1.8817980701481225,1.8787750577466815,1.9021679959153863
9503-3701,2.2575007416632236,2.0450758992249494,2.0691022328217623,2.0325435403884997
9503-9101,2.284178205621931,2.1408347587540977,2.152521530891778,2.1956506132988003
9504-3702,1.7654808662151613,1.8155766827205169,1.7789520695129293,1.7806414387553184
9505-12701,2.0915734071707135,1.986928514029064,2.0187834679425904,2.0111542859945315
9505-3704,1.6905555979155371,1.9042447894978836,1.858558397300228,1.833183247366256
9505-6102,1.7708544407400801,1.8490456020440076,1.851646064926065,1.8700318468673027
9505-6104,1.8303324427661505,1.8370597595189722,1.7818461740773859,1.7954278194103221
9506-1901,1.7673457263336574,1.8234061400774406,1.8217942228310253,1.8114712829306387
9506-3701,1.9546998701478486,1.9500252072114397,1.9499973182066752,1.9566680559819156
9506-9101,2.166059902856835,2.088345377894862,2.1217088919390417,2.0436962156602876
9508-6102,2.0618213972624564,1.967983656350316,1.964655768863496,1.8965520713033635
9509-12703,2.250708541477474,2.048336610976536,2.1125637814122267,2.256455581780048
9511-6101,1.8878355178594721,2.1486850136769196,2.0892932422977286,2.062563828206585
9513-1902,1.912170916276536,2.062342353736217,1.9256583273282095,1.8768288299705496
9862-12701,1.973363648442065,1.9305800758461638,1.9906064564002586,2.113691503668303
9862-12702,2.1291286196577723,2.0799588108578906,2.0147513197717197,2.180432686973224
9862-6101,2.1184925634199696,2.020535154376677,2.0968399750444298,2.1356341432034194
9863-1901,2.0638086831052913,2.099234360329316,2.1452068048875987,2.2168005968267166
9863-6104,2.1245205268737317,2.0525467637048243,2.1340811392863306,2.022864484430787
9863-9101,1.735840568418528,1.7807256352673213,1.773465023282699,1.7855208639011355
9864-9101,2.021486998943519,1.9278841945377043,1.953720315187777,1.972895852624993
9864-9102,1.7711938655642534,1.7915654129533178,1.7694142838181635,1.8041632995352859
9865-12701,1.9544354380949744,1.8580703640183236,1.9042564229463832,1.9246919938825569
9865-3702,1.7635230038070293,1.7728194706459064,1.751952859625543,1.7641673871158905
9865-3704,2.1172003440441944,2.0903566247967693,2.1220016862896287,2.0368277861560875
9868-12702,2.1331098306773417,2.1117096354429945,2.122639322978084,2.1594531857071426
9869-12702,2.0518826811608673,2.002630016124161,2.032145590644717,2.0305543852169214
9870-3701,1.9194278986290727,2.0479881929270385,2.0144009443232287,1.9513348111214845
9870-6103,2.020885600384105,2.074204682963198,2.0084321341040687,2.0080099575526433
9872-3702,1.6435810704872724,1.7286377818615415,1.7208167033187498,1.7023156394174386
9872-9101,2.095282357942499,2.214593106425264,2.1813784750924383,2.0856533775977817
9872-9102,1.9715082918272728,1.9082420216487161,1.9073662380779441,1.9213279734963002
9873-12704,2.0516872439282468,2.0035360074069657,1.9945565992767915,1.937432978970427
9874-1901,1.992753653633221,2.1079158501699675,2.1347750371996908,2.0583736437535665
9875-3703,2.1323839389084402,2.0539533529523872,2.102777536879517,2.1917730117485927
9875-3704,1.7364969760372693,1.8386656938480266,1.7858687680675798,1.7610795873683476
9876-6103,1.6544584047693962,1.7889169793482202,1.7356702916801658,1.6996678845099056
9877-6102,2.26752864219286,2.0346850978587203,2.0261964484967323,2.110877871097339
9877-9102,1.7583668665781134,2.0587186141716027,1.9497557410354611,1.8739889630950444
9878-6103,2.154875988399167,2.002508648032296,2.0429565192243038,1.990500698571485
9880-3701,1.997389005885268,2.0532597432055795,2.020817278721627,2.047139953701545
9881-3703,2.0330065520310607,2.022156419725705,2.0690203441951964,2.044930671662058
9881-6102,1.9784229417661066,2.0522261970353104,2.075041443565471,1.994745083311883
9883-6103,2.244899534528553,2.160732042357176,2.174919899170422,2.2990844426749666
9884-12703,1.8679976280558668,2.0141008111167884,1.9341161439643724,1.922849383031274
9885-6102,2.34469263868975,2.1096217753893916,2.1004882142775503,2.253516112938796
9886-9102,2.4515875045823687,2.1665112825360096,2.1804696884600028,2.2892514060885336
9887-3703,2.148543737282802,1.9552981694334284,1.9778462030917345,2.013791302254312
9888-3701,2.116255650115324,2.0819823489513722,2.1090207439072013,2.03225641199985
9888-3702,2.394479173598595,2.2346987193878323,2.230463606539771,2.3000487082645105
9889-12702,2.0363653647261675,1.8766332943135104,1.89840969779882,1.8862204746587272
9890-12702,2.0008521178563603,2.26767984027825,2.287683828202048,2.11827446292151
9890-6102,2.0808132943652997,2.079135800396098,2.0672491390436374,2.063137752513056
9891-1902,2.1251584340373797,2.041141898955804,2.058441841758872,2.070217694650274
9891-6101,2.2903761220450183,2.1368945185494814,2.1548124016461854,2.2139526572261623
9891-6102,1.945905318892533,1.8998448218408428,1.8404312008149393,1.8296125025369931
9892-6102,2.366974021360135,2.155056416214992,2.0593564477203925,2.014596791642938
9893-12701,1.8530298330995032,1.8980550035355415,1.891739374647006,1.9074021688563336
9893-1902,2.020717523193456,1.9440798351726623,2.004006136026305,2.0930654040876884
9894-12702,2.0493397631656753,1.944438634816788,1.9462620520199678,1.9426191923590403
9894-3701,2.0497574535207703,1.9734987391064416,2.0106572695075626,1.9945915929244773
