CALIFAid	PAkin_star_app	e_PAkin_star_app	PAkin_star_rec	e_PAkin_star_rec	PAkin_gas_app	e_PAkin_gas_app	PAkin_gas_rec	e_PAkin_gas_rec	PAmorph_star	Vsys_star	Vsys_gas	dPA_gas_star_rec	dPA_gas_star_rec_fold90
1	6.0	3.3	8.2	3.2	4.5	1.2	3.5	1.6	3.7	4963.0	4990.0	4.7	4.7
2	49.9	2.7	45.0	0.2	55.0	1.4	44.6	1.0	45.2	7209.0	7247.0	0.4	0.4
7	22.7	2.8	18.8	1.6	27.8	2.7	10.3	2.4	17.4	6238.0	6299.0	8.5	8.5
8	114.6	4.2	118.2	6.2	116.2	2.1	115.7	1.7	106.0	4515.0	4534.0	2.5	2.5
10	19.4	2.7	12.0	2.3	16.4	1.4	18.9	2.3	179.3	5939.0	5974.0	6.9	6.9
23	88.8	7.2	92.0	4.9	69.9	16.1	108.2	33.0	126.0	3857.0	3859.0	16.2	16.2
25	168.1	4.0	172.0	3.8	174.6	2.4	165.6	1.8	167.1	5204.0	5239.0	6.4	6.4
28	51.3	5.4	40.2	6.3	56.2	2.3	47.3	2.4	60.4	4500.0	4486.0	7.1	7.1
30	17.0	5.8	165.3	5.2	5.7	1.9	179.6	0.6	177.3	4142.0	4111.0	14.3	14.3
31	66.5	7.3	76.4	6.7	65.4	1.1	75.9	1.9	82.2	4391.0	4438.0	0.5	0.5
33	91.0	6.3	94.4	4.8	91.5	2.1	87.7	1.2	93.7	5183.0	5213.0	6.7	6.7
41	58.6	7.1	60.3	5.1	45.9	2.2	60.6	2.2	53.9	5524.0	5547.0	0.3	0.3
43	19.0	9.7	31.8	7.2	7.9	4.0	16.1	4.5	156.4	4839.0	4811.0	15.7	15.7
53	152.6	4.7	155.1	3.8	148.0	1.4	151.7	1.6	152.2	6294.0	6356.0	3.4	3.4
108	92.9	3.0	101.4	1.8	100.6	2.2	100.4	2.3	96.5	5224.0	5235.0	1.0	1.0
116	164.5	6.3	171.7	7.2	159.9	4.9	167.3	7.0	172.4	7676.0	7696.0	4.4	4.4
131	123.4	3.6	129.2	2.8	130.3	3.5	132.9	2.9	128.0	3689.0	3693.0	3.7	3.7
147	117.0	5.7	122.1	3.3	117.7	1.4	116.4	4.3	141.7	3549.0	3568.0	5.7	5.7
149	8.5	4.3	7.2	4.0	5.3	1.7	13.8	1.7	3.9	4396.0	4359.0	6.6	6.6
151	32.4	2.5	41.7	2.3	36.6	1.3	37.3	3.0	37.0	4662.0	4574.0	4.4	4.4
152	116.9	5.9	125.2	10.0	122.8	1.9	113.9	2.2	121.9	3881.0	3916.0	11.3	11.3
153	137.7	2.2	130.2	2.4	135.7	2.1	134.0	1.9	134.9	7984.0	8081.0	3.8	3.8
273	162.6	2.7	164.5	2.5	150.0	2.9	174.1	2.6	162.9	4326.0	4270.0	9.6	9.6
275	79.6	4.6	80.2	4.9	83.2	0.9	82.3	1.3	82.1	2169.0	2086.0	2.1	2.1
277	19.7	5.9	19.6	6.4	12.8	2.5	32.5	4.0	22.3	3690.0	3649.0	12.9	12.9
307	101.8	6.3	95.5	5.6	97.2	4.3	92.0	3.2	95.2	8344.0	8439.0	3.5	3.5
364	102.6	1.4	101.8	0.8	108.6	4.3	98.6	2.8	99.8	6474.0	6582.0	3.2	3.2
386	44.9	3.9	58.1	4.7	46.6	3.4	44.2	2.9	48.9	6297.0	6332.0	13.9	13.9
414	135.6	12.8	141.5	11.0	143.4	2.3	150.5	2.8	107.9	2521.0	2497.0	9.0	9.0
436	145.1	39.0	173.2	5.9	171.5	3.1	173.7	2.7	24.3	3106.0	3158.0	0.5	0.5
489	102.4	3.7	106.6	3.8	100.8	1.5	104.2	2.0	104.1	3392.0	3409.0	2.4	2.4
515	159.5	2.3	171.8	5.4	166.6	3.3	165.4	3.2	0.2	3868.0	3866.0	6.4	6.4
518	99.2	4.4	93.0	3.5	98.1	2.9	97.3	2.5	88.5	2712.0	2690.0	4.3	4.3
580	40.6	4.4	36.1	5.1	40.1	1.5	35.5	1.6	43.3	4082.0	4063.0	0.6	0.6
602	72.9	3.2	82.4	4.4	67.0	3.7	59.3	6.5	75.2	4737.0	4799.0	23.1	23.1
610	40.2	3.2	38.7	3.6	39.9	2.0	47.0	2.6	39.4	7125.0	7223.0	8.3	8.3
624	92.9	3.5	85.2	4.8	87.4	4.6	78.1	7.9	116.4	7255.0	7309.0	7.1	7.1
630	157.6	8.0	170.1	7.6	159.5	4.0	163.9	3.7	146.4	1768.0	1727.0	6.2	6.2
664	109.4	2.6	111.5	2.9	113.3	3.2	103.6	3.2	118.7	3220.0	3204.0	7.9	7.9
684	119.9	2.3	107.5	4.6	109.5	3.8	111.3	4.2	141.2	5331.0	5439.0	3.8	3.8
714	12.7	5.0	13.0	4.3	12.1	2.4	13.5	1.9	16.7	7793.0	7831.0	0.5	0.5
715	68.7	3.9	62.4	5.0	64.9	0.5	66.7	0.8	66.5	1885.0	1884.0	4.3	4.3
743	92.1	7.5	81.0	6.4	83.0	1.6	84.9	1.3	85.9	3868.0	3865.0	3.9	3.9
748	17.8	6.2	17.6	4.1	10.7	0.7	21.4	1.4	192.5	2355.0	2350.0	3.8	3.8
753	57.4	3.0	57.0	3.2	58.4	0.7	55.7	0.6	56.1	3175.0	3222.0	1.3	1.3
764	121.3	4.0	136.1	7.8	129.4	2.8	128.4	2.3	128.4	7704.0	7726.0	7.7	7.7
768	50.0	20.6	41.7	13.8	36.8	1.5	53.7	1.8	42.4	3735.0	3765.0	12.0	12.0
771	29.5	6.6	46.5	9.7	40.7	3.9	44.3	2.8	98.7	3762.0	3741.0	2.2	2.2
777	35.7	2.0	38.4	3.1	37.4	1.0	36.4	1.2	36.1	4836.0	4877.0	2.0	2.0
779	129.4	4.4	117.9	3.7	124.9	2.1	122.5	2.0	121.8	5527.0	5559.0	4.6	4.6
782	147.6	3.0	152.9	3.6	153.0	3.6	149.0	4.6	152.9	7803.0	7878.0	3.9	3.9
790	142.4	5.6	144.5	5.9	145.5	3.7	160.7	5.9	143.6	4677.0	4717.0	16.2	16.2
791	149.7	1.2	154.5	1.3	154.1	1.1	148.9	1.0	152.3	3316.0	3276.0	5.6	5.6
804	130.5	4.4	127.7	4.7	124.7	4.7	109.5	15.9	126.8	3388.0	3486.0	18.2	18.2
810	8.6	3.0	19.6	3.1	15.4	0.7	15.1	0.6	15.3	4117.0	4093.0	4.5	4.5
813	101.1	5.5	90.0	4.4	101.9	2.0	90.5	3.0	113.1	3836.0	3818.0	0.5	0.5
823	152.2	4.5	168.5	7.8	149.6	2.1	158.6	2.1	159.2	2838.0	2825.0	9.9	9.9
824	161.6	3.0	152.7	4.0	159.3	1.0	161.7	1.2	159.8	4730.0	4732.0	9.0	9.0
826	133.4	2.3	122.5	2.2	123.9	1.8	129.9	2.2	127.9	5070.0	5014.0	7.4	7.4
831	123.8	9.4	133.8	7.1	124.2	1.5	127.1	1.2	123.4	4957.0	4968.0	6.7	6.7
834	106.3	1.9	95.0	5.8	101.9	3.7	106.8	3.7	114.2	8694.0	8764.0	11.8	11.8
836	140.5	5.3	133.4	6.1	120.9	1.7	135.6	2.2	148.9	2424.0	2407.0	2.2	2.2
842	66.9	5.6	70.4	5.3	56.8	2.4	63.2	2.6	54.7	2970.0	2955.0	7.2	7.2
853	53.6	2.9	49.5	2.2	50.3	0.9	47.3	1.2	53.0	3788.0	3809.0	2.2	2.2
854	90.0	4.3	90.0	4.5	87.4	2.3	86.2	3.1	90.9	8625.0	8654.0	3.8	3.8
856	90.0	4.3	93.7	3.7	94.3	2.6	91.8	2.6	91.6	4696.0	4700.0	1.9	1.9
857	47.8	3.9	45.0	0.2	60.5	3.7	38.2	4.3	36.1	8453.0	8539.0	6.8	6.8
862	30.2	3.4	31.7	2.2	27.8	1.2	37.8	1.7	32.1	6704.0	6720.0	6.1	6.1
869	130.8	4.2	141.4	3.9	125.9	3.0	133.0	2.7	121.8	6157.0	6139.0	8.4	8.4
872	64.2	6.3	56.3	6.9	64.3	5.3	45.3	6.7	85.4	3767.0	3813.0	11.0	11.0
876	94.2	4.6	95.6	9.2	98.1	2.4	96.7	3.2	106.9	5740.0	5743.0	1.1	1.1
886	4.2	1.8	20.0	2.2	10.3	1.2	17.2	1.1	12.8	4488.0	4455.0	2.8	2.8
887	12.6	2.9	16.7	4.4	15.3	1.8	15.0	1.6	25.2	7065.0	7056.0	1.7	1.7
889	73.4	3.9	58.6	2.9	61.7	1.2	70.7	1.2	64.4	4852.0	4883.0	12.1	12.1
890	157.5	4.2	162.8	5.4	144.5	3.0	167.8	4.2	142.6	6541.0	6533.0	5.0	5.0
896	18.7	6.9	29.6	5.6	18.2	2.7	28.1	1.8	19.6	7439.0	7461.0	1.5	1.5
904	149.8	2.5	145.1	2.6	145.1	1.5	147.2	0.7	148.2	4913.0	4892.0	2.1	2.1
924	37.4	1.8	51.4	3.2	49.3	3.9	52.0	2.7	24.6	2571.0	2525.0	0.6	0.6
929	54.9	4.6	58.2	4.0	52.4	1.3	50.7	1.9	43.4	7977.0	8103.0	7.5	7.5
938	75.3	10.7	73.2	8.1	64.6	3.9	68.4	5.2	51.1	5896.0	5913.0	4.8	4.8
