plateifu	manga_id	visual_class	axis_bin	axis_ratio	redshift	half_light_major_axis_arcsec	valid_pca_spaxels	valid_pca_luminosity_fraction	unique_kinematic_bins	usable_kinematic_luminosity_fraction	log10_stellar_mass_aperture	log10_circularized_radius_kpc	sersic_index	pymorph_axis_ratio	visual_class_proxy	mass_concentration_0p25	centroid_shift_profile	quadrupole_1p0	m3_1p0	m4_1p0	quadrupole_inner_outer_difference	quadrupole_profile_variance	axis_twist_inner_outer_sin2	m3_inner_outer_difference	m4_inner_outer_difference	outer_multipole_energy	profile_roughness_energy	inner_outer_centroid_alignment	log10_eta_ap	log10_eta_major_axis	log10_eta_uncorrected_sigma	log10_eta_mass_weighted
10220-6101	1-146543	1	2	7.573999762535e-01	7.781816273928e-02	6.465610504150e+00	379	9.303433907628e-01	165	1.000000000000e+00	1.106329794367e+01	9.183151595925e-01	4.739799976349e+00	7.573999762535e-01	0.000000000000e+00	2.650626430796e-01	1.583157648658e-02	2.981799951842e-01	5.402732526921e-03	9.303904360419e-03	1.186450091521e-02	5.313408789962e-04	6.084775843936e-03	-4.695454306123e-03	-1.279352657093e-02	2.983740298403e-01	8.932825688839e-04	9.797392892980e-01	-1.662730406228e-01	-1.059356842071e-01	-1.504121341643e-01	-1.557683725377e-01
10499-6104	1-605515	2	1	6.183000206947e-01	9.681049734354e-02	4.670978069305e+00	157	9.001463699108e-01	154	1.000000000000e+00	1.122954728065e+01	8.183515122040e-01	2.193200111389e+00	6.183000206947e-01	1.000000000000e+00	1.736845025640e-01	3.467960731038e-02	4.112279218794e-01	3.247825065719e-03	1.795978289276e-02	-3.229654500441e-02	7.346548277058e-03	1.073212554464e-02	2.936861518979e-04	-2.487375369694e-02	4.116327318162e-01	1.815000344648e-02	9.999951787804e-01	-2.019625923664e-01	-9.756222288386e-02	-1.840221278903e-01	-1.969033978217e-01
10510-3703	1-241570	1	2	8.289999961853e-01	6.433855742216e-02	3.320380687714e+00	82	6.456719876063e-01	82	1.000000000000e+00	1.067998128916e+01	5.727391212673e-01	4.851900100708e+00	8.289999961853e-01	0.000000000000e+00	1.884353758019e-01	5.266381316647e-02	2.057238956624e-01	1.847668039360e-02	6.954106230758e-03	4.326450412682e-02	7.176283992872e-04	1.370413874788e-01	5.118587006646e-04	-6.411204553427e-02	2.066689830583e-01	9.729246537003e-03	7.436983970297e-01	-5.746060804485e-02	-1.673787232077e-02	-5.402124401053e-02	-5.544311236439e-02
10512-6101	1-77016	2	0	3.582000136375e-01	2.705476991832e-02	9.519207000732e+00	346	8.814885769800e-01	346	1.000000000000e+00	1.065931734277e+01	4.909444751815e-01	4.974899768829e+00	3.582000136375e-01	1.000000000000e+00	3.144271862617e-01	6.214777204461e-03	6.565760969583e-01	1.090422789119e-03	2.985031888376e-02	6.156905780479e-02	3.544120690512e-03	1.465064692803e-02	-3.647060158239e-03	5.477598119721e-03	6.572552028370e-01	8.770229284014e-03	8.727436462729e-01	-1.679195114651e-01	5.501768951111e-02	-1.507710970779e-01	-1.688426545183e-01
11828-3702	1-80916	2	1	5.612999796867e-01	5.389729887247e-02	3.815974950790e+00	87	8.158673536601e-01	86	1.000000000000e+00	1.064514194768e+01	4.769121185511e-01	6.387000083923e+00	5.612999796867e-01	1.000000000000e+00	1.503736996174e-01	3.915816507700e-02	3.736411942766e-01	1.489423079729e-02	2.286472184715e-02	-2.521594673668e-01	9.181030412604e-03	1.584153179333e-01	-4.200058179566e-02	-6.314911470129e-02	3.746363245557e-01	3.059699899946e-02	8.168024636358e-01	-2.342325596116e-01	-1.088300728629e-01	-2.238999581877e-01	-2.332895180054e-01
11871-9102	1-521740	2	1	6.093000173569e-01	7.798989862204e-02	1.121301746368e+01	913	7.562357044708e-01	192	1.000000000000e+00	1.096228610856e+01	1.111051677318e+00	8.000000000000e+00	6.093000173569e-01	1.000000000000e+00	2.729986886206e-01	1.714859933775e-02	4.329130296019e-01	7.559991363017e-03	2.155123165636e-02	9.505199892908e-02	1.929005123899e-03	5.138153882338e-03	-7.218763395046e-04	2.719934798436e-03	4.335150519353e-01	2.962188702572e-03	9.520669894084e-01	1.009290206200e-02	1.176773068140e-01	1.277408747913e-02	2.001759020116e-02
11872-6102	1-150467	2	2	7.753000259399e-01	5.102229118347e-02	4.746654033661e+00	186	7.650485332159e-01	135	1.000000000000e+00	1.039593162708e+01	6.195010806381e-01	3.881599903107e+00	7.753000259399e-01	1.000000000000e+00	7.678216970174e-02	4.924986253258e-02	2.374243677710e-01	7.155316725654e-03	1.320019967907e-02	3.308276142115e-02	2.571602969320e-02	8.852698328221e-02	-7.577838085991e-04	4.167705429014e-03	2.378986638056e-01	5.706674891277e-02	8.635175520899e-01	-4.560357429922e-01	-4.007706422423e-01	-3.929025571796e-01	-4.515532550665e-01
11951-3702	1-249695	1	1	7.067000269890e-01	5.406517535448e-02	6.747047901154e+00	387	8.898896562354e-01	70	1.000000000000e+00	1.072224382309e+01	7.757049194613e-01	6.320700168610e+00	7.067000269890e-01	0.000000000000e+00	1.850580782878e-01	2.422185645176e-02	2.993954994463e-01	5.891514651073e-03	1.223815357281e-02	3.213477947046e-02	1.584002452646e-03	2.039733277768e-02	-3.726615124966e-03	4.368369893141e-03	2.997034324736e-01	6.266309160405e-03	7.649629210563e-01	-1.763544817709e-01	-1.009720357211e-01	-1.673037249724e-01	-1.729603878306e-01
11967-3701	1-632581	1	2	8.741999864578e-01	3.428176417947e-02	5.686401844025e+00	239	6.529001325661e-01	237	1.000000000000e+00	1.060170483316e+01	5.599778342149e-01	5.122000217438e+00	8.741999864578e-01	0.000000000000e+00	2.551809073909e-01	2.985354907600e-02	2.088789986626e-01	1.800139166186e-02	9.623723718028e-03	-6.298288089483e-02	8.378707401957e-03	1.216742829934e-01	-2.458892881491e-02	-1.761380902953e-02	2.098740151668e-01	1.853152230072e-02	9.979184301130e-01	1.596676324505e-02	4.516136553205e-02	2.502733391570e-02	4.902531541894e-03
11975-3702	1-325492	2	1	5.519000291824e-01	3.595609962940e-02	1.050255393982e+01	620	9.195131429419e-01	473	1.000000000000e+00	1.084101501812e+01	7.463996698318e-01	5.512899875641e+00	5.519000291824e-01	1.000000000000e+00	3.238966167820e-01	9.500805452990e-03	3.500593112180e-01	2.618704630263e-03	4.776728042588e-03	-4.241651303064e-02	3.566812299992e-03	1.590379710684e-02	-5.898312537577e-03	-1.690847094018e-02	3.501016939621e-01	8.151634436799e-03	7.498742639788e-01	-2.636163119790e-01	-1.345465204935e-01	-2.526194261810e-01	-2.652166502732e-01
12078-6102	1-34944	1	2	8.810999989510e-01	4.773617535830e-02	5.163166522980e+00	245	7.823877398310e-01	245	1.000000000000e+00	1.088352093149e+01	6.565860809936e-01	5.341000080109e+00	8.810999989510e-01	0.000000000000e+00	1.549796101301e-01	6.143387816880e-02	3.384396898023e-01	8.117867527724e-02	5.452179187434e-02	1.738528003990e-01	6.338509122850e-03	4.724686361281e-02	5.049722773770e-02	2.399506484946e-02	3.522840143158e-01	1.939045067108e-02	-7.821919779813e-01	4.266345749538e-01	4.541219745911e-01	4.290192393673e-01	3.998730442048e-01
12674-1901	1-594481	2	0	4.736000001431e-01	2.987404540181e-02	5.752573013306e+00	132	6.679306482323e-01	132	1.000000000000e+00	1.039435853764e+01	3.744280506479e-01	6.969099998474e+00	4.736000001431e-01	1.000000000000e+00	2.863690829207e-01	3.290737912122e-02	5.299237109880e-01	2.381503082267e-03	2.998503997436e-02	-6.976591333032e-03	3.512772120971e-03	2.168648523516e-02	-1.701262082711e-02	-1.444395566905e-02	5.307767078975e-01	6.302852083842e-03	9.121962786192e-01	7.670244390396e-02	2.389965969809e-01	1.006727178678e-01	7.975873901566e-02
7961-3704	1-547552	2	2	8.618000149727e-01	4.901184141636e-02	3.495373249054e+00	112	8.066030619526e-01	110	1.000000000000e+00	1.028632449884e+01	4.931506480421e-01	4.815700054169e+00	8.618000149727e-01	1.000000000000e+00	1.961241618855e-01	4.320172065623e-02	1.241251032469e-01	6.462581380255e-04	8.325820118506e-03	-1.518974486280e-01	1.694057053570e-02	1.333131262418e-01	-4.001662498339e-02	-1.620487107085e-02	1.244056999750e-01	1.672888290542e-02	9.219483375673e-01	-3.242547298278e-01	-2.919579784766e-01	-2.772962048488e-01	-3.077999203322e-01
7964-6103	1-179135	2	1	7.477999925613e-01	4.890354209793e-02	6.089806556702e+00	324	8.755662546794e-01	191	1.000000000000e+00	1.032963873122e+01	7.025451113334e-01	5.023200035095e+00	7.477999925613e-01	1.000000000000e+00	2.793412533861e-01	1.683554232235e-02	2.471367929050e-01	1.693188026150e-02	1.196997541589e-02	-6.747756250733e-02	2.133518625100e-03	5.551577152885e-02	-3.123723823098e-03	6.889452194013e-04	2.480051678656e-01	1.914057582809e-03	1.355848568821e-01	-5.510965528234e-01	-4.879892810724e-01	-4.467246081195e-01	-5.580719198949e-01
7977-3702	1-114928	1	0	5.281000137329e-01	2.732887930961e-02	1.038727760315e+01	536	7.993845015459e-01	518	1.000000000000e+00	1.060471832649e+01	6.173755649115e-01	6.218500137329e+00	5.281000137329e-01	0.000000000000e+00	3.362497332264e-01	1.096731238461e-02	3.440627385791e-01	1.076784765993e-03	4.335012024037e-03	-1.396480386513e-01	7.850478923190e-03	2.039084364248e-02	-5.378806026451e-03	-2.016883693783e-02	3.440917317711e-01	8.389516265829e-03	-6.731433913309e-01	-1.506280805821e-01	-1.198616997314e-02	-1.194151136046e-01	-1.433372719363e-01
7990-3701	1-23894	1	1	6.306999921799e-01	3.039395823218e-02	7.152552127838e+00	405	9.685847968482e-01	351	1.000000000000e+00	1.042392598185e+01	5.384547586725e-01	4.337900161743e+00	6.306999921799e-01	0.000000000000e+00	2.626399893234e-01	7.801888879478e-03	3.793083687610e-01	8.464965043426e-04	1.656010495973e-02	9.129572020989e-03	3.071603632259e-03	9.923843945560e-03	-2.430841348826e-03	-6.981773634428e-03	3.796706365321e-01	5.852479871331e-03	7.647422472836e-01	-2.618664927758e-01	-1.617779055800e-01	-2.394639457468e-01	-2.584902984172e-01
8078-9102	1-36878	1	0	4.411999881268e-01	2.316906008137e-02	1.063255977631e+01	541	8.722313782473e-01	541	1.000000000000e+00	1.046201194404e+01	5.189330969454e-01	4.253300189972e+00	4.411999881268e-01	0.000000000000e+00	3.510377390179e-01	2.376578033365e-02	6.208028755884e-01	1.706812726643e-03	2.093655149938e-02	5.802907548837e-03	3.368750981610e-04	4.868438577550e-02	-4.655978166208e-03	-1.523758560406e-02	6.211581624169e-01	7.419209962123e-04	9.498564473482e-01	-3.991338440068e-01	-2.214515900472e-01	-3.813078397762e-01	-4.059476721455e-01
8092-3702	1-40814	1	2	8.496000170708e-01	4.309347644448e-02	4.736951828003e+00	234	9.503410703674e-01	90	1.000000000000e+00	1.006629729703e+01	5.692228857111e-01	5.049300193787e+00	8.496000170708e-01	0.000000000000e+00	1.464839172240e-01	1.808444688923e-02	1.238270018908e-01	4.601403196729e-03	7.060742566891e-03	-7.202729609820e-02	5.394199122633e-03	5.812892679854e-02	-1.718206611339e-02	-1.008868558757e-02	1.241134698340e-01	6.966753691509e-03	5.938321294836e-01	7.513972852564e-02	1.105324722939e-01	1.063725288788e-01	7.595585161705e-02
8131-3701	1-338090	1	1	6.808000206947e-01	8.061658796345e-02	6.844741344452e+00	391	8.548107722317e-01	306	1.000000000000e+00	1.114792513387e+01	9.338403878328e-01	3.413500070572e+00	6.808000206947e-01	0.000000000000e+00	6.218212756542e-02	2.672214617776e-02	3.297809289153e-01	3.436958714201e-03	1.783406840901e-02	-3.886449009916e-03	2.422575769344e-02	7.464482306820e-02	-2.779227503019e-03	-6.794035043983e-03	3.302806802668e-01	5.719201804583e-02	9.664315669137e-01	-2.864083644098e-01	-2.029181445488e-01	-2.817035197443e-01	-2.920745284090e-01
8135-3701	1-43241	1	0	4.573000073433e-01	9.552666425346e-02	4.236130714417e+00	85	8.422581253033e-01	85	1.000000000000e+00	1.105862649696e+01	7.052575378253e-01	4.482100009918e+00	4.573000073433e-01	0.000000000000e+00	1.786802517593e-01	1.687065565521e-02	4.724518824697e-01	7.310860305788e-03	2.275435484431e-02	-3.220514358698e-02	4.844834511441e-03	2.873365536426e-02	-2.595689502661e-03	-1.616924189347e-02	4.730560121085e-01	9.227224863320e-03	-9.980855907405e-01	-2.096720199044e-01	-3.977262408166e-02	-2.073531632643e-01	-2.089876900614e-01
8141-6101	1-44100	1	0	5.436000227928e-01	4.581048550940e-02	6.162868976593e+00	153	6.688862177564e-01	153	1.000000000000e+00	1.087649549916e+01	6.116899664131e-01	3.256099939346e+00	5.436000227928e-01	0.000000000000e+00	2.958481050119e-01	2.630506974348e-02	4.034964615165e-01	1.936544717680e-02	8.137728249549e-03	6.916354534086e-02	8.099818739213e-03	7.267935681181e-03	-2.414851616892e-03	9.503006118173e-04	4.040428660696e-01	2.361334214023e-02	9.966002033898e-01	-2.006178972865e-01	-6.825763042155e-02	-1.833083568821e-01	-1.980528315294e-01
8148-3704	1-584701	2	2	8.136000037193e-01	2.261229977012e-02	1.759712982178e+01	698	7.414811977324e-01	684	1.000000000000e+00	1.042497396553e+01	8.603527403332e-01	4.987699985504e+00	8.136000037193e-01	1.000000000000e+00	6.019375987503e-01	5.014141853192e-03	5.816170465328e-02	4.481768782119e-04	5.532889303399e-04	-3.876365523097e-02	3.770453544711e-04	8.804610122198e-03	-5.581870795921e-03	-8.423347460006e-03	5.816606295195e-02	5.301188466298e-04	0.000000000000e+00	1.238719427278e-01	1.686664717778e-01	1.386488833464e-01	1.223047487467e-01
8158-3701	1-583694	1	0	4.988999962807e-01	2.670670965867e-02	6.571501255035e+00	250	8.872656911226e-01	250	1.000000000000e+00	1.065452252234e+01	3.965105935334e-01	3.231100082397e+00	4.988999962807e-01	0.000000000000e+00	1.489029084738e-01	1.136432099714e-02	5.808040762529e-01	6.539897830921e-03	4.114193127749e-02	1.325327604436e-01	4.516097910263e-03	4.159277701738e-03	-1.268550540691e-02	1.648888875414e-02	5.822961478190e-01	1.433472519886e-02	-1.280956102509e-01	-4.793408195108e-01	-3.283475698616e-01	-4.625827164140e-01	-4.801463347422e-01
8243-3702	1-47302	2	1	6.858999729156e-01	4.473402886992e-02	4.302302360535e+00	163	1.000000000000e+00	122	1.000000000000e+00	1.024518534680e+01	4.963271888886e-01	4.617300033569e+00	6.858999729156e-01	1.000000000000e+00	1.910707246175e-01	2.832188580102e-02	2.810569652571e-01	1.002316029683e-03	1.505793311573e-02	-7.061993584639e-02	1.811174972986e-03	1.701274837132e-02	-1.400957408614e-02	-2.738593811004e-02	2.814618334813e-01	2.736440081538e-03	9.649789313341e-01	-2.567261155460e-01	-1.748565084007e-01	-2.476016471600e-01	-2.586552929238e-01
8248-1901	1-482004	2	2	8.090000152588e-01	2.996085956693e-02	4.503034591675e+00	202	9.959496198497e-01	200	1.000000000000e+00	1.020854932187e+01	3.855545909162e-01	3.846699953079e+00	8.090000152588e-01	1.000000000000e+00	1.564543436298e-01	1.856176625562e-02	1.522192581160e-01	1.605680612817e-03	5.233052365116e-03	-1.104914565381e-01	1.765024401453e-03	2.710268942924e-02	-1.078048421706e-02	-1.925128077690e-02	1.523176470035e-01	7.311139789391e-03	6.578082309502e-01	-3.779178974725e-01	-3.318921623743e-01	-2.659996606259e-01	-3.813959323927e-01
8248-9102	1-481051	2	2	8.546000123024e-01	7.672137767076e-02	4.278502941132e+00	175	8.383718958486e-01	128	1.000000000000e+00	1.091448063672e+01	7.596060964798e-01	4.187500000000e+00	8.546000123024e-01	1.000000000000e+00	2.123234833247e-01	1.917037309276e-02	1.434652321874e-01	7.448087256230e-03	8.846178211696e-03	-1.546794651975e-01	4.639916390620e-03	4.986266248829e-02	-1.469488829184e-02	-6.092822830689e-03	1.439305447753e-01	5.292686677834e-03	-8.446679667879e-01	-2.099335407079e-01	-1.758149880744e-01	-2.062469651584e-01	-2.071645042297e-01
8255-6103	1-255963	1	1	7.434999942780e-01	8.980802439793e-02	1.134805297852e+01	1085	9.003077771105e-01	178	1.000000000000e+00	1.114568672106e+01	1.214803010574e+00	7.966000080109e+00	7.434999942780e-01	0.000000000000e+00	3.982165120238e-01	7.182925552667e-03	1.788130983645e-01	1.889829847523e-03	1.882033763754e-03	-1.390895404215e-02	1.652371732919e-04	6.217156091569e-04	-1.577256217385e-03	-4.351690154827e-03	1.788329881611e-01	6.434453488265e-04	-9.901426294945e-01	2.528340125144e-02	8.964291649362e-02	3.464389132817e-02	2.482525292889e-02
8261-6103	1-258380	1	1	6.733000278473e-01	6.649526498685e-02	4.656167984009e+00	138	8.421350363676e-01	138	1.000000000000e+00	1.087014086536e+01	6.876278996855e-01	4.126399993896e+00	6.733000278473e-01	0.000000000000e+00	2.234092861254e-01	1.246870493634e-02	2.310790033851e-01	8.701707104675e-03	6.654777350716e-03	-9.456224213430e-02	2.980228569194e-03	4.975489448985e-03	-1.761732299068e-03	-2.129397145661e-02	2.313385215946e-01	2.777653735068e-03	4.274535768659e-01	-4.057784678685e-01	-3.198827840835e-01	-3.919189225049e-01	-4.006888967932e-01
8313-3701	1-633587	1	1	7.378000020981e-01	7.281789149380e-02	4.786808490753e+00	161	6.238438760637e-01	134	1.000000000000e+00	1.072487530009e+01	7.557462032086e-01	5.500800132751e+00	7.378000020981e-01	0.000000000000e+00	1.889975484409e-01	4.342439365925e-02	2.812463371832e-01	1.877785378498e-02	1.048008795799e-02	-6.970118644440e-02	1.051545807756e-03	9.446230504077e-02	-1.908592423299e-02	-1.681402765629e-02	2.820672654091e-01	1.627352203151e-03	5.877951338686e-01	3.352166179998e-02	9.955233573708e-02	3.971896343008e-02	3.588795782926e-02
8317-3704	1-284230	2	2	8.335999846458e-01	4.560492884792e-02	4.207025051117e+00	184	9.854696145057e-01	114	1.000000000000e+00	1.016184902256e+01	5.368741701474e-01	3.196199893951e+00	8.335999846458e-01	1.000000000000e+00	1.340640077197e-01	2.040451146024e-02	1.433143087422e-01	7.952372461038e-03	5.255826997630e-03	-1.977549971244e-02	3.746789254364e-03	1.602655927573e-02	-6.979331996045e-03	-5.050581900711e-03	1.436309682326e-01	7.508840151463e-03	6.526254056102e-01	-1.541400328660e-01	-1.146188818440e-01	-6.430505112570e-02	-1.492687580574e-01
8332-3701	1-575778	2	1	6.768000125885e-01	6.368001505797e-02	4.851712703705e+00	191	9.332844711947e-01	191	1.000000000000e+00	1.070881473957e+01	6.892667768310e-01	5.217299938202e+00	6.768000125885e-01	1.000000000000e+00	2.098795925822e-01	8.293849636159e-03	3.200302928617e-01	3.484365016231e-03	1.678582757457e-02	-5.513799259225e-02	6.585579103146e-03	1.018505126340e-01	1.354528352240e-03	-1.290148496051e-02	3.204891467056e-01	9.956529088541e-03	-1.378345936454e-01	-7.037459875685e-01	-6.189761666230e-01	-6.767625941991e-01	-6.948786491970e-01
8341-3701	1-259079	2	2	9.000999927521e-01	4.990704873924e-02	6.347087860107e+00	419	6.776528894855e-01	214	1.000000000000e+00	1.050347284881e+01	7.690739371461e-01	7.892499923706e+00	9.000999927521e-01	1.000000000000e+00	1.834006382920e-01	2.497835781685e-02	9.513618011562e-02	5.721111820633e-03	2.868221969854e-03	-1.517410892606e-01	3.015209426035e-02	5.500112505231e-02	-5.831881311712e-03	-1.061528820516e-02	9.535119603195e-02	3.389390548388e-02	-9.937468500624e-01	-1.400587716704e-01	-1.172041507725e-01	-1.212900590677e-01	-1.239830195307e-01
8441-1901	1-252463	2	0	4.575999975204e-01	3.171280026436e-02	3.519608497620e+00	69	9.250192817531e-01	69	1.000000000000e+00	1.013906445209e+01	1.785800575532e-01	2.975899934769e+00	4.575999975204e-01	1.000000000000e+00	1.394670566326e-01	2.987528774587e-02	5.445578312143e-01	8.460751782154e-03	2.900439517576e-02	-6.746459010767e-02	6.187370860438e-03	4.013752268059e-02	-3.706488687980e-02	-3.133283014544e-02	5.453953344108e-01	8.754754110186e-03	9.814088275458e-01	-6.219058266601e-01	-4.521488333759e-01	-4.780190958295e-01	-6.285409704935e-01
8441-6101	1-262174	1	1	5.823000073433e-01	2.904980070889e-02	8.887824058533e+00	557	8.778042186016e-01	305	1.000000000000e+00	1.034410488532e+01	5.965078160537e-01	4.632299900055e+00	5.823000073433e-01	0.000000000000e+00	2.830373533031e-01	7.539089681310e-03	3.803725163596e-01	3.714109799114e-03	1.996848294911e-02	2.489987477964e-02	1.630313002708e-04	2.987421935912e-02	-4.924362351163e-03	-9.508214412534e-05	3.809144078722e-01	5.663316131954e-04	4.478633755874e-01	8.885112900085e-02	2.062777312084e-01	1.090838953730e-01	9.454223885530e-02
8567-3702	1-378394	2	0	4.954000115395e-01	8.077188462620e-02	3.325766563416e+00	59	7.906869390369e-01	57	1.000000000000e+00	1.093614120191e+01	5.521008061504e-01	4.388199806213e+00	4.954000115395e-01	1.000000000000e+00	1.255860853147e-01	3.278754618856e-02	5.427892343546e-01	2.165324321380e-03	2.537770778990e-02	-2.254564734858e-02	2.530406732127e-03	3.489295058707e-02	-2.850052021450e-02	-3.138775391815e-02	5.433864827297e-01	5.864254583099e-03	2.382992667987e-01	-3.878881873636e-01	-2.353661935466e-01	-3.865058363744e-01	-3.885270323875e-01
8588-3704	1-95093	2	2	8.346999883652e-01	2.997864490934e-02	7.794943332672e+00	576	9.366436777749e-01	364	1.000000000000e+00	1.031999183297e+01	6.309016673281e-01	8.000000000000e+00	8.346999883652e-01	1.000000000000e+00	3.334448899590e-01	1.580945123475e-02	1.415536954027e-01	1.113095681834e-02	1.303447583023e-02	1.103063182431e-02	1.735254432576e-03	1.922843975608e-02	2.224499891908e-03	4.387273470292e-03	1.425876728263e-01	2.976057651059e-03	8.967781078974e-01	-6.360315077539e-01	-5.967967114778e-01	-4.174618442549e-01	-6.595637230699e-01
8612-1902	1-95825	2	0	3.736000061035e-01	3.315604582907e-02	3.753921508789e+00	67	1.000000000000e+00	67	1.000000000000e+00	1.041079363893e+01	1.811083998093e-01	2.795000076294e+00	3.736000061035e-01	1.000000000000e+00	1.189694241646e-01	1.662020721785e-02	6.170598853394e-01	6.087953985704e-03	3.583761842516e-02	-1.183658481579e-01	2.319442356559e-03	8.395226042369e-03	-2.208311510523e-02	-3.783082066147e-02	6.181296790910e-01	4.349389579052e-03	-4.631443243121e-01	-3.564018109477e-01	-1.426052482743e-01	-3.507639473578e-01	-3.587148722466e-01
8613-3704	1-176829	1	2	9.397000074387e-01	3.739790905525e-02	7.072679042816e+00	519	7.738125518351e-01	417	1.000000000000e+00	1.071518858874e+01	7.065796543919e-01	4.429900169373e+00	9.397000074387e-01	0.000000000000e+00	2.072445242399e-01	2.572899820873e-02	5.737231221998e-02	6.467945936558e-03	2.717294207359e-03	3.565579338225e-02	4.003536314280e-04	2.782191570204e-02	-4.599906095512e-02	-5.270038260007e-04	5.779965589789e-02	2.587896706539e-03	9.992450597498e-01	1.381673818474e-02	2.732212303812e-02	4.622846765378e-02	1.372468401423e-02
8723-3701	1-352623	2	0	4.627000093460e-01	6.712622195482e-02	6.714615821838e+00	250	8.494055790103e-01	178	1.000000000000e+00	1.090277231121e+01	7.689462826661e-01	5.542200088501e+00	4.627000093460e-01	1.000000000000e+00	1.746139190716e-01	1.118979671516e-02	5.410541809127e-01	3.956197361103e-03	3.172410830968e-02	-9.205922694887e-03	1.007564161399e-03	5.826803644098e-02	-1.329882376307e-02	-1.524865007556e-02	5.419978756680e-01	1.915361723669e-03	-1.391141183693e-01	-5.576226050039e-03	1.617740198139e-01	1.323878233746e-03	-5.843948227573e-03
8931-6102	1-455685	1	2	8.129000067711e-01	2.657530166198e-02	1.016773509979e+01	1026	9.380437528859e-01	226	9.841772542630e-01	1.004714873256e+01	6.900085020858e-01	4.873300075531e+00	8.129000067711e-01	0.000000000000e+00	2.417217475567e-01	1.208471563231e-02	1.476670457275e-01	5.186989364805e-03	2.117736741400e-03	4.845520202375e-02	1.522235006173e-03	1.628521265732e-02	2.673037822912e-04	-5.130860506178e-03	1.477732927882e-01	1.399629954426e-03	9.838297910705e-01	-5.429299254910e-01	-4.979484890762e-01	-4.248310111235e-01	-5.474622252278e-01
8977-6101	1-121277	2	0	5.407999753952e-01	5.412402863271e-02	7.448363780975e+00	377	9.834293672424e-01	124	1.000000000000e+00	1.080270874431e+01	7.609950884383e-01	4.542300224304e+00	5.407999753952e-01	1.000000000000e+00	3.097589293804e-01	7.913994678384e-03	4.428983082854e-01	8.538674572003e-04	1.968142333968e-02	5.997973350241e-02	8.143450814519e-04	2.515679316034e-02	-2.651641041072e-03	-4.779213237245e-03	4.433362143975e-01	2.358869951202e-03	9.990957760950e-01	-3.932946634945e-01	-2.598129950818e-01	-3.659812000859e-01	-3.911058295448e-01
8992-9102	1-149541	1	2	8.476999998093e-01	3.474204912234e-02	1.324394321442e+01	1559	8.691158784763e-01	648	1.000000000000e+00	1.098198619975e+01	9.260263589854e-01	4.221499919891e+00	8.476999998093e-01	0.000000000000e+00	4.543797974796e-01	8.572379179751e-03	9.754576253715e-02	2.046958861753e-03	4.212618296804e-03	-9.547995538352e-03	2.454086746770e-04	1.487722394778e-02	-1.039398119813e-02	-4.244842649363e-03	9.765813833189e-02	1.002739127666e-03	6.565487919500e-01	-1.957459999625e-01	-1.598670914923e-01	-1.882259451921e-01	-1.816552755174e-01
9041-3703	1-264054	1	0	5.388000011444e-01	3.159042886863e-02	6.279728412628e+00	190	6.159606727376e-01	190	1.000000000000e+00	1.053257856202e+01	4.638819932107e-01	3.812999963760e+00	5.388000011444e-01	0.000000000000e+00	2.180014036553e-01	2.841465752668e-02	4.724644724708e-01	1.313845193084e-03	3.246601493219e-02	-5.762433247298e-02	1.146400731138e-03	7.581120969690e-02	-2.836893638790e-02	-8.766647435556e-03	4.735804536315e-01	6.132869779592e-03	6.359001488237e-01	-1.894502963131e-02	1.153411763820e-01	-1.445534471643e-02	-1.627232149429e-02
9042-6103	1-375009	1	0	4.517999887466e-01	7.316254481843e-02	4.069692134857e+00	78	8.235108591867e-01	78	1.000000000000e+00	1.092444788586e+01	5.806415012026e-01	3.282399892807e+00	4.517999887466e-01	0.000000000000e+00	1.179570195086e-01	4.298686253961e-02	6.077388450303e-01	7.634375960192e-03	3.588287061049e-02	-8.422778994742e-02	1.659655189308e-03	9.328020512180e-03	-2.858960592767e-02	-3.929760855830e-02	6.088451099075e-01	6.240495650174e-03	9.664867005533e-01	-3.171858608156e-01	-1.446589686991e-01	-3.092097800455e-01	-3.186253166027e-01
9043-12702	1-632505	1	1	7.439000010490e-01	7.417215479292e-02	2.144613265991e+01	2109	9.201827347727e-01	178	1.000000000000e+00	1.122633440265e+01	1.416153683358e+00	8.000000000000e+00	7.439000010490e-01	0.000000000000e+00	5.713222439305e-01	3.403988532966e-03	2.952801593328e-01	2.049300423129e-03	1.394545956244e-03	2.060022191595e-02	4.772137368120e-04	8.847796208549e-03	-3.230224093757e-04	-8.302183690888e-03	2.952905634901e-01	5.235280886944e-04	0.000000000000e+00	2.589026130542e-01	3.231453333938e-01	2.673874797785e-01	2.593106051298e-01
9044-6102	1-316030	1	0	4.713000059128e-01	7.525459809891e-02	4.739380587944e+00	98	7.623488311541e-01	98	1.000000000000e+00	1.088224575901e+01	6.671618168846e-01	4.023000000045e+00	4.713000059128e-01	0.000000000000e+00	2.728894566086e-01	1.367576540246e-02	5.766750828508e-01	9.361754516054e-03	3.293823426477e-02	1.374241602431e-01	3.528855904750e-03	5.156142308833e-02	-6.274416184434e-03	1.165604320279e-02	5.776908523640e-01	4.246431750992e-03	5.400105492336e-01	-1.221980749279e-01	4.115320246798e-02	-1.135883382372e-01	-1.214855541923e-01
9050-3703	1-318164	1	2	8.485000133514e-01	6.442609837246e-02	6.429772377014e+00	414	8.455602500974e-01	129	1.000000000000e+00	1.077551268276e+01	8.653414002431e-01	7.073999881744e+00	8.485000133514e-01	0.000000000000e+00	3.122752992486e-01	1.462798672246e-02	1.444235080767e-01	1.355419411480e-03	1.131931668538e-03	-8.592022108924e-02	1.648455875952e-02	9.506753910801e-03	-7.264094321013e-03	-8.503530335980e-03	1.444343038072e-01	2.147758712005e-02	9.429809944201e-01	-2.003017055401e-01	-1.646276322838e-01	-1.922600650503e-01	-1.934736963000e-01
9086-3704	1-317857	2	1	7.256000041962e-01	3.864933177829e-02	5.256860733032e+00	251	9.879118466388e-01	108	1.000000000000e+00	1.003677958221e+01	5.352220457983e-01	5.596300125122e+00	7.256000041962e-01	1.000000000000e+00	2.041083879855e-01	2.216386116072e-02	2.707595179428e-01	4.068132642415e-03	1.100405989437e-02	3.072317076819e-02	8.112084765949e-04	1.079852019068e-02	-5.775496633602e-03	1.615739852054e-04	2.710135708668e-01	2.881742076867e-03	9.674183962090e-01	-4.652292249407e-01	-3.955778632225e-01	-3.658565241629e-01	-4.675407812520e-01
9086-6104	1-318370	2	1	6.945000290871e-01	3.139951825142e-02	5.640465736389e+00	241	9.004901113667e-01	232	1.000000000000e+00	1.029908866013e+01	4.698453112759e-01	3.674400091171e+00	6.945000290871e-01	1.000000000000e+00	2.214790032951e-01	1.232540338645e-02	3.396987055782e-01	4.160745423968e-03	1.899864032351e-02	9.984352454765e-02	1.948578183050e-03	6.649227183412e-02	-7.946084842112e-03	2.404609667289e-03	3.402550083513e-01	6.027363839162e-03	9.999365646269e-01	-4.687231860922e-01	-3.895593202236e-01	-3.901082326451e-01	-4.635788036840e-01
9094-12702	1-265226	1	1	6.761999726295e-01	9.080672264099e-02	4.350974655151e+01	2544	7.727029358696e-01	172	1.000000000000e+00	1.150255796817e+01	1.782167424066e+00	4.969500064850e+00	6.761999726295e-01	0.000000000000e+00	6.651681366141e-01	2.617463730522e-03	2.428479439933e-01	3.623901796654e-04	1.126607924029e-04	-1.203356447707e-05	2.529557793962e-04	2.343690854588e-06	-2.536100438190e-03	-1.690232936554e-03	2.428482405142e-01	6.825658526851e-04	0.000000000000e+00	7.258719638813e-01	8.108343894559e-01	7.289507080375e-01	7.163986497321e-01
9196-3701	1-24623	1	0	5.065000057220e-01	8.223486458924e-02	6.553166866302e+00	217	7.100421392368e-01	211	1.000000000000e+00	1.126137947689e+01	8.585301968894e-01	3.538100004196e+00	5.065000057220e-01	0.000000000000e+00	1.658490558542e-01	2.300039049933e-02	5.411162462649e-01	4.776973058382e-04	4.159359361169e-02	1.237070114242e-01	2.194767768736e-03	1.150778928123e-01	-1.337201285653e-02	2.173344780084e-03	5.427126746227e-01	7.049347101025e-03	-5.433037290104e-01	-1.087070507441e-01	3.900322195465e-02	-1.040612807784e-01	-1.080191581447e-01
9493-3701	1-384789	1	1	7.360000014305e-01	7.669290806257e-02	8.039394378662e+00	578	9.548334719645e-01	179	1.000000000000e+00	1.107914992568e+01	1.000948264968e+00	7.493100166321e+00	7.360000014305e-01	0.000000000000e+00	3.891939114438e-01	1.308777133815e-02	2.178323692694e-01	3.980984735242e-03	4.276649621569e-03	1.554103797738e-02	4.900300560548e-04	5.236951705931e-03	-1.763618970686e-03	-1.128579420736e-04	2.179107135342e-01	1.530564645771e-03	9.649832560703e-01	-1.472192368511e-01	-8.065814444193e-02	-1.389918161187e-01	-1.394016606587e-01
9501-3702	1-385080	2	2	7.930999994278e-01	2.823485162006e-02	7.804050922394e+00	536	8.460446953752e-01	431	1.000000000000e+00	1.047324527275e+01	5.951905620111e-01	5.251399993896e+00	7.930999994278e-01	1.000000000000e+00	3.562011040883e-01	7.369013498227e-03	1.871259268732e-01	1.343331284067e-03	3.881669331564e-03	8.037713136559e-02	8.886203578217e-04	8.315087649848e-02	-1.198776351189e-02	-3.135697752634e-03	1.871710031065e-01	1.862714966316e-03	8.856759408160e-01	-2.612395965094e-01	-2.109035712916e-01	-2.440537392020e-01	-2.485014837288e-01
9506-6104	1-386302	1	2	7.669000029564e-01	4.684176881668e-02	3.042094162731e+00	90	1.000000000000e+00	90	1.000000000000e+00	1.006797145875e+01	3.889459400268e-01	4.264999985695e+00	7.669000029564e-01	0.000000000000e+00	1.423380713125e-01	3.474706079509e-02	2.272880156338e-01	4.518632978343e-03	6.210719078437e-03	-4.940649050892e-02	5.796930300707e-04	3.746950960860e-02	-2.304843244326e-02	-5.229503251604e-02	2.274177502444e-01	4.502474540600e-03	9.967026990094e-01	-1.418499986989e-01	-8.421936842086e-02	-3.012246479710e-02	-1.413636327656e-01
9863-6101	1-455924	2	2	7.983000278473e-01	2.307182675049e-02	1.160505771637e+01	1208	9.530446104118e-01	503	1.000000000000e+00	1.038833511167e+01	6.839323775640e-01	5.875899791718e+00	7.983000278473e-01	1.000000000000e+00	4.424653855542e-01	7.412398337747e-03	1.669842787915e-01	1.771501908324e-03	3.610318290066e-03	-7.729919222067e-02	1.636937908122e-03	6.618733648994e-03	-5.716693012017e-03	-6.931882794872e-03	1.670326973400e-01	4.591836561923e-03	9.911596488788e-01	-3.385902091617e-01	-2.896732813721e-01	-2.721539269634e-01	-3.231649329266e-01
