branch,family,galaxy,mean_mse_mond,mean_mse_candidate,difference,leave_this_galaxy_out_gain_percent
return,finite_mix,CamB,0.17377089447652927,0.14687573014001704,0.026895164336512234,-2.390988351045564
return,finite_mix,D564-8,0.015455992088693277,0.01417485827183178,0.0012811338168614971,0.38410242089236624
return,finite_mix,D631-7,0.02020121225235733,0.018578802555207077,0.0016224096971502525,0.3534716141812546
return,finite_mix,DDO064,0.005470658706332556,0.004600609673893399,0.0008700490324391567,0.4189570932915445
return,finite_mix,DDO161,0.014947647404736772,0.016882614813806908,-0.0019349674090701364,0.6873501131811159
return,finite_mix,DDO168,0.0066640774750213886,0.002285605863013169,0.004378471612008219,0.09098030690545134
return,finite_mix,DDO170,0.002973553831608716,0.0009179860732044551,0.0020555677584042607,0.30737954625572506
return,finite_mix,ESO079-G014,0.003693815916097584,0.0061803057535878905,-0.0024864898374903064,0.7316168974154741
return,finite_mix,ESO116-G012,0.0052599913026141415,0.00577622664005537,-0.000516235337441228,0.5484827560170003
return,finite_mix,F565-V2,0.008764845953689043,0.013781622020293899,-0.005016776066604856,0.9724392609105518
return,finite_mix,F568-3,0.007797433065271526,0.008783621596102588,-0.0009861885308310612,0.5938289519118859
return,finite_mix,F568-V1,0.029200336980782976,0.03443204490681644,-0.005231707926033467,1.0119985992304692
return,finite_mix,F571-V1,0.0012646907986729684,0.0015580848471595642,-0.0002933940484865958,0.5256849983572245
return,finite_mix,F583-1,0.016260458993871643,0.01059909549017566,0.005661363503695983,-0.02938300574419663
return,finite_mix,F583-4,0.0002912729923615967,0.0044638478547511275,-0.0041725748623895305,0.8862088799121502
return,finite_mix,KK98-251,0.02673954330949324,0.012815263848125556,0.013924279461367685,-0.8180350934724054
return,finite_mix,NGC0024,0.01985119410630907,0.026324947783094563,-0.0064737536767854945,1.120759448059692
return,finite_mix,NGC0055,0.004754207844882503,0.0015884705375073284,0.003165737307375175,0.20414676633737325
return,finite_mix,NGC0247,0.0015191950619163784,0.005819446103125151,-0.004300251041208772,0.8991179768740785
return,finite_mix,NGC0289,0.001053786639949545,0.0024128657532215838,-0.0013590791132720387,0.624825791636636
return,finite_mix,NGC0300,0.0035504696559931887,0.003210880741928644,0.0003395889140645446,0.4677214436821552
return,finite_mix,NGC0801,0.0026230694895661246,0.0040753255199422805,-0.0014522560303761559,0.6344302502535424
return,finite_mix,NGC1003,0.0015195106978170272,0.004936811485097334,-0.0034173007872803068,0.8168560634753758
return,finite_mix,NGC1090,0.005813305631956992,0.007197994261773289,-0.0013846886298162966,0.630003152771452
return,finite_mix,NGC2403,0.00234366323719453,0.0009209436713117286,0.0014227195658828014,0.3662051479665479
return,finite_mix,NGC2683,0.0005211085911523317,0.006780991506113404,-0.006259882914961072,1.0806868052281526
return,finite_mix,NGC2841,0.009736932204996475,0.00336821081291715,0.006368721392079325,-0.09561417875261825
return,finite_mix,NGC2915,0.03650914274342922,0.01741196626345559,0.01909717647997363,-1.3239174963857592
return,finite_mix,NGC2955,0.0011037353923369273,0.0019094812113684167,-0.0008057458190314894,0.5733221959939897
return,finite_mix,NGC2976,0.008763594256643706,0.003364087181559261,0.005399507075084445,-0.0046141258356492115
return,finite_mix,NGC2998,0.014938291474939894,0.018366589868223492,-0.003428298393283598,0.8282352196450051
return,finite_mix,NGC3109,0.006587760634394625,0.007400350973770515,-0.0008125903393758896,0.57690609379836
return,finite_mix,NGC3198,0.004899890528002706,0.005347857778436659,-0.0004479672504339527,0.5419177058734964
return,finite_mix,NGC3521,0.0004200449916843462,0.0012880626062847379,-0.0008680176146003916,0.5787531412090404
return,finite_mix,NGC3741,0.004386065850545083,0.013978156049554885,-0.009592090199009803,1.3958730777656247
return,finite_mix,NGC3769,0.0016065349777205278,0.0022763402810184294,-0.0006698053032979016,0.5609245367504856
return,finite_mix,NGC3877,0.01231005904232048,0.013477919118140428,-0.0011678600758199473,0.6134486924873748
return,finite_mix,NGC3893,0.0010663220391256753,0.0008112317351417027,0.0002550903039839727,0.47450859177608773
return,finite_mix,NGC3917,0.004172143019842366,0.0030474989982022618,0.0011246440216401044,0.394670266921364
return,finite_mix,NGC3949,0.0009102980470135734,0.0011865611406301798,-0.00027626309361660645,0.5239163858204298
return,finite_mix,NGC3972,0.0029527028355974556,0.0033983314712506263,-0.0004456286356531707,0.5407151006054642
return,finite_mix,NGC3992,0.0027165171855982723,0.0014653568380486462,0.001251160347549626,0.3823340729836207
return,finite_mix,NGC4051,0.0029221325796301447,0.0026818727485970373,0.0002402598310331074,0.47671362014152424
return,finite_mix,NGC4068,0.046390623670625304,0.04374046676110479,0.002650156909520515,0.2625424700270356
return,finite_mix,NGC4088,0.00830352865032022,0.015051166298872947,-0.006747637648552726,1.1343042456645465
return,finite_mix,NGC4100,0.0013650532053541495,0.0014146305447142167,-4.957733936006726e-05,0.5030216455029464
return,finite_mix,NGC5005,0.0012916673287193543,0.0035249005824035777,-0.002233233253684223,0.7063896228274608
return,finite_mix,NGC5033,0.0020483526701267265,0.0026868684871582046,-0.0006385158170314782,0.5582389469091917
return,finite_mix,NGC5371,0.003924318095819621,0.005977949886149614,-0.0020536317903299935,0.6913555508518202
return,finite_mix,NGC5585,0.004600107735712328,0.0019052406259325112,0.0026948671097798164,0.24811339707688151
return,finite_mix,NGC5985,0.02143502355766337,0.021882606846409792,-0.00044758328874642053,0.550387522288752
return,finite_mix,NGC6015,0.0033978880914612964,0.0027463778470736993,0.0006515102443875971,0.43854299206779884
return,finite_mix,NGC6195,0.002964876804833761,0.003737819485342032,-0.0007729426805082712,0.5712573599176345
return,finite_mix,NGC6503,0.001157648308227304,0.0007488603661308697,0.00040878794209643426,0.4602341693719512
return,finite_mix,NGC6674,0.004072960132900692,0.0023636510417499885,0.0017093090911507033,0.34003209043413635
return,finite_mix,NGC6946,0.0013398408252740975,0.004461153242110783,-0.003121312416836685,0.7891474987805194
return,finite_mix,NGC7331,0.002346761213853571,0.004550035872558428,-0.0022032746587048574,0.7042912246748932
return,finite_mix,UGC00128,0.0033706631673170034,0.00491288962918186,-0.001542226461864857,0.6432696956755063
return,finite_mix,UGC00191,0.00436824723688908,0.009310654479765451,-0.004942407242876371,0.9614981700017288
return,finite_mix,UGC00731,0.0168100256570493,0.00995897975539387,0.006851045901655429,-0.1418396966227781
return,finite_mix,UGC00891,0.004206055904194825,0.004127462858306106,7.85930458887191e-05,0.49238516335475807
return,finite_mix,UGC02259,0.01950153009505247,0.02848869486825742,-0.00898716477320495,1.3585460362075221
return,finite_mix,UGC02487,0.01127001702852514,0.005811735724901145,0.0054582813036239955,-0.010151041511123175
return,finite_mix,UGC02916,0.0039664773692413636,0.005335296367689482,-0.0013688189984481184,0.6274347553558146
return,finite_mix,UGC02953,0.005272402023355622,0.00355996715903825,0.001712434864317372,0.34012116377657553
return,finite_mix,UGC03205,0.002841277823490435,0.0016198956751298816,0.0012213821483605532,0.38515634690329087
return,finite_mix,UGC03580,0.015796448219925697,0.01648632027603478,-0.0006898720561090838,0.5703349070573518
return,finite_mix,UGC04325,0.021638262495218247,0.03886106328502911,-0.017222800789810866,2.143251944500324
return,finite_mix,UGC04483,0.007715400392875418,0.011519086569682863,-0.003803686176807445,0.857806314044783
return,finite_mix,UGC04499,0.002165142505229886,0.0009747380757561749,0.0011904044294737109,0.3878014269379693
return,finite_mix,UGC05414,0.0027465272591835448,0.00023853099544911055,0.002507996263734434,0.2651146278997853
return,finite_mix,UGC05716,0.003383195774939405,0.0016574360013403584,0.0017257597735990467,0.3382778605076766
return,finite_mix,UGC05750,0.033929269022505065,0.023082937723203394,0.010846331299301671,-0.5279923271503347
return,finite_mix,UGC05764,0.022077163560370067,0.04224509866973349,-0.020167935109363426,2.423893994711555
return,finite_mix,UGC05829,0.0016475250523608797,0.0007873539402354066,0.000860171112125473,0.41838503599856225
return,finite_mix,UGC06399,0.002791689102489593,0.005163030772623562,-0.002371341670133969,0.7202604667146039
return,finite_mix,UGC06614,0.003416863056913974,0.004880216017453102,-0.001463352960539128,0.6359359812790639
return,finite_mix,UGC06786,0.007204304592206562,0.004451779097231833,0.002752525494974729,0.24331810591128142
return,finite_mix,UGC06787,0.005469968826036266,0.006204686013492645,-0.0007347171874563796,0.5690210334530976
return,finite_mix,UGC06818,0.01506301804715742,0.01272402609675201,0.0023389919504054092,0.28414259563486366
return,finite_mix,UGC06917,0.0025896087241529084,0.004938772891251614,-0.002349164167098706,0.7180564434672245
return,finite_mix,UGC06923,0.003042972812860583,0.0015215503378072535,0.0015214224750533293,0.35723511604483077
return,finite_mix,UGC06983,0.005300459515727276,0.008707871563310385,-0.0034074120475831087,0.8188191371483369
return,finite_mix,UGC07089,0.004795981960984953,0.00213106429994617,0.0026649176610387825,0.25095767016888415
return,finite_mix,UGC07261,0.0030693815195294272,0.004289612020601585,-0.0012202305010721574,0.6130459641149569
return,finite_mix,UGC07323,0.0021034978892161406,0.0005051068174214854,0.001598391071794655,0.34974739588698034
return,finite_mix,UGC07399,0.03833056352383157,0.050730364035805775,-0.012399800511974202,1.7124626388094661
return,finite_mix,UGC07524,0.0017287637568097947,0.0052035085398592406,-0.0034747447830494457,0.8223682964268483
return,finite_mix,UGC07577,0.09545438959426272,0.07401688250027001,0.02143750709399271,-1.6425524590261131
return,finite_mix,UGC07603,0.009091323798830197,0.0039746328679571945,0.005116690930873002,0.021920899905835116
return,finite_mix,UGC07866,0.006080211419057901,0.00526497071397854,0.0008152407050793604,0.42432417531722905
return,finite_mix,UGC08490,0.008919226578459722,0.004119188408532384,0.004800038169927337,0.05162387493308203
return,finite_mix,UGC08699,0.00205066027774034,0.0022237619952819175,-0.00017310171754157753,0.514857258617993
return,finite_mix,UGC08837,0.03484615698009534,0.01884576241327437,0.01600039456682097,-1.024035965161606
return,finite_mix,UGC09037,0.011210857980430082,0.012827515422579117,-0.001616657442149035,0.6550089997277115
return,finite_mix,UGC09133,0.0011541143490532851,0.003090447877124617,-0.0019363335280713318,0.6786471652389632
return,finite_mix,UGC09992,0.014721321447204694,0.01390500888815733,0.0008163125590473636,0.4276817160221517
return,finite_mix,UGC10310,0.0014904519055194635,0.002227848866988572,-0.0007373969614691083,0.5671610419582478
return,finite_mix,UGC11820,0.0033799504408696672,0.016110346958894153,-0.012730396518024486,1.6874578709273715
return,finite_mix,UGC11914,0.0018966908015874107,0.0005987881139637836,0.0012979026876236272,0.3776855463081256
return,finite_mix,UGCA442,0.0017844753824636794,0.006175889534946434,-0.0043914141524827545,0.907835780135219
return,finite_mix,UGCA444,0.00221705416684933,0.004148651628443541,-0.001931597461594211,0.6788781417180899
return,truncated_point_kernel,CamB,0.17377089447652927,0.14899538052018182,0.024775513956347445,-9.834405329723495
return,truncated_point_kernel,D564-8,0.015455992088693277,0.010824599324993954,0.004631392763699322,-6.463304844566284
return,truncated_point_kernel,D631-7,0.02020121225235733,0.018423412194564937,0.001777800057792392,-6.2218140875035335
return,truncated_point_kernel,DDO064,0.005470658706332556,0.0041545500006219946,0.001316108705710561,-6.092936449884494
return,truncated_point_kernel,DDO161,0.014947647404736772,0.019205564808386578,-0.004257917403649806,-5.62151855998864
return,truncated_point_kernel,DDO168,0.0066640774750213886,0.0051009140398459085,0.00156316343517548,-6.122871976170495
return,truncated_point_kernel,DDO170,0.002973553831608716,0.0008891631084064481,0.002084390723202268,-6.150418015056309
return,truncated_point_kernel,ESO079-G014,0.003693815916097584,0.005633977869215417,-0.0019401619531178326,-5.7788354172421
return,truncated_point_kernel,ESO116-G012,0.0052599913026141415,0.006321624357250277,-0.0010616330546361352,-5.869433669031044
return,truncated_point_kernel,F565-V2,0.008764845953689043,0.019301519921626948,-0.010536673967937905,-4.999965540404354
return,truncated_point_kernel,F568-3,0.007797433065271526,0.012057772349497333,-0.004260339284225807,-5.583622572921619
return,truncated_point_kernel,F568-V1,0.029200336980782976,0.034916847115181414,-0.005716510134398438,-5.558651313327344
return,truncated_point_kernel,F571-V1,0.0012646907986729684,0.003477901192523749,-0.0022132103938507803,-5.740326959929251
return,truncated_point_kernel,F583-1,0.016260458993871643,0.013193588856111606,0.003066870137760037,-6.3204243082421785
return,truncated_point_kernel,F583-4,0.0002912729923615967,0.0012073822072139237,-0.0009161092148523269,-5.855836373750478
return,truncated_point_kernel,KK98-251,0.02673954330949324,0.019120928554787867,0.007618614754705374,-6.817894361930717
return,truncated_point_kernel,NGC0024,0.01985119410630907,0.022806337847398772,-0.002955143741089704,-5.77113180606501
return,truncated_point_kernel,NGC0055,0.004754207844882503,0.0032565707756989147,0.0014976370691835886,-6.105820777761112
return,truncated_point_kernel,NGC0247,0.0015191950619163784,0.00554965685346868,-0.004030461791552302,-5.572379542544471
return,truncated_point_kernel,NGC0289,0.001053786639949545,0.002343089696220663,-0.001289303056271118,-5.8252402192016275
return,truncated_point_kernel,NGC0300,0.0035504696559931887,0.004447700537262775,-0.0008972308812695861,-5.875413561031664
return,truncated_point_kernel,NGC0801,0.0026230694895661246,0.0030745713426732894,-0.00045150185310716476,-5.911901929976379
return,truncated_point_kernel,NGC1003,0.0015195106978170272,0.005544442017945547,-0.00402493132012852,-5.5728964408455335
return,truncated_point_kernel,NGC1090,0.005813305631956992,0.0073472674861275395,-0.0015339618541705471,-5.8282891719102405
return,truncated_point_kernel,NGC2403,0.00234366323719453,0.0005763377183470316,0.001767325518847498,-6.1172430125177915
return,truncated_point_kernel,NGC2683,0.0005211085911523317,0.005794068893328904,-0.005272960302176572,-5.451549876478287
return,truncated_point_kernel,NGC2841,0.009736932204996475,0.00384135124713483,0.005895580957861645,-6.547290537628857
return,truncated_point_kernel,NGC2915,0.03650914274342922,0.017215424772385118,0.019293717971044105,-8.006435552651904
return,truncated_point_kernel,NGC2955,0.0011037353923369273,0.0016560926429033671,-0.0005523572505664398,-5.89414393453013
return,truncated_point_kernel,NGC2976,0.008763594256643706,0.009109686561965345,-0.00034609230532163873,-5.955841010349361
return,truncated_point_kernel,NGC2998,0.014938291474939894,0.01435521935370296,0.0005830721212369341,-6.078201373313691
return,truncated_point_kernel,NGC3109,0.006587760634394625,0.014625050520041191,-0.008037289885646566,-5.223741714727561
return,truncated_point_kernel,NGC3198,0.004899890528002706,0.006222660112778049,-0.0013227695847753424,-5.843051996634348
return,truncated_point_kernel,NGC3521,0.0004200449916843462,0.001090991602787247,-0.0006709466111029007,-5.879355988793588
return,truncated_point_kernel,NGC3741,0.004386065850545083,0.016238727270777832,-0.011852661420232748,-4.856577631333663
return,truncated_point_kernel,NGC3769,0.0016065349777205278,0.0027585972472443723,-0.0011520622695238446,-5.841027755697128
return,truncated_point_kernel,NGC3877,0.01231005904232048,0.014003022958330188,-0.0016929639160097078,-5.848960978577601
return,truncated_point_kernel,NGC3893,0.0010663220391256753,0.0008262951742721751,0.00024002686485350018,-5.967731777836275
return,truncated_point_kernel,NGC3917,0.004172143019842366,0.004797443091483349,-0.0006253000716409827,-5.904222867321561
return,truncated_point_kernel,NGC3949,0.0009102980470135734,0.0012282455854390228,-0.00031794753842544936,-5.91490924555298
return,truncated_point_kernel,NGC3972,0.0029527028355974556,0.004013733891199486,-0.0010610310556020304,-5.856855787777674
return,truncated_point_kernel,NGC3992,0.0027165171855982723,0.001337430168973112,0.0013790870166251602,-6.083158827684737
return,truncated_point_kernel,NGC4051,0.0029221325796301447,0.0026803211933807843,0.00024181138624936038,-5.978230026291926
return,truncated_point_kernel,NGC4068,0.046390623670625304,0.05627103778066189,-0.009880414110036588,-5.246695764736831
return,truncated_point_kernel,NGC4088,0.00830352865032022,0.01358450788519934,-0.0052809792348791195,-5.4905768775391754
return,truncated_point_kernel,NGC4100,0.0013650532053541495,0.000993064197238649,0.00037198900811550055,-5.9816852788413
return,truncated_point_kernel,NGC5005,0.0012916673287193543,0.0028097303038376142,-0.00151806297511826,-5.805222534004487
return,truncated_point_kernel,NGC5033,0.0020483526701267265,0.00274123896980517,-0.0006928862996784437,-5.886234602399588
return,truncated_point_kernel,NGC5371,0.003924318095819621,0.004468236479887518,-0.0005439183840678973,-5.910455714051889
return,truncated_point_kernel,NGC5585,0.004600107735712328,0.003646800813018707,0.0009533069226936208,-6.054081838580105
return,truncated_point_kernel,NGC5985,0.02143502355766337,0.02229550630356859,-0.0008604827459052188,-5.978652371553417
return,truncated_point_kernel,NGC6015,0.0033978880914612964,0.0020760361754442905,0.001321851916017006,-6.081685487667012
return,truncated_point_kernel,NGC6195,0.002964876804833761,0.0032236850181171267,-0.0002588082132833659,-5.931764104429635
return,truncated_point_kernel,NGC6503,0.001157648308227304,0.0009444501507770486,0.00021319815745025536,-5.965740660522495
return,truncated_point_kernel,NGC6674,0.004072960132900692,0.002333962580022468,0.0017389975528782236,-6.124476719049123
return,truncated_point_kernel,NGC6946,0.0013398408252740975,0.0034282715965052234,-0.002088430771231126,-5.752352250599571
return,truncated_point_kernel,NGC7331,0.002346761213853571,0.003897419139950656,-0.0015506579260970853,-5.807894360668369
return,truncated_point_kernel,UGC00128,0.0033706631673170034,0.005341990515230232,-0.0019713273479132288,-5.7741839448797405
return,truncated_point_kernel,UGC00191,0.00436824723688908,0.005338413672307046,-0.0009701664354179662,-5.873088664627396
return,truncated_point_kernel,UGC00731,0.0168100256570493,0.006617672985368621,0.010192352671680678,-6.997163819283262
return,truncated_point_kernel,UGC00891,0.004206055904194825,0.0046311425446162666,-0.00042508664042144144,-5.9231100544646695
return,truncated_point_kernel,UGC02259,0.01950153009505247,0.030011408147644525,-0.010509878052592056,-5.053371884447464
return,truncated_point_kernel,UGC02487,0.01127001702852514,0.007198243726265531,0.00407177330225961,-6.3852508333848315
return,truncated_point_kernel,UGC02916,0.0039664773692413636,0.004902194617573685,-0.0009357172483323217,-5.874102110255447
return,truncated_point_kernel,UGC02953,0.005272402023355622,0.0034837435394135664,0.0017886584839420555,-6.135987781025003
return,truncated_point_kernel,UGC03205,0.002841277823490435,0.001498855614716292,0.0013424222087741427,-6.080446606465018
return,truncated_point_kernel,UGC03580,0.015796448219925697,0.016872679963794022,-0.001076231743868325,-5.926449486852875
return,truncated_point_kernel,UGC04325,0.021638262495218247,0.03573700109136748,-0.014098738596149234,-4.722872097981056
return,truncated_point_kernel,UGC04483,0.007715400392875418,0.015099028585920387,-0.0073836281930449695,-5.290515151316973
return,truncated_point_kernel,UGC04499,0.002165142505229886,0.002219380474263698,-5.423796903381234e-05,-5.946412485246868
return,truncated_point_kernel,UGC05414,0.0027465272591835448,0.0018004228457381274,0.0009461044134454174,-6.04294307402289
return,truncated_point_kernel,UGC05716,0.003383195774939405,0.0012458575466871534,0.0021373382282522516,-6.157710983348207
return,truncated_point_kernel,UGC05750,0.033929269022505065,0.045005483944292,-0.011076214921786932,-5.069007027128968
return,truncated_point_kernel,UGC05764,0.022077163560370067,0.042574132476870565,-0.020496968916500498,-4.117094390262774
return,truncated_point_kernel,UGC05829,0.0016475250523608797,0.0013641792771901557,0.000283345775170724,-5.9750000322412875
return,truncated_point_kernel,UGC06399,0.002791689102489593,0.007458002140633853,-0.0046663130381442595,-5.519682809506489
return,truncated_point_kernel,UGC06614,0.003416863056913974,0.004305222651136027,-0.0008883595942220531,-5.875508885763048
return,truncated_point_kernel,UGC06786,0.007204304592206562,0.005328604077713218,0.0018757005144933447,-6.155243430674779
return,truncated_point_kernel,UGC06787,0.005469968826036266,0.006861218758059226,-0.0013912499320229603,-5.839763159531089
return,truncated_point_kernel,UGC06818,0.01506301804715742,0.014106243143915434,0.0009567749032419852,-6.114178568585989
return,truncated_point_kernel,UGC06917,0.0025896087241529084,0.006473785622710656,-0.0038841768985577473,-5.59158487627575
return,truncated_point_kernel,UGC06923,0.003042972812860583,0.002388596200393192,0.000654376612467391,-6.017396297655177
return,truncated_point_kernel,UGC06983,0.005300459515727276,0.0110535289568423,-0.005753069441115023,-5.431021688772268
return,truncated_point_kernel,UGC07089,0.004795981960984953,0.0026842880542118693,0.0021116939067730833,-6.163444395300225
return,truncated_point_kernel,UGC07261,0.0030693815195294272,0.002096651088608419,0.0009727304309210083,-6.047247653036353
return,truncated_point_kernel,UGC07323,0.0021034978892161406,0.0011151509480244709,0.0009883469411916697,-6.043258582761299
return,truncated_point_kernel,UGC07399,0.03833056352383157,0.05499705363052487,-0.0166664901066933,-4.551202901045376
return,truncated_point_kernel,UGC07524,0.0017287637568097947,0.005169011763516995,-0.0034402480067072,-5.628467165228976
return,truncated_point_kernel,UGC07577,0.09545438959426272,0.0760522947943958,0.019402094799866917,-8.499368000801024
return,truncated_point_kernel,UGC07603,0.009091323798830197,0.006415593227063158,0.0026757305717670385,-6.241208035064171
return,truncated_point_kernel,UGC07866,0.006080211419057901,0.004755046817039274,0.001325164602018627,-6.097258735378191
return,truncated_point_kernel,UGC08490,0.008919226578459722,0.004184643915020415,0.004734582663439306,-6.433349870951912
return,truncated_point_kernel,UGC08699,0.00205066027774034,0.002528798809248649,-0.00047813853150830907,-5.9062646602843465
return,truncated_point_kernel,UGC08837,0.03484615698009534,0.025924960927605573,0.008921196052489769,-6.996285081365734
return,truncated_point_kernel,UGC09037,0.011210857980430082,0.011971237760085655,-0.000760379779655573,-5.930594596815688
return,truncated_point_kernel,UGC09133,0.0011541143490532851,0.0031657091388521057,-0.0020115947897988203,-5.758513394582786
return,truncated_point_kernel,UGC09992,0.014721321447204694,0.009497078310299077,0.005224243136905617,-6.514747949324442
return,truncated_point_kernel,UGC10310,0.0014904519055194635,0.0018812267137348732,-0.00039077480821540973,-5.911321308217595
return,truncated_point_kernel,UGC11820,0.0033799504408696672,0.0033027356214875778,7.721481938208945e-05,-5.965422729473047
return,truncated_point_kernel,UGC11914,0.0018966908015874107,0.0005960011942840756,0.001300689607303335,-6.071204160980036
return,truncated_point_kernel,UGCA442,0.0017844753824636794,0.007172648280638162,-0.005388172898174483,-5.447231477439269
return,truncated_point_kernel,UGCA444,0.00221705416684933,0.003990650625946009,-0.0017735964590966788,-5.786407940813131
return,finite_flat_bridge,CamB,0.17377089447652927,0.13435739768213864,0.03941349679439063,1.0058871206784714
return,finite_flat_bridge,D564-8,0.015455992088693277,0.00852855373154642,0.0069274383571468565,3.9220263478214625
return,finite_flat_bridge,D631-7,0.02020121225235733,0.02211367640256098,-0.0019124641502036507,4.777852202532459
return,finite_flat_bridge,DDO064,0.005470658706332556,0.00390043874444844,0.0015702199618841156,4.386366862105386
return,finite_flat_bridge,DDO161,0.014947647404736772,0.024485023904813996,-0.009537376500077225,5.473563522979033
return,finite_flat_bridge,DDO168,0.0066640774750213886,0.0030284575248665214,0.003635619950154867,4.197912748867278
return,finite_flat_bridge,DDO170,0.002973553831608716,0.0008301220515867847,0.002143431780021931,4.3226710918805225
return,finite_flat_bridge,ESO079-G014,0.003693815916097584,0.005725904337914127,-0.0020320884218165427,4.715389718035075
return,finite_flat_bridge,ESO116-G012,0.0052599913026141415,0.004983675082814994,0.0002763162197991472,4.506474143145983
return,finite_flat_bridge,F565-V2,0.008764845953689043,0.015058735749076818,-0.006293889795387775,5.137578640124817
return,finite_flat_bridge,F568-3,0.007797433065271526,0.00997088554451479,-0.0021734524792432633,4.746771827797578
return,finite_flat_bridge,F568-V1,0.029200336980782976,0.03195389806014403,-0.002753561079361054,4.8994086035009685
return,finite_flat_bridge,F571-V1,0.0012646907986729684,0.0020140545610761985,-0.00074936376240323,4.585240850749858
return,finite_flat_bridge,F583-1,0.016260458993871643,0.009650891536238,0.006609567457633643,3.9550344398197983
return,finite_flat_bridge,F583-4,0.0002912729923615967,0.004161790017169621,-0.0038705170248080245,4.871544565205593
return,finite_flat_bridge,KK98-251,0.02673954330949324,0.004141875445302901,0.02259766786419034,2.469164829866008
return,finite_flat_bridge,NGC0024,0.01985119410630907,0.022686454812850535,-0.002835260706541467,4.863735499598837
return,finite_flat_bridge,NGC0055,0.004754207844882503,0.004084439420516123,0.00066976842436638,4.467576435031248
return,finite_flat_bridge,NGC0247,0.0015191950619163784,0.0067079029410397435,-0.005188707879123365,4.9999300987714665
return,finite_flat_bridge,NGC0289,0.001053786639949545,0.002217736720562649,-0.001163950080613104,4.6229494454937825
return,finite_flat_bridge,NGC0300,0.0035504696559931887,0.002858044715091587,0.0006924249409016015,4.4604417368971445
return,finite_flat_bridge,NGC0801,0.0026230694895661246,0.0036117727609160963,-0.0009887032713499716,4.613371337917318
return,finite_flat_bridge,NGC1003,0.0015195106978170272,0.005767916783109439,-0.004248406085292412,4.9123260975483705
return,finite_flat_bridge,NGC1090,0.005813305631956992,0.006272737669635043,-0.00045943203767805085,4.577629671746442
return,finite_flat_bridge,NGC2403,0.00234366323719453,0.000888980853966982,0.001454682383227548,4.384350670150139
return,finite_flat_bridge,NGC2683,0.0005211085911523317,0.004004942545997861,-0.003483833954845529,4.836593973054116
return,finite_flat_bridge,NGC2841,0.009736932204996475,0.004121237258839422,0.005615694946157053,4.0241219780232305
return,finite_flat_bridge,NGC2915,0.03650914274342922,0.01848749796436846,0.018021644779060764,2.9330993013243525
return,finite_flat_bridge,NGC2955,0.0011037353923369273,0.0010028977383128455,0.00010083765402408174,4.505373141662608
return,finite_flat_bridge,NGC2976,0.008763594256643706,0.004306606836847227,0.004456987419796479,4.129135282044902
return,finite_flat_bridge,NGC2998,0.014938291474939894,0.02067546231333132,-0.005737170838391427,5.114977521288504
return,finite_flat_bridge,NGC3109,0.006587760634394625,0.007814686550822078,-0.0012269259164274533,4.652792938130068
return,finite_flat_bridge,NGC3198,0.004899890528002706,0.004470643088518709,0.0004292474394839976,4.490664241024233
return,finite_flat_bridge,NGC3521,0.0004200449916843462,0.0006861244134977075,-0.0002660794218133613,4.536655989475727
return,finite_flat_bridge,NGC3741,0.004386065850545083,0.01979157940527396,-0.015405513554728877,5.967742790635806
return,finite_flat_bridge,NGC3769,0.0016065349777205278,0.0017807855411820757,-0.00017425056346154796,4.533115165239921
return,finite_flat_bridge,NGC3877,0.01231005904232048,0.013313911978759857,-0.001003852936439377,4.656856169714475
return,finite_flat_bridge,NGC3893,0.0010663220391256753,0.0005789265231766704,0.00048739551594900493,4.46921677353824
return,finite_flat_bridge,NGC3917,0.004172143019842366,0.0027108099056145133,0.0014613331142278529,4.391216955704867
return,finite_flat_bridge,NGC3949,0.0009102980470135734,0.000629287825769714,0.00028101022124385944,4.487784954416382
return,finite_flat_bridge,NGC3972,0.0029527028355974556,0.002186342655695697,0.0007663601799017586,4.451056725416902
return,finite_flat_bridge,NGC3992,0.0027165171855982723,0.000708795028166554,0.0020077221574317182,4.334292595972009
return,finite_flat_bridge,NGC4051,0.0029221325796301447,0.0029640310221116344,-4.1898442481489665e-05,4.526331673694989
return,finite_flat_bridge,NGC4068,0.046390623670625304,0.05420689293187966,-0.007816269261254359,5.473558081923182
return,finite_flat_bridge,NGC4088,0.00830352865032022,0.0164593709712551,-0.008155842320934881,5.309933160264343
return,finite_flat_bridge,NGC4100,0.0013650532053541495,0.0007209806468715008,0.0006440725584826487,4.455865375122417
return,finite_flat_bridge,NGC5005,0.0012916673287193543,0.001350756996951915,-5.9089668232560665e-05,4.5210586761216955
return,finite_flat_bridge,NGC5033,0.0020483526701267265,0.0015495313023793746,0.0004988213677473519,4.47224277876536
return,finite_flat_bridge,NGC5371,0.003924318095819621,0.006343322345076678,-0.0024190042492570575,4.752533523060583
return,finite_flat_bridge,NGC5585,0.004600107735712328,0.003029366887020949,0.001570740848691379,4.382750303303684
return,finite_flat_bridge,NGC5985,0.02143502355766337,0.020673856520766247,0.0007611670368971243,4.529643678873892
return,finite_flat_bridge,NGC6015,0.0033978880914612964,0.001715271176889822,0.0016826169145714744,4.367391205605306
return,finite_flat_bridge,NGC6195,0.002964876804833761,0.0016430722784979337,0.0013218045263358271,4.399288193496667
return,finite_flat_bridge,NGC6503,0.001157648308227304,0.0006016645863686946,0.0005559837218586094,4.463208883498617
return,finite_flat_bridge,NGC6674,0.004072960132900692,0.001742455935142766,0.002330504197757926,4.309638698819754
return,finite_flat_bridge,NGC6946,0.0013398408252740975,0.004075443653040455,-0.0027356028277663574,4.770583588366808
return,finite_flat_bridge,NGC7331,0.002346761213853571,0.004072876341432227,-0.0017261151275786558,4.680938541167378
return,finite_flat_bridge,UGC00128,0.0033706631673170034,0.004783174166855134,-0.0014125109995381307,4.656143444814764
return,finite_flat_bridge,UGC00191,0.00436824723688908,0.005222803220881635,-0.0008545559839925549,4.608360935882298
return,finite_flat_bridge,UGC00731,0.0168100256570493,0.00710902137607624,0.00970100428097306,3.664905244115036
return,finite_flat_bridge,UGC00891,0.004206055904194825,0.003833662871286474,0.00037239303290835133,4.493064335950361
return,finite_flat_bridge,UGC02259,0.01950153009505247,0.027640782062235286,-0.008139251967182817,5.364702990356688
return,finite_flat_bridge,UGC02487,0.01127001702852514,0.006054551039715264,0.005215465988809877,4.067552600354115
return,finite_flat_bridge,UGC02916,0.0039664773692413636,0.003946161986114916,2.031538312644715e-05,4.524936262543583
return,finite_flat_bridge,UGC02953,0.005272402023355622,0.0031759092630540904,0.0020964927603015315,4.336350304914559
return,finite_flat_bridge,UGC03205,0.002841277823490435,0.001199922223940923,0.0016413555995495118,4.368972523598839
return,finite_flat_bridge,UGC03580,0.015796448219925697,0.014292068594747737,0.0015043796251779599,4.435350621043455
return,finite_flat_bridge,UGC04325,0.021638262495218247,0.0385123636907564,-0.01687410119553815,6.204935296824868
return,finite_flat_bridge,UGC04483,0.007715400392875418,0.020475795292765053,-0.012760394899889636,5.738491673602053
return,finite_flat_bridge,UGC04499,0.002165142505229886,0.0008759222606191747,0.0012892202446107112,4.399045967691703
return,finite_flat_bridge,UGC05414,0.0027465272591835448,0.0005660784465247483,0.0021804488126587964,4.318303009064887
return,finite_flat_bridge,UGC05716,0.003383195774939405,0.00045548118292923506,0.00292771459201017,4.251127036889246
return,finite_flat_bridge,UGC05750,0.033929269022505065,0.015260173572289037,0.018669095450216028,2.863630368593777
return,finite_flat_bridge,UGC05764,0.022077163560370067,0.05300777366397,-0.03093061010359993,7.542703244908504
return,finite_flat_bridge,UGC05829,0.0016475250523608797,0.0005587885411631753,0.0010887365111977043,4.415605047401724
return,finite_flat_bridge,UGC06399,0.002791689102489593,0.00577696836938691,-0.002985279266897317,4.800333480168817
return,finite_flat_bridge,UGC06614,0.003416863056913974,0.005203110656310118,-0.0017862475993961438,4.691225942688117
return,finite_flat_bridge,UGC06786,0.007204304592206562,0.004713223673802882,0.00249108091840368,4.307238376701972
return,finite_flat_bridge,UGC06787,0.005469968826036266,0.005286100119998485,0.00018386870603778055,4.516003916384281
return,finite_flat_bridge,UGC06818,0.01506301804715742,0.01742004673513375,-0.002357028687976331,4.79663597932764
return,finite_flat_bridge,UGC06917,0.0025896087241529084,0.00455024167901089,-0.0019606329548579817,4.703869903484146
return,finite_flat_bridge,UGC06923,0.003042972812860583,0.0017365652372462615,0.0013064075756143213,4.401045273571878
return,finite_flat_bridge,UGC06983,0.005300459515727276,0.00870409467733755,-0.0034036351616102732,4.8507081495805515
return,finite_flat_bridge,UGC07089,0.004795981960984953,0.0027098203062266377,0.002086161654758315,4.335385112888579
return,finite_flat_bridge,UGC07261,0.0030693815195294272,0.001741884051139631,0.0013274974683897963,4.399185983027848
return,finite_flat_bridge,UGC07323,0.0021034978892161406,0.0006429594920428,0.0014605383971733406,4.382823225589699
return,finite_flat_bridge,UGC07399,0.03833056352383157,0.051151589803196056,-0.012821026279364482,5.913835114303054
return,finite_flat_bridge,UGC07524,0.0017287637568097947,0.00676248638959718,-0.005033722632787385,4.986464136215695
return,finite_flat_bridge,UGC07577,0.09545438959426272,0.045078764916030134,0.05037562467823259,-0.19381474547664806
return,finite_flat_bridge,UGC07603,0.009091323798830197,0.003641796173088799,0.005449527625741397,4.037275651491735
return,finite_flat_bridge,UGC07866,0.006080211419057901,0.006413110436190587,-0.0003328990171326861,4.566933787117907
return,finite_flat_bridge,UGC08490,0.008919226578459722,0.0023212430556817172,0.006597983522778005,3.928882396606386
return,finite_flat_bridge,UGC08699,0.00205066027774034,0.001442091484967506,0.000608568792772834,4.46202245416126
return,finite_flat_bridge,UGC08837,0.03484615698009534,0.014471451613330787,0.020374705366764556,2.702155639202308
return,finite_flat_bridge,UGC09037,0.011210857980430082,0.015243622953800932,-0.00403276497337085,4.936810709513358
return,finite_flat_bridge,UGC09133,0.0011541143490532851,0.002018573329472715,-0.0008644589804194297,4.59548810724944
return,finite_flat_bridge,UGC09992,0.014721321447204694,0.013820794484397976,0.0009005269628067185,4.487812525304593
return,finite_flat_bridge,UGC10310,0.0014904519055194635,0.0011309828622755739,0.00035946904324388965,4.482900994079154
return,finite_flat_bridge,UGC11820,0.0033799504408696672,0.013209656037065129,-0.009829705596195462,5.441753569207877
return,finite_flat_bridge,UGC11914,0.0018966908015874107,0.0006942073373312475,0.0012024834642561633,4.4060292187685
return,finite_flat_bridge,UGCA442,0.0017844753824636794,0.006234947395304871,-0.004450472012841191,4.932369662500984
return,finite_flat_bridge,UGCA444,0.00221705416684933,0.00886737941478593,-0.0066503252479365995,5.139446695910671
coherence,coherence_free,CamB,0.17377089021681458,0.11048981723098601,0.06328107298582857,-35.08568639855627
coherence,coherence_free,D564-8,0.01545599087726563,0.003938249774506823,0.011517741102758806,-24.956446797705322
coherence,coherence_free,D631-7,0.020201211235091734,0.022893316638400996,-0.002692105403309261,-23.721388284343163
coherence,coherence_free,DDO064,0.005470658488277939,0.05574773542521926,-0.05027707693694132,-18.944883098171832
coherence,coherence_free,DDO161,0.01494764599153206,0.015396212290891984,-0.0004485662993599232,-23.81548322736827
coherence,coherence_free,DDO168,0.006664076710454353,0.007941875517355564,-0.001277798806901211,-23.553170474961703
coherence,coherence_free,DDO170,0.0029735524889090404,0.0010080897295514344,0.0019654627593576057,-23.77465234819773
coherence,coherence_free,ESO079-G014,0.003693815865728462,0.006339787544877302,-0.0026459716791488396,-23.360131286105325
coherence,coherence_free,ESO116-G012,0.0052599920625577634,0.0037985778637733016,0.0014614141987844618,-23.77834949047182
coherence,coherence_free,F565-V2,0.008764848475952136,0.020331957284187283,-0.011567108808235147,-22.634439614923522
coherence,coherence_free,F568-3,0.007797433186922921,0.012201140171640285,-0.0044037069847173635,-23.28524086560476
coherence,coherence_free,F568-V1,0.029200338347712174,0.04900322459323106,-0.019802886245518885,-22.289171307518387
coherence,coherence_free,F571-V1,0.0012646909214913643,0.0015791850088266541,-0.00031449408733528984,-23.524442437023996
coherence,coherence_free,F583-1,0.016260460006005065,0.044384229350225145,-0.02812376934422008,-21.230686684070385
coherence,coherence_free,F583-4,0.00029127305211299875,0.010170341835410745,-0.009879068783297746,-22.613044327477677
coherence,coherence_free,KK98-251,0.0267395391281935,0.009303407980550495,0.017436131147643006,-25.789785472117277
coherence,coherence_free,NGC0024,0.019851193551926233,0.025106532282687086,-0.005255338730760853,-23.470558953506362
coherence,coherence_free,NGC0055,0.004754207225825071,0.00443192375713044,0.0003222834686946313,-23.660659976298607
coherence,coherence_free,NGC0247,0.0015191952499161892,0.007692520147068205,-0.006173324897152016,-22.984168577594676
coherence,coherence_free,NGC0289,0.0010537864896815123,0.004959822063414404,-0.0039060355737328915,-23.185352580804174
coherence,coherence_free,NGC0300,0.0035504703876247236,0.004930659976333562,-0.0013801895887088386,-23.47515878841229
coherence,coherence_free,NGC0801,0.002623069611021142,0.007900574440160023,-0.005277504829138881,-23.091378121461545
coherence,coherence_free,NGC1003,0.0015195110558912555,0.004631114090030636,-0.0031116030341393807,-23.269427997510327
coherence,coherence_free,NGC1090,0.005813305817066153,0.010750647854159615,-0.004937342037093462,-23.19210674042866
coherence,coherence_free,NGC2403,0.002343663372708362,0.0017170039404272805,0.0006266594322810817,-23.63586077124392
coherence,coherence_free,NGC2683,0.0005211084834066368,0.009475728064454233,-0.008954619581047596,-22.703930482000608
coherence,coherence_free,NGC2841,0.009736931626098762,0.0018026732812011972,0.007934258344897565,-24.4860059590746
coherence,coherence_free,NGC2915,0.036509147372576815,0.044032044852079344,-0.007522897479502529,-23.62870991829534
coherence,coherence_free,NGC2955,0.0011037359395701487,0.007077205048164126,-0.005973469108593977,-22.993888313655084
coherence,coherence_free,NGC2976,0.008763594611809674,0.0030575066401457517,0.0057060879716639215,-24.254646941418834
coherence,coherence_free,NGC2998,0.014938290452113147,0.023624359457503297,-0.00868606900539015,-23.03809004331416
coherence,coherence_free,NGC3109,0.0065877620824726845,0.01610777892806961,-0.009520016845596925,-22.779938665546496
coherence,coherence_free,NGC3198,0.004899890838083319,0.004854570726816857,4.532011126646279e-05,-23.63799609585859
coherence,coherence_free,NGC3521,0.0004200451002110155,0.00271060318729927,-0.0022905580870882544,-23.322032838216728
coherence,coherence_free,NGC3741,0.004386068001610303,0.018574183980026745,-0.014188115978416443,-22.297006652613266
coherence,coherence_free,NGC3769,0.0016065353266354633,0.006227820835981077,-0.004621285509345614,-23.130650203096636
coherence,coherence_free,NGC3877,0.012310059978228241,0.014407489562711368,-0.0020974295844831264,-23.601185068766206
coherence,coherence_free,NGC3893,0.0010663220742741255,0.004038567973576281,-0.0029722458993021554,-23.27258528618859
coherence,coherence_free,NGC3917,0.004172143041160761,0.00428204543430264,-0.00010990239314187869,-23.607431761644857
coherence,coherence_free,NGC3949,0.0009102986593253979,0.005614308779654247,-0.004704010120328849,-23.107951793045846
coherence,coherence_free,NGC3972,0.0029527027706291366,0.003020179810127152,-6.747703949801535e-05,-23.58453295202722
coherence,coherence_free,NGC3992,0.0027165169168426443,0.00328236306087485,-0.0005658461440322055,-23.53285383177403
coherence,coherence_free,NGC4051,0.0029221332398449485,0.006565173722638161,-0.0036430404827932123,-23.250298531751405
coherence,coherence_free,NGC4068,0.04639062198981431,0.02245567695672177,0.023934945033092538,-26.91444968331378
coherence,coherence_free,NGC4088,0.008303529720012548,0.03254122130968191,-0.02423769158966936,-21.436655555785265
coherence,coherence_free,NGC4100,0.0013650529488841193,0.003815502673814364,-0.0024504497249302447,-23.32766897173359
coherence,coherence_free,NGC5005,0.0012916680427647678,0.004363263698380667,-0.003071595655615899,-23.268216110835166
coherence,coherence_free,NGC5033,0.002048352968106787,0.00418999262111567,-0.0021416396530088834,-23.37131219946675
coherence,coherence_free,NGC5371,0.003924318073454639,0.021614741841771645,-0.017690423768317007,-21.96035931316281
coherence,coherence_free,NGC5585,0.004600108037318555,0.0029934686371628477,0.0016066394001557072,-23.777257758614184
coherence,coherence_free,NGC5985,0.021435022185480036,0.017271967140894986,0.00416305504458505,-24.399923769306458
coherence,coherence_free,NGC6015,0.0033978880107958264,0.0039504008587329465,-0.00055251284793712,-23.549063453089353
coherence,coherence_free,NGC6195,0.002964878033623338,0.011410787014680714,-0.008445908981057376,-22.803151565933728
coherence,coherence_free,NGC6503,0.0011576484223885166,0.0025996792132106012,-0.0014420307908220846,-23.41708290963396
coherence,coherence_free,NGC6674,0.00407295991226775,0.0019458044259473397,0.0021271554863204105,-23.814162955345914
coherence,coherence_free,NGC6946,0.0013398416054202934,0.01120694549695529,-0.009867103891534997,-22.636246407831138
coherence,coherence_free,NGC7331,0.002346761829821169,0.014201671536802097,-0.011854909706980927,-22.472156791551672
coherence,coherence_free,UGC00128,0.003370663440777347,0.010910169887662998,-0.007539506446885651,-22.896380472820088
coherence,coherence_free,UGC00191,0.004368247417924239,0.013289837982551655,-0.008921590564627416,-22.7886096821836
coherence,coherence_free,UGC00731,0.016810027227753484,0.05056324183605565,-0.03375321460830216,-20.709653886538252
coherence,coherence_free,UGC00891,0.00420605581742441,0.0024331024017500654,0.0017729534156743442,-23.78404047783615
coherence,coherence_free,UGC02259,0.019501531757085907,0.02919516662566174,-0.009693634868575832,-23.042232515275014
coherence,coherence_free,UGC02487,0.011270016260513535,0.0021526810768015547,0.00911733518371198,-24.6325354866052
coherence,coherence_free,UGC02916,0.003966477914792931,0.018614362366796974,-0.014647884452004042,-22.24533705369786
coherence,coherence_free,UGC02953,0.005272401677762451,0.0038661678571379984,0.0014062338206244523,-23.77346632291556
coherence,coherence_free,UGC03205,0.002841277233932652,0.0029608357978477395,-0.00011955856391508745,-23.5772232864614
coherence,coherence_free,UGC03580,0.015796449757214216,0.025066905707936692,-0.009270455950722477,-23.00157809240268
coherence,coherence_free,UGC04325,0.021638263375428655,0.03442301914107137,-0.012784755765642714,-22.7954868264637
coherence,coherence_free,UGC04483,0.00771539930415123,0.006980004578378452,0.0007353947257727781,-23.765027524218837
coherence,coherence_free,UGC04499,0.002165142486121694,0.0023885885531818485,-0.0002234460670601547,-23.552677424629813
coherence,coherence_free,UGC05414,0.0027465270214801275,0.0003521005619115417,0.0023944264595685857,-23.80962909923432
coherence,coherence_free,UGC05716,0.0033831964605037187,0.007518684223520973,-0.004135487763017254,-23.214343482132545
coherence,coherence_free,UGC05750,0.033929267994194774,0.007725722721985962,0.026203545272208813,-26.81018641379409
coherence,coherence_free,UGC05764,0.022077165257523002,0.041865227303638765,-0.019788062046115763,-22.13976941281249
coherence,coherence_free,UGC05829,0.001647524932203336,0.022035392254331255,-0.02038786732212792,-21.66242703516297
coherence,coherence_free,UGC06399,0.002791689300413669,0.005823031375561237,-0.0030313420751475677,-23.304527518315922
coherence,coherence_free,UGC06614,0.0034168640829905944,0.013522378382382133,-0.010105514299391539,-22.657876142460218
coherence,coherence_free,UGC06786,0.007204303966579828,0.002041080799075439,0.005163223167504389,-24.168376770721345
coherence,coherence_free,UGC06787,0.005469969373670599,0.004944953321044126,0.0005250160526264723,-23.695454381553127
coherence,coherence_free,UGC06818,0.015063018087173375,0.008814924920281927,0.006248093166891448,-24.449959371757714
coherence,coherence_free,UGC06917,0.0025896090063706636,0.0037427572555382474,-0.0011531482491675838,-23.475296590369123
coherence,coherence_free,UGC06923,0.0030429730493557513,0.0036136324781946305,-0.0005706594288388792,-23.539572460319405
coherence,coherence_free,UGC06983,0.005300459968647277,0.004908458855640321,0.00039200111300695655,-23.679262524304132
coherence,coherence_free,UGC07089,0.0047959815296589395,0.0015215072335906115,0.003274474296068328,-23.93747378821012
coherence,coherence_free,UGC07261,0.003069381711534641,0.008725646413678066,-0.005656264702143424,-23.065654702002263
coherence,coherence_free,UGC07323,0.00210349787638577,0.0007393790885699454,0.0013641187878158248,-23.699313799600233
coherence,coherence_free,UGC07399,0.038330565460279624,0.03804254490459044,0.0002880205556891821,-24.4237982540127
coherence,coherence_free,UGC07524,0.0017287639606128025,0.00929770015901092,-0.0075689361983981174,-22.85860627824131
coherence,coherence_free,UGC07577,0.09545438720886346,0.04693771506331205,0.04851667214555141,-30.77261730438428
coherence,coherence_free,UGC07603,0.00909132539943214,0.005756791104810085,0.0033345342946220543,-24.03958417685628
coherence,coherence_free,UGC07866,0.006080210649340496,0.0026084051997186473,0.003471805449621849,-23.98470006343932
coherence,coherence_free,UGC08490,0.008919227362321982,0.00626428129391528,0.0026549460684067014,-23.971947928757388
coherence,coherence_free,UGC08699,0.002050660385188856,0.0023584948510226716,-0.00030783446583381585,-23.542297912337265
coherence,coherence_free,UGC08837,0.034846155913967274,0.01061964588178189,0.024226510032185386,-26.643724980552904
coherence,coherence_free,UGC09037,0.01121085821312774,0.02055258843841832,-0.009341730225290579,-22.895712679504193
coherence,coherence_free,UGC09133,0.0011541145107894556,0.0042866585980172725,-0.003132544087227817,-23.259558712034224
coherence,coherence_free,UGC09992,0.014721319958035634,0.012682289611159282,0.0020390303468763513,-24.045047946237528
coherence,coherence_free,UGC10310,0.0014904518552024887,0.008255867753113443,-0.006765415897910954,-22.92839100626049
coherence,coherence_free,UGC11820,0.003379950373019634,0.018365998531457192,-0.014986048158437558,-22.20159939097667
coherence,coherence_free,UGC11914,0.0018966898295836854,0.0005201883755534422,0.0013765014540302431,-23.695899932049986
coherence,coherence_free,UGCA442,0.0017844763674663986,0.006031943405354119,-0.00424746703788772,-23.16932211318105
coherence,coherence_free,UGCA444,0.0022170539129498586,0.014443551611491377,-0.012226497698541519,-22.434796967196814
