concept_id,driver_id,kernel_id,driver_program_sha256,driver_output_sha256,kernel_input_sha256,pipeline_program_sha256,response_sha256,response_rms,status
D01_ACC::K01_RETARDED,D01_ACC,K01_RETARDED,b8661d5284adface7d8e3d8cd7cd00335670f6d36e20a9a603592b0f2053f8b0,47dcc2e7d1508c6eb5c0792b70b1354566f25aee9046d923da69347e092811d8,47dcc2e7d1508c6eb5c0792b70b1354566f25aee9046d923da69347e092811d8,598663ba0a76a40b0f025e554723958ad75da543de9a90b684284187c8c09175,bc0bdcf1513130d868b9ec5ee84abe4424d96d6b016640f98f627da62ceac334,0.8998397374046908,EXECUTED_DRIVER_OUTPUT_AS_KERNEL_INPUT
D01_ACC::K02_EXPONENTIAL,D01_ACC,K02_EXPONENTIAL,b8661d5284adface7d8e3d8cd7cd00335670f6d36e20a9a603592b0f2053f8b0,47dcc2e7d1508c6eb5c0792b70b1354566f25aee9046d923da69347e092811d8,47dcc2e7d1508c6eb5c0792b70b1354566f25aee9046d923da69347e092811d8,ab7d6dbb9c8bffe89c1bdfe6136853cf6433df4204a3ce3107046eee11d8df70,0ed41e3d0acb2c9364ec96af9b2da0ffc336eeb8a0ca2315485bdf005d89b41d,0.901951743203415,EXECUTED_DRIVER_OUTPUT_AS_KERNEL_INPUT
D01_ACC::K03_BIEXPONENTIAL,D01_ACC,K03_BIEXPONENTIAL,b8661d5284adface7d8e3d8cd7cd00335670f6d36e20a9a603592b0f2053f8b0,47dcc2e7d1508c6eb5c0792b70b1354566f25aee9046d923da69347e092811d8,47dcc2e7d1508c6eb5c0792b70b1354566f25aee9046d923da69347e092811d8,c5c96543b534cc53c63be6a7208320dcaf78ce0ca0978b79eaf27c7cda305a2c,a60125ae7f747dbbde96de864528a063087539bdce5ed8d00696a9ec64b87aeb,0.8975778286244247,EXECUTED_DRIVER_OUTPUT_AS_KERNEL_INPUT
D01_ACC::K04_DAMPED_RESONANCE,D01_ACC,K04_DAMPED_RESONANCE,b8661d5284adface7d8e3d8cd7cd00335670f6d36e20a9a603592b0f2053f8b0,47dcc2e7d1508c6eb5c0792b70b1354566f25aee9046d923da69347e092811d8,47dcc2e7d1508c6eb5c0792b70b1354566f25aee9046d923da69347e092811d8,bfb70e4250974c3b9fbdf199e6295b67367e0e5ad85072539fce1f291c15b434,407824b344ac55f9d11c3d7cd7cc1b63c91941b4879a67f08198225d7242f391,0.8903082673410546,EXECUTED_DRIVER_OUTPUT_AS_KERNEL_INPUT
D01_ACC::K05_HYSTERETIC,D01_ACC,K05_HYSTERETIC,b8661d5284adface7d8e3d8cd7cd00335670f6d36e20a9a603592b0f2053f8b0,47dcc2e7d1508c6eb5c0792b70b1354566f25aee9046d923da69347e092811d8,47dcc2e7d1508c6eb5c0792b70b1354566f25aee9046d923da69347e092811d8,cabd25dc9cc14e04129bf6fc2f7c4fa6b48c798cd2d807b1dfcb82e50a1296af,4bd9c24871fc05f4052e5ae5bc8d7640bb0d022ce9a1d6080fbad72ae41d211c,1.0359293269547558,EXECUTED_DRIVER_OUTPUT_AS_KERNEL_INPUT
D01_ACC::K06_STOCHASTIC_OU,D01_ACC,K06_STOCHASTIC_OU,b8661d5284adface7d8e3d8cd7cd00335670f6d36e20a9a603592b0f2053f8b0,47dcc2e7d1508c6eb5c0792b70b1354566f25aee9046d923da69347e092811d8,47dcc2e7d1508c6eb5c0792b70b1354566f25aee9046d923da69347e092811d8,2ab089375c6c4c3085c5ba3bc6c6914f554cde6c09355d36905a79a52e844b7b,0ed41e3d0acb2c9364ec96af9b2da0ffc336eeb8a0ca2315485bdf005d89b41d,0.901951743203415,EXECUTED_DRIVER_OUTPUT_AS_KERNEL_INPUT
D02_POT::K01_RETARDED,D02_POT,K01_RETARDED,29b82e2c79f5489ba3ff3dc4f5ebc51b9a484cae9990d4b2b17edbd61db5be3f,5b93435756182220ddcae30c1749a512adf4f5a7984a49b1082b032746c34f93,5b93435756182220ddcae30c1749a512adf4f5a7984a49b1082b032746c34f93,0dbb89eeb31feaa0749f4c5676d851c52650b7b2096df3397edea1d6357f712e,2747c7c171c7ce81d8bd1b4b497f2ae1ac6ff590a31a4ffea249f969802c4876,0.46068015079569846,EXECUTED_DRIVER_OUTPUT_AS_KERNEL_INPUT
D02_POT::K02_EXPONENTIAL,D02_POT,K02_EXPONENTIAL,29b82e2c79f5489ba3ff3dc4f5ebc51b9a484cae9990d4b2b17edbd61db5be3f,5b93435756182220ddcae30c1749a512adf4f5a7984a49b1082b032746c34f93,5b93435756182220ddcae30c1749a512adf4f5a7984a49b1082b032746c34f93,4680e74fa3817b1f54d3fd0a562116e46e6abcce75d239e021f6b152a345654d,078c5751de49cf8f36230c93771baa43a2b9f597bf348a9d339344585af759d7,0.4550750046664083,EXECUTED_DRIVER_OUTPUT_AS_KERNEL_INPUT
D02_POT::K03_BIEXPONENTIAL,D02_POT,K03_BIEXPONENTIAL,29b82e2c79f5489ba3ff3dc4f5ebc51b9a484cae9990d4b2b17edbd61db5be3f,5b93435756182220ddcae30c1749a512adf4f5a7984a49b1082b032746c34f93,5b93435756182220ddcae30c1749a512adf4f5a7984a49b1082b032746c34f93,39c1aac792c6fbd690020ddad4ae49231d668c9956ed99d6a7360d5a2ae19b8c,79889f3aeeec3783edf49dc9693a1fa52071ef8c32544d5e9c95cc164b1c7bbb,0.44735815580900545,EXECUTED_DRIVER_OUTPUT_AS_KERNEL_INPUT
D02_POT::K04_DAMPED_RESONANCE,D02_POT,K04_DAMPED_RESONANCE,29b82e2c79f5489ba3ff3dc4f5ebc51b9a484cae9990d4b2b17edbd61db5be3f,5b93435756182220ddcae30c1749a512adf4f5a7984a49b1082b032746c34f93,5b93435756182220ddcae30c1749a512adf4f5a7984a49b1082b032746c34f93,e5bfcb7f77641b856daa972ef43424d93ea88b678c077c132444995cf5f9f6fc,08635f7393683e4c085f35e6a781def94b227a5fa6eaf7963049f9d98f3d02d3,0.4714227479161851,EXECUTED_DRIVER_OUTPUT_AS_KERNEL_INPUT
D02_POT::K05_HYSTERETIC,D02_POT,K05_HYSTERETIC,29b82e2c79f5489ba3ff3dc4f5ebc51b9a484cae9990d4b2b17edbd61db5be3f,5b93435756182220ddcae30c1749a512adf4f5a7984a49b1082b032746c34f93,5b93435756182220ddcae30c1749a512adf4f5a7984a49b1082b032746c34f93,46f9f0d4fe2599f21f93b4ed441dc85545290fefbd17598614d2a0ee3c13742d,db4b3ef3b0d4831f39a8315e74e3845d6ee23b6234a5a7415399546c034dec3e,0.6071404902006862,EXECUTED_DRIVER_OUTPUT_AS_KERNEL_INPUT
D02_POT::K06_STOCHASTIC_OU,D02_POT,K06_STOCHASTIC_OU,29b82e2c79f5489ba3ff3dc4f5ebc51b9a484cae9990d4b2b17edbd61db5be3f,5b93435756182220ddcae30c1749a512adf4f5a7984a49b1082b032746c34f93,5b93435756182220ddcae30c1749a512adf4f5a7984a49b1082b032746c34f93,8fd99a2aff8f7c4666f7fa60ae333d7c24cdb4fc16e1b5517a546368532082f2,078c5751de49cf8f36230c93771baa43a2b9f597bf348a9d339344585af759d7,0.4550750046664083,EXECUTED_DRIVER_OUTPUT_AS_KERNEL_INPUT
D03_RAD::K01_RETARDED,D03_RAD,K01_RETARDED,a8ad87fde8bb174c92972e579709ed33263c09cde27b702a86c820b24b54931b,1da51f6ba7c956006612be883a8994715c20d79c8ecd7201c2de7dd66c744952,1da51f6ba7c956006612be883a8994715c20d79c8ecd7201c2de7dd66c744952,3afcf46d0fecf409e809ac262ee523ad4bd62007292c06323ca05a95fc8a29db,b0bff42a9fb173fd8d67e1fda935fac5ae8fec2264a1005745b7202441ebaafc,0.8907349534950487,EXECUTED_DRIVER_OUTPUT_AS_KERNEL_INPUT
D03_RAD::K02_EXPONENTIAL,D03_RAD,K02_EXPONENTIAL,a8ad87fde8bb174c92972e579709ed33263c09cde27b702a86c820b24b54931b,1da51f6ba7c956006612be883a8994715c20d79c8ecd7201c2de7dd66c744952,1da51f6ba7c956006612be883a8994715c20d79c8ecd7201c2de7dd66c744952,4047f07a16707ffcf26e2573654dad4290015cc9f8c264d9c64ec240c99887f1,17c494128fb79541f9be479326c4bf2b1124d1150e39d81239b1fa7a671fe191,0.8902905590231928,EXECUTED_DRIVER_OUTPUT_AS_KERNEL_INPUT
D03_RAD::K03_BIEXPONENTIAL,D03_RAD,K03_BIEXPONENTIAL,a8ad87fde8bb174c92972e579709ed33263c09cde27b702a86c820b24b54931b,1da51f6ba7c956006612be883a8994715c20d79c8ecd7201c2de7dd66c744952,1da51f6ba7c956006612be883a8994715c20d79c8ecd7201c2de7dd66c744952,5c82eaa8c60bc176b84f800c274baec56cbedbf32cb9f43bbecb1ab9d5f966c2,bba9fb3fd966bb6f1143eddb1dccc3eb7cf69ad95e05d69255675695d938648a,0.8878065924754938,EXECUTED_DRIVER_OUTPUT_AS_KERNEL_INPUT
D03_RAD::K04_DAMPED_RESONANCE,D03_RAD,K04_DAMPED_RESONANCE,a8ad87fde8bb174c92972e579709ed33263c09cde27b702a86c820b24b54931b,1da51f6ba7c956006612be883a8994715c20d79c8ecd7201c2de7dd66c744952,1da51f6ba7c956006612be883a8994715c20d79c8ecd7201c2de7dd66c744952,0cd2c1202fcf5c9930335a0f82ec08991b1f227cfcdc378cd9fdd0fa4892a7eb,755e4753ddd44a57e0da0e58403558f7a794ca05f4e1d1c2a9479142438f8caa,0.8906857618842555,EXECUTED_DRIVER_OUTPUT_AS_KERNEL_INPUT
D03_RAD::K05_HYSTERETIC,D03_RAD,K05_HYSTERETIC,a8ad87fde8bb174c92972e579709ed33263c09cde27b702a86c820b24b54931b,1da51f6ba7c956006612be883a8994715c20d79c8ecd7201c2de7dd66c744952,1da51f6ba7c956006612be883a8994715c20d79c8ecd7201c2de7dd66c744952,fed182a76e2e02f6d303e04613988d9121f83849b99c38c8cee96e5de05d04df,e92474ce1b16dfd906fa6df94abdda4be65dff02d2802fc1b007a8f8fe60b733,1.039485364502001,EXECUTED_DRIVER_OUTPUT_AS_KERNEL_INPUT
D03_RAD::K06_STOCHASTIC_OU,D03_RAD,K06_STOCHASTIC_OU,a8ad87fde8bb174c92972e579709ed33263c09cde27b702a86c820b24b54931b,1da51f6ba7c956006612be883a8994715c20d79c8ecd7201c2de7dd66c744952,1da51f6ba7c956006612be883a8994715c20d79c8ecd7201c2de7dd66c744952,94abec7e536208e4e1aeaba4e721f54d87d4021fffcc3ed44a4965852ca77ca5,17c494128fb79541f9be479326c4bf2b1124d1150e39d81239b1fa7a671fe191,0.8902905590231928,EXECUTED_DRIVER_OUTPUT_AS_KERNEL_INPUT
D04_RHO::K01_RETARDED,D04_RHO,K01_RETARDED,d213084996bc78ae24ca707ba48fc332992af54aea3539dfb601c91a732c2f87,a37d1ddfe64858100f0f8e91bd8a0f30c67aae604b401ac141b630241b589a85,a37d1ddfe64858100f0f8e91bd8a0f30c67aae604b401ac141b630241b589a85,0ce850c4635cc74e38eec075e61fdd69bb92f9242cb6cd9a01eb5c7e32b88e7c,6cfe3783a6b2c711cc130727d87f8d71fe8bea98d0a2d6d30ffc2873cde9bc28,0.717465523027213,EXECUTED_DRIVER_OUTPUT_AS_KERNEL_INPUT
D04_RHO::K02_EXPONENTIAL,D04_RHO,K02_EXPONENTIAL,d213084996bc78ae24ca707ba48fc332992af54aea3539dfb601c91a732c2f87,a37d1ddfe64858100f0f8e91bd8a0f30c67aae604b401ac141b630241b589a85,a37d1ddfe64858100f0f8e91bd8a0f30c67aae604b401ac141b630241b589a85,e4a6161d736a892b9f45cebe6ea99756b2429805ceeaad41eb55f72a3d2d1618,9a3c5a4470a5e8979448c078731a6ae360c95a9ab5a5ec1aed412a3d04c8488d,0.7231365374471513,EXECUTED_DRIVER_OUTPUT_AS_KERNEL_INPUT
D04_RHO::K03_BIEXPONENTIAL,D04_RHO,K03_BIEXPONENTIAL,d213084996bc78ae24ca707ba48fc332992af54aea3539dfb601c91a732c2f87,a37d1ddfe64858100f0f8e91bd8a0f30c67aae604b401ac141b630241b589a85,a37d1ddfe64858100f0f8e91bd8a0f30c67aae604b401ac141b630241b589a85,e8c6302984b008cc1849c2ac65eee3b3e4e3c5d4afc3b7e44635891564f153f9,1c6da6afb8ae05aba6eeaf1853985b9d70df3e9bdc5b6b088f8b206d13655eee,0.7261289927929453,EXECUTED_DRIVER_OUTPUT_AS_KERNEL_INPUT
D04_RHO::K04_DAMPED_RESONANCE,D04_RHO,K04_DAMPED_RESONANCE,d213084996bc78ae24ca707ba48fc332992af54aea3539dfb601c91a732c2f87,a37d1ddfe64858100f0f8e91bd8a0f30c67aae604b401ac141b630241b589a85,a37d1ddfe64858100f0f8e91bd8a0f30c67aae604b401ac141b630241b589a85,f0519ede2f1e8f67be1d491681ef129ba11734a300e530af37da4530e525362e,7fa85e49b7563db3e12df42c0a3de6b7ba21d44fe66f14fa4781f6566436f78a,0.7047487402610904,EXECUTED_DRIVER_OUTPUT_AS_KERNEL_INPUT
D04_RHO::K05_HYSTERETIC,D04_RHO,K05_HYSTERETIC,d213084996bc78ae24ca707ba48fc332992af54aea3539dfb601c91a732c2f87,a37d1ddfe64858100f0f8e91bd8a0f30c67aae604b401ac141b630241b589a85,a37d1ddfe64858100f0f8e91bd8a0f30c67aae604b401ac141b630241b589a85,e2dc5661d832a7128f5718d6fb1a13d30ee00c2ff536f4f2c6c8b967704f2be9,31e38b8734fd7f47bd405d301617478cd5dbb442b6398a54d4f33e148f2540fd,0.8468804003480963,EXECUTED_DRIVER_OUTPUT_AS_KERNEL_INPUT
D04_RHO::K06_STOCHASTIC_OU,D04_RHO,K06_STOCHASTIC_OU,d213084996bc78ae24ca707ba48fc332992af54aea3539dfb601c91a732c2f87,a37d1ddfe64858100f0f8e91bd8a0f30c67aae604b401ac141b630241b589a85,a37d1ddfe64858100f0f8e91bd8a0f30c67aae604b401ac141b630241b589a85,df78c3be58cc4d510cf523492a21b87c1e5e4be8089238f9114adaae521982bd,9a3c5a4470a5e8979448c078731a6ae360c95a9ab5a5ec1aed412a3d04c8488d,0.7231365374471513,EXECUTED_DRIVER_OUTPUT_AS_KERNEL_INPUT
D05_SIG::K01_RETARDED,D05_SIG,K01_RETARDED,c1123070794baeffeb58de94d470a82cd6d8235e5c2b1dfdce9503dba5f22e32,ba718e0a642db1a2aac7060165438a788c5bc9e7d7373b6626cd8944a87e99a5,ba718e0a642db1a2aac7060165438a788c5bc9e7d7373b6626cd8944a87e99a5,4ea722a1133c58d159211011a5c258978a59ac1caa7bb96d20bf8c4799e95b5f,4253e9f4ddb2ad711211eaacf0b0422e4fd7200798ed192d781cb4b3500e5f63,0.7733939139689314,EXECUTED_DRIVER_OUTPUT_AS_KERNEL_INPUT
D05_SIG::K02_EXPONENTIAL,D05_SIG,K02_EXPONENTIAL,c1123070794baeffeb58de94d470a82cd6d8235e5c2b1dfdce9503dba5f22e32,ba718e0a642db1a2aac7060165438a788c5bc9e7d7373b6626cd8944a87e99a5,ba718e0a642db1a2aac7060165438a788c5bc9e7d7373b6626cd8944a87e99a5,b299013543f4bafd7589dffcb179b339c4ad40ce60687210527144c0b8a72727,62dbf3c891f33478277b66c6490efc21132f11227799cacd0f3b229dec42780c,0.7792033214470595,EXECUTED_DRIVER_OUTPUT_AS_KERNEL_INPUT
D05_SIG::K03_BIEXPONENTIAL,D05_SIG,K03_BIEXPONENTIAL,c1123070794baeffeb58de94d470a82cd6d8235e5c2b1dfdce9503dba5f22e32,ba718e0a642db1a2aac7060165438a788c5bc9e7d7373b6626cd8944a87e99a5,ba718e0a642db1a2aac7060165438a788c5bc9e7d7373b6626cd8944a87e99a5,0096f99b8c230ace1f0f961f09079c5150b6a522db20a21d58598298dc6685cd,e7039aa362cf3522f58109cf420976185777c02cd273673abb78c883d3623228,0.7827766002614778,EXECUTED_DRIVER_OUTPUT_AS_KERNEL_INPUT
D05_SIG::K04_DAMPED_RESONANCE,D05_SIG,K04_DAMPED_RESONANCE,c1123070794baeffeb58de94d470a82cd6d8235e5c2b1dfdce9503dba5f22e32,ba718e0a642db1a2aac7060165438a788c5bc9e7d7373b6626cd8944a87e99a5,ba718e0a642db1a2aac7060165438a788c5bc9e7d7373b6626cd8944a87e99a5,6bbfbe41704902e4fa377825ad4870ba01de077b0864f4b588c13573c0c82403,bfe575982c990842c5d2abdffce573e76ba0878c471f0df458b94c5764f0f090,0.759094527695565,EXECUTED_DRIVER_OUTPUT_AS_KERNEL_INPUT
D05_SIG::K05_HYSTERETIC,D05_SIG,K05_HYSTERETIC,c1123070794baeffeb58de94d470a82cd6d8235e5c2b1dfdce9503dba5f22e32,ba718e0a642db1a2aac7060165438a788c5bc9e7d7373b6626cd8944a87e99a5,ba718e0a642db1a2aac7060165438a788c5bc9e7d7373b6626cd8944a87e99a5,c815f259ea7efc4c07c422cdf0b609805269d33663946c2486cae6c3e21affaf,3a166f1a78e74bd51bf0e7038d642fe9b4db79e047b42b6119a5ed629bb00334,0.9028973339539544,EXECUTED_DRIVER_OUTPUT_AS_KERNEL_INPUT
D05_SIG::K06_STOCHASTIC_OU,D05_SIG,K06_STOCHASTIC_OU,c1123070794baeffeb58de94d470a82cd6d8235e5c2b1dfdce9503dba5f22e32,ba718e0a642db1a2aac7060165438a788c5bc9e7d7373b6626cd8944a87e99a5,ba718e0a642db1a2aac7060165438a788c5bc9e7d7373b6626cd8944a87e99a5,aa4d454855a8ea9970ea8badf4bd1dc25d18606ab387c3cba34f1f1741e689bc,62dbf3c891f33478277b66c6490efc21132f11227799cacd0f3b229dec42780c,0.7792033214470595,EXECUTED_DRIVER_OUTPUT_AS_KERNEL_INPUT
D06_SLOPE::K01_RETARDED,D06_SLOPE,K01_RETARDED,616df51a6ae503836691ed9cadecc94d8eaa64141c47eb97fbdcf70c0fc0101d,0831732fee08a067924c8cfb32100a5e39b90af47ce35aca7b5057833b354414,0831732fee08a067924c8cfb32100a5e39b90af47ce35aca7b5057833b354414,817bcdb09cb5b61a8f9c3ea8dafdddff93514c1e20961f7a804b241b79fb5515,99e3c4e1b6727f4fbed07a887b22809ba519254011d5873c44209e459cf2403f,0.8752686035182101,EXECUTED_DRIVER_OUTPUT_AS_KERNEL_INPUT
D06_SLOPE::K02_EXPONENTIAL,D06_SLOPE,K02_EXPONENTIAL,616df51a6ae503836691ed9cadecc94d8eaa64141c47eb97fbdcf70c0fc0101d,0831732fee08a067924c8cfb32100a5e39b90af47ce35aca7b5057833b354414,0831732fee08a067924c8cfb32100a5e39b90af47ce35aca7b5057833b354414,b38cdeab8186b79a527464d0bbbbe41ab7ae33d37df50ee1dd8156225f3ac144,e5f4212976ae321e289466baf2ae86ecff22b189fbcf1be705434412da0bfd97,0.8743982467002096,EXECUTED_DRIVER_OUTPUT_AS_KERNEL_INPUT
D06_SLOPE::K03_BIEXPONENTIAL,D06_SLOPE,K03_BIEXPONENTIAL,616df51a6ae503836691ed9cadecc94d8eaa64141c47eb97fbdcf70c0fc0101d,0831732fee08a067924c8cfb32100a5e39b90af47ce35aca7b5057833b354414,0831732fee08a067924c8cfb32100a5e39b90af47ce35aca7b5057833b354414,7c0094c550f6fa39ba29e3f401301f83c91f62a83b95593970df27e1152a7fc8,216669678134f3de3b620386b87f257348baaa8656657ddd5ceaddbd8a609a90,0.8731604244115824,EXECUTED_DRIVER_OUTPUT_AS_KERNEL_INPUT
D06_SLOPE::K04_DAMPED_RESONANCE,D06_SLOPE,K04_DAMPED_RESONANCE,616df51a6ae503836691ed9cadecc94d8eaa64141c47eb97fbdcf70c0fc0101d,0831732fee08a067924c8cfb32100a5e39b90af47ce35aca7b5057833b354414,0831732fee08a067924c8cfb32100a5e39b90af47ce35aca7b5057833b354414,5585335d0fb3a195e072ab44366ec3ebdaba1cf7f30d42da3d23f6d1dff6c101,71f50cad4852c9ca3b5657fd972c73684b0c934c230d081a89aadb7cdf0f74b3,0.8769728751633763,EXECUTED_DRIVER_OUTPUT_AS_KERNEL_INPUT
D06_SLOPE::K05_HYSTERETIC,D06_SLOPE,K05_HYSTERETIC,616df51a6ae503836691ed9cadecc94d8eaa64141c47eb97fbdcf70c0fc0101d,0831732fee08a067924c8cfb32100a5e39b90af47ce35aca7b5057833b354414,0831732fee08a067924c8cfb32100a5e39b90af47ce35aca7b5057833b354414,e36dd76c2f1ecb02c5acc36223fdf1df78ed85427999ac39a7143d7035e09874,88f8e5c1c7bf2f8fc0e50240cb1fc099073323d92715f97294c98f9025776612,1.02615454402895,EXECUTED_DRIVER_OUTPUT_AS_KERNEL_INPUT
D06_SLOPE::K06_STOCHASTIC_OU,D06_SLOPE,K06_STOCHASTIC_OU,616df51a6ae503836691ed9cadecc94d8eaa64141c47eb97fbdcf70c0fc0101d,0831732fee08a067924c8cfb32100a5e39b90af47ce35aca7b5057833b354414,0831732fee08a067924c8cfb32100a5e39b90af47ce35aca7b5057833b354414,66dd80b321ae9a343c4eb85a071130a6a4ba0f8a3a4f85d95ecd1a4fac45c885,e5f4212976ae321e289466baf2ae86ecff22b189fbcf1be705434412da0bfd97,0.8743982467002096,EXECUTED_DRIVER_OUTPUT_AS_KERNEL_INPUT
D07_TIDE::K01_RETARDED,D07_TIDE,K01_RETARDED,600590acb91e86a2495839fdfb69cb315b12a09c09745b4661e980e20d476166,fa901faa9f8cbd70624021ce1eb4ab2dd895aea040f550890427f7fb3688d516,fa901faa9f8cbd70624021ce1eb4ab2dd895aea040f550890427f7fb3688d516,9239402f7e4b88a31f423e1f45e5b509de6beba0eff2ebcd1cbc284407b16c4c,4863f70182be7f165bf58bf405bbbfcadbee6325cfe5a767378d8571f56765a6,0.713382499034784,EXECUTED_DRIVER_OUTPUT_AS_KERNEL_INPUT
D07_TIDE::K02_EXPONENTIAL,D07_TIDE,K02_EXPONENTIAL,600590acb91e86a2495839fdfb69cb315b12a09c09745b4661e980e20d476166,fa901faa9f8cbd70624021ce1eb4ab2dd895aea040f550890427f7fb3688d516,fa901faa9f8cbd70624021ce1eb4ab2dd895aea040f550890427f7fb3688d516,caf141e801006c1b7ebd7cc1fa7bd8592740272889c21f19d374b11356247f74,a4b0bf5a3d6db30c747322fd987ac7fd4645fb1dd90ecfde4168cb7147e020fe,0.7188076968574454,EXECUTED_DRIVER_OUTPUT_AS_KERNEL_INPUT
D07_TIDE::K03_BIEXPONENTIAL,D07_TIDE,K03_BIEXPONENTIAL,600590acb91e86a2495839fdfb69cb315b12a09c09745b4661e980e20d476166,fa901faa9f8cbd70624021ce1eb4ab2dd895aea040f550890427f7fb3688d516,fa901faa9f8cbd70624021ce1eb4ab2dd895aea040f550890427f7fb3688d516,dfdee73fd367aa8f4a29d415caf19634bf1db43e9205782bca1beaca4697ec07,aa2e30dbf235886526e66b535f0afd515e0c69f9396a61d8ec89f7a782bc76f2,0.7311160896747364,EXECUTED_DRIVER_OUTPUT_AS_KERNEL_INPUT
D07_TIDE::K04_DAMPED_RESONANCE,D07_TIDE,K04_DAMPED_RESONANCE,600590acb91e86a2495839fdfb69cb315b12a09c09745b4661e980e20d476166,fa901faa9f8cbd70624021ce1eb4ab2dd895aea040f550890427f7fb3688d516,fa901faa9f8cbd70624021ce1eb4ab2dd895aea040f550890427f7fb3688d516,80b557af11eda3aad3a58b1d0287718b7e5f7a41d32ebff8b1dab647669f7673,7511ca71c6156ca498fe8b4d4f6deb14ed785a01843ae095e7dd4b030be3f0bf,0.7086656074116915,EXECUTED_DRIVER_OUTPUT_AS_KERNEL_INPUT
D07_TIDE::K05_HYSTERETIC,D07_TIDE,K05_HYSTERETIC,600590acb91e86a2495839fdfb69cb315b12a09c09745b4661e980e20d476166,fa901faa9f8cbd70624021ce1eb4ab2dd895aea040f550890427f7fb3688d516,fa901faa9f8cbd70624021ce1eb4ab2dd895aea040f550890427f7fb3688d516,ab567250eb276c0a666c73d1a0939f9df5e552dfcd2805ba4132fa1b00e479f9,8f26addd1ea7dc0c0f18dd6a24a3c57f14158b0a64888e703799b055c4e9e35a,0.8518460838565329,EXECUTED_DRIVER_OUTPUT_AS_KERNEL_INPUT
D07_TIDE::K06_STOCHASTIC_OU,D07_TIDE,K06_STOCHASTIC_OU,600590acb91e86a2495839fdfb69cb315b12a09c09745b4661e980e20d476166,fa901faa9f8cbd70624021ce1eb4ab2dd895aea040f550890427f7fb3688d516,fa901faa9f8cbd70624021ce1eb4ab2dd895aea040f550890427f7fb3688d516,4a953f8b4823fd5fc16d40b1c654c965a76a7911e6618bafc1ff916c27218e85,a4b0bf5a3d6db30c747322fd987ac7fd4645fb1dd90ecfde4168cb7147e020fe,0.7188076968574454,EXECUTED_DRIVER_OUTPUT_AS_KERNEL_INPUT
D08_BAL::K01_RETARDED,D08_BAL,K01_RETARDED,76f4e67da83fae78330413cd0f5aef4249158634aa51bfb0289380e33dd342f5,dcda9b7b032f1cbd2da05f0fcf07f3ecf0ffe3eab8d89da1977d462b541f6a68,dcda9b7b032f1cbd2da05f0fcf07f3ecf0ffe3eab8d89da1977d462b541f6a68,d90668261d7aa810e4943ea1b4e414e584721f2b7d2c26e2676ef48d01258be6,e47dcc5a70bbae931902168d3d48907e03bd6b1cff65b14c33e3336b789a0120,0.6155069379048344,EXECUTED_DRIVER_OUTPUT_AS_KERNEL_INPUT
D08_BAL::K02_EXPONENTIAL,D08_BAL,K02_EXPONENTIAL,76f4e67da83fae78330413cd0f5aef4249158634aa51bfb0289380e33dd342f5,dcda9b7b032f1cbd2da05f0fcf07f3ecf0ffe3eab8d89da1977d462b541f6a68,dcda9b7b032f1cbd2da05f0fcf07f3ecf0ffe3eab8d89da1977d462b541f6a68,a116fb80b560f843e457ab62554c858125f9643e99144e04d62e48c8bea939da,49e1b7aa2360fe58e5c518a8810e01a4fade0b378aac7feb5b552fc4b1c1b15c,0.6105299922778125,EXECUTED_DRIVER_OUTPUT_AS_KERNEL_INPUT
D08_BAL::K03_BIEXPONENTIAL,D08_BAL,K03_BIEXPONENTIAL,76f4e67da83fae78330413cd0f5aef4249158634aa51bfb0289380e33dd342f5,dcda9b7b032f1cbd2da05f0fcf07f3ecf0ffe3eab8d89da1977d462b541f6a68,dcda9b7b032f1cbd2da05f0fcf07f3ecf0ffe3eab8d89da1977d462b541f6a68,bff8550164a3cbae4965f364c17bdad3a6c957b46ac87204be39be68553ad88e,4e730b2e266de053be6cea25608a4998266d0c0401126b211bb67361a94f3042,0.5917001907334172,EXECUTED_DRIVER_OUTPUT_AS_KERNEL_INPUT
D08_BAL::K04_DAMPED_RESONANCE,D08_BAL,K04_DAMPED_RESONANCE,76f4e67da83fae78330413cd0f5aef4249158634aa51bfb0289380e33dd342f5,dcda9b7b032f1cbd2da05f0fcf07f3ecf0ffe3eab8d89da1977d462b541f6a68,dcda9b7b032f1cbd2da05f0fcf07f3ecf0ffe3eab8d89da1977d462b541f6a68,07e10a819d8ef43e9fdaaddfb1e512afbed718b5532ee34b6613d34d4b915de3,a9638d2a31a9ed53109400ad6ba7cae9e3bcf576f13e24ac03da276b39b4b2bf,0.6110095785907098,EXECUTED_DRIVER_OUTPUT_AS_KERNEL_INPUT
D08_BAL::K05_HYSTERETIC,D08_BAL,K05_HYSTERETIC,76f4e67da83fae78330413cd0f5aef4249158634aa51bfb0289380e33dd342f5,dcda9b7b032f1cbd2da05f0fcf07f3ecf0ffe3eab8d89da1977d462b541f6a68,dcda9b7b032f1cbd2da05f0fcf07f3ecf0ffe3eab8d89da1977d462b541f6a68,e101bc949a9c956da00d79c9f4d72774a0345e0b29b29aa14a77a23b5efeb1ed,0b3f22cf0f8fcfcf0a5b7f1c23d5e20698067fdf056145dc94210e7dddf91d3e,0.7384104188792217,EXECUTED_DRIVER_OUTPUT_AS_KERNEL_INPUT
D08_BAL::K06_STOCHASTIC_OU,D08_BAL,K06_STOCHASTIC_OU,76f4e67da83fae78330413cd0f5aef4249158634aa51bfb0289380e33dd342f5,dcda9b7b032f1cbd2da05f0fcf07f3ecf0ffe3eab8d89da1977d462b541f6a68,dcda9b7b032f1cbd2da05f0fcf07f3ecf0ffe3eab8d89da1977d462b541f6a68,4b707aa168d372331ded17f9ef9841c3fba05b593a54a8f44508ffa3a62154b6,49e1b7aa2360fe58e5c518a8810e01a4fade0b378aac7feb5b552fc4b1c1b15c,0.6105299922778125,EXECUTED_DRIVER_OUTPUT_AS_KERNEL_INPUT
D09_FLAT::K01_RETARDED,D09_FLAT,K01_RETARDED,a05c70d56349cadd94b62d0338e750d504eaea8c950a3fb85ab32c444531bf50,4bee8cba9faa54f9797dd498dacc9756ce6144c14341e440a79829a3cbe1529b,4bee8cba9faa54f9797dd498dacc9756ce6144c14341e440a79829a3cbe1529b,71d12ef81cb05974f6e642961238fee1bbd9be8f3784e9805ae5481b5c491b47,204cf523cd268d6cf775006f9b77c31727d3b0cb62c495b5357b7966a786f7cc,0.5309737148317787,EXECUTED_DRIVER_OUTPUT_AS_KERNEL_INPUT
D09_FLAT::K02_EXPONENTIAL,D09_FLAT,K02_EXPONENTIAL,a05c70d56349cadd94b62d0338e750d504eaea8c950a3fb85ab32c444531bf50,4bee8cba9faa54f9797dd498dacc9756ce6144c14341e440a79829a3cbe1529b,4bee8cba9faa54f9797dd498dacc9756ce6144c14341e440a79829a3cbe1529b,9624fad1b9059528346af6b0187f9d115527b62c65e484c3c00c21524ec0cf83,f1e211082415d17cef9160aa99086877d518ebbd019d8d00bcaa7e3f601b7fdc,0.5176096218285487,EXECUTED_DRIVER_OUTPUT_AS_KERNEL_INPUT
D09_FLAT::K03_BIEXPONENTIAL,D09_FLAT,K03_BIEXPONENTIAL,a05c70d56349cadd94b62d0338e750d504eaea8c950a3fb85ab32c444531bf50,4bee8cba9faa54f9797dd498dacc9756ce6144c14341e440a79829a3cbe1529b,4bee8cba9faa54f9797dd498dacc9756ce6144c14341e440a79829a3cbe1529b,5f7812cc65b57ede9b61e45a41787c675a52336b1a9816863303265932e019dd,d56a7e67eac0593ead2cc193461ff1002ec870149ec62fd460b15500a924572a,0.4777124533511602,EXECUTED_DRIVER_OUTPUT_AS_KERNEL_INPUT
D09_FLAT::K04_DAMPED_RESONANCE,D09_FLAT,K04_DAMPED_RESONANCE,a05c70d56349cadd94b62d0338e750d504eaea8c950a3fb85ab32c444531bf50,4bee8cba9faa54f9797dd498dacc9756ce6144c14341e440a79829a3cbe1529b,4bee8cba9faa54f9797dd498dacc9756ce6144c14341e440a79829a3cbe1529b,28d5aa12f84bad0b9022b15024422a2a1cfe59d8b52762bae9d3be227dee8cfc,90ebe05aa35db14deb784c07eec4f6e372f65ef3723ed8177ffb78cba938028f,0.5359726657926827,EXECUTED_DRIVER_OUTPUT_AS_KERNEL_INPUT
D09_FLAT::K05_HYSTERETIC,D09_FLAT,K05_HYSTERETIC,a05c70d56349cadd94b62d0338e750d504eaea8c950a3fb85ab32c444531bf50,4bee8cba9faa54f9797dd498dacc9756ce6144c14341e440a79829a3cbe1529b,4bee8cba9faa54f9797dd498dacc9756ce6144c14341e440a79829a3cbe1529b,07821fced74402ee24e3c54ec2fbb81263be9c89f8d73f85d340ba26b7d1646f,5eaed2c28f59e825752bd81fbe1eeb117ed45881e3f2f79f654081cb81ca9ccb,0.6672901854750661,EXECUTED_DRIVER_OUTPUT_AS_KERNEL_INPUT
D09_FLAT::K06_STOCHASTIC_OU,D09_FLAT,K06_STOCHASTIC_OU,a05c70d56349cadd94b62d0338e750d504eaea8c950a3fb85ab32c444531bf50,4bee8cba9faa54f9797dd498dacc9756ce6144c14341e440a79829a3cbe1529b,4bee8cba9faa54f9797dd498dacc9756ce6144c14341e440a79829a3cbe1529b,6699d4c3459a77a9a9d07b782cc71890f9a1bf4bee5b3042c63e8b55220c5367,f1e211082415d17cef9160aa99086877d518ebbd019d8d00bcaa7e3f601b7fdc,0.5176096218285487,EXECUTED_DRIVER_OUTPUT_AS_KERNEL_INPUT
D10_MULT::K01_RETARDED,D10_MULT,K01_RETARDED,697a803ff0d6f5effaedfbd7ef2a3bbb1f1ae4dd1c0e45b94851717a878ae4e4,ba30697ff231a31ff82ce6c47315bc07923f9463ffa912e9adebbe11eaffc1f8,ba30697ff231a31ff82ce6c47315bc07923f9463ffa912e9adebbe11eaffc1f8,ea87fcc205516578b2c9f0b0927c98e8fb2856466fa8cfcfca60c2826798dfc6,cf9ef3f16138fbebbe4a1f322c95b5633780aa914aeaa149ab347b97c56c07ff,0.5430473940199986,EXECUTED_DRIVER_OUTPUT_AS_KERNEL_INPUT
D10_MULT::K02_EXPONENTIAL,D10_MULT,K02_EXPONENTIAL,697a803ff0d6f5effaedfbd7ef2a3bbb1f1ae4dd1c0e45b94851717a878ae4e4,ba30697ff231a31ff82ce6c47315bc07923f9463ffa912e9adebbe11eaffc1f8,ba30697ff231a31ff82ce6c47315bc07923f9463ffa912e9adebbe11eaffc1f8,db14cdab629710515ddf8e9b332362353273e5ee3f26ba33860ab5a602f78f0c,9b50e267b86082863b9da8f8f5e28d55ae8179ec17894346d55f618eac82ea3b,0.5225122777281366,EXECUTED_DRIVER_OUTPUT_AS_KERNEL_INPUT
D10_MULT::K03_BIEXPONENTIAL,D10_MULT,K03_BIEXPONENTIAL,697a803ff0d6f5effaedfbd7ef2a3bbb1f1ae4dd1c0e45b94851717a878ae4e4,ba30697ff231a31ff82ce6c47315bc07923f9463ffa912e9adebbe11eaffc1f8,ba30697ff231a31ff82ce6c47315bc07923f9463ffa912e9adebbe11eaffc1f8,4c9de3d11bc985304df3173e07b9a0a36d746bcbdadf1571eabe767bf2294ab6,3ee264e14aa52ee28c2f63756c3ab34553d4885ff08abb3788182bbcd0ac05fd,0.46259289532426406,EXECUTED_DRIVER_OUTPUT_AS_KERNEL_INPUT
D10_MULT::K04_DAMPED_RESONANCE,D10_MULT,K04_DAMPED_RESONANCE,697a803ff0d6f5effaedfbd7ef2a3bbb1f1ae4dd1c0e45b94851717a878ae4e4,ba30697ff231a31ff82ce6c47315bc07923f9463ffa912e9adebbe11eaffc1f8,ba30697ff231a31ff82ce6c47315bc07923f9463ffa912e9adebbe11eaffc1f8,3317b0a2c56debec7009d07d689d250bd913bbb68c7c7ffd1f69f1fa53bbf445,87b610cee059605bc0edf187cce5eee0279671600a0951ec8f44e4dbb04464d5,0.5385508276792105,EXECUTED_DRIVER_OUTPUT_AS_KERNEL_INPUT
D10_MULT::K05_HYSTERETIC,D10_MULT,K05_HYSTERETIC,697a803ff0d6f5effaedfbd7ef2a3bbb1f1ae4dd1c0e45b94851717a878ae4e4,ba30697ff231a31ff82ce6c47315bc07923f9463ffa912e9adebbe11eaffc1f8,ba30697ff231a31ff82ce6c47315bc07923f9463ffa912e9adebbe11eaffc1f8,d097ffa201b33336da528825e42ef6d73a991aead1628f3aeb5f335eb7a750b8,b4a7f715e5891de00b974604a46f4fb313a3d5f0b2aa927105b8039ea23ff744,0.6553078996508495,EXECUTED_DRIVER_OUTPUT_AS_KERNEL_INPUT
D10_MULT::K06_STOCHASTIC_OU,D10_MULT,K06_STOCHASTIC_OU,697a803ff0d6f5effaedfbd7ef2a3bbb1f1ae4dd1c0e45b94851717a878ae4e4,ba30697ff231a31ff82ce6c47315bc07923f9463ffa912e9adebbe11eaffc1f8,ba30697ff231a31ff82ce6c47315bc07923f9463ffa912e9adebbe11eaffc1f8,552cceffa05da7770b4431f09e71e714ad47cdf25cc00125eddeef4172ce8618,9b50e267b86082863b9da8f8f5e28d55ae8179ec17894346d55f618eac82ea3b,0.5225122777281366,EXECUTED_DRIVER_OUTPUT_AS_KERNEL_INPUT
D11_EDGE::K01_RETARDED,D11_EDGE,K01_RETARDED,a80fbece065b777575df04a8c170ec08e371a3a84766634fdd43d91c2935f96e,8028aea45c40e6cae468769b449b19eae2370c18838ac9f84dee54ae9e06bdd3,8028aea45c40e6cae468769b449b19eae2370c18838ac9f84dee54ae9e06bdd3,33456b37e97225f8b262cc3f12c936935415cc3420536b82f471fce0cde0ff46,afa02c8b5beec1952131637ca718993bb5de2321e478c6244e65705f9a98a314,0.6414719366333812,EXECUTED_DRIVER_OUTPUT_AS_KERNEL_INPUT
D11_EDGE::K02_EXPONENTIAL,D11_EDGE,K02_EXPONENTIAL,a80fbece065b777575df04a8c170ec08e371a3a84766634fdd43d91c2935f96e,8028aea45c40e6cae468769b449b19eae2370c18838ac9f84dee54ae9e06bdd3,8028aea45c40e6cae468769b449b19eae2370c18838ac9f84dee54ae9e06bdd3,a4188058dbaf58c8952363947458d11fdcac4070dbaafaf576220cd9792327ba,dfe1c8baf2c68662b3a15fa7b3958cc5f60f9ed4ec0845619a3aa6ebf731c57a,0.626442054839021,EXECUTED_DRIVER_OUTPUT_AS_KERNEL_INPUT
D11_EDGE::K03_BIEXPONENTIAL,D11_EDGE,K03_BIEXPONENTIAL,a80fbece065b777575df04a8c170ec08e371a3a84766634fdd43d91c2935f96e,8028aea45c40e6cae468769b449b19eae2370c18838ac9f84dee54ae9e06bdd3,8028aea45c40e6cae468769b449b19eae2370c18838ac9f84dee54ae9e06bdd3,5e4135b706fcafa1bd12e74d48336b00e17de377571e9ce404db68aebdf14f5d,b5f42c8f286d341b2c64dca088035d6a8a5a4b251ff3d262e2fcdfa93c6b23ce,0.5886540189316043,EXECUTED_DRIVER_OUTPUT_AS_KERNEL_INPUT
D11_EDGE::K04_DAMPED_RESONANCE,D11_EDGE,K04_DAMPED_RESONANCE,a80fbece065b777575df04a8c170ec08e371a3a84766634fdd43d91c2935f96e,8028aea45c40e6cae468769b449b19eae2370c18838ac9f84dee54ae9e06bdd3,8028aea45c40e6cae468769b449b19eae2370c18838ac9f84dee54ae9e06bdd3,4bd6d4aa1339cd42944fc0bc65467768e2decb6fd50102821c5c824845d51884,af7ebdb25f9d075609f9fe1920b7034cc3202df96e2b645175f2e8a1463a5dd2,0.6495715721202471,EXECUTED_DRIVER_OUTPUT_AS_KERNEL_INPUT
D11_EDGE::K05_HYSTERETIC,D11_EDGE,K05_HYSTERETIC,a80fbece065b777575df04a8c170ec08e371a3a84766634fdd43d91c2935f96e,8028aea45c40e6cae468769b449b19eae2370c18838ac9f84dee54ae9e06bdd3,8028aea45c40e6cae468769b449b19eae2370c18838ac9f84dee54ae9e06bdd3,ab5f169b7740e0173c0331f7d24644962ba89804d6a0b5d7163d1b2a7373e1e3,098ab33e5f5e98470272bc1ba9d03cbaa52332c4e84dda412ec84939053a34fd,0.7820088015717928,EXECUTED_DRIVER_OUTPUT_AS_KERNEL_INPUT
D11_EDGE::K06_STOCHASTIC_OU,D11_EDGE,K06_STOCHASTIC_OU,a80fbece065b777575df04a8c170ec08e371a3a84766634fdd43d91c2935f96e,8028aea45c40e6cae468769b449b19eae2370c18838ac9f84dee54ae9e06bdd3,8028aea45c40e6cae468769b449b19eae2370c18838ac9f84dee54ae9e06bdd3,a12975760915608bd9d630928f669476814392d2f6aab10ec742f89bf51a685c,dfe1c8baf2c68662b3a15fa7b3958cc5f60f9ed4ec0845619a3aa6ebf731c57a,0.626442054839021,EXECUTED_DRIVER_OUTPUT_AS_KERNEL_INPUT
D12_ENV::K01_RETARDED,D12_ENV,K01_RETARDED,64c4ddd841c15e902e8da7e2a29d77dc7448d26fef6f5e5579449e42f2d7207c,a8c44c63feac86e116322f1d478147ce3f54525e103f055ad63b68f8179bb16d,a8c44c63feac86e116322f1d478147ce3f54525e103f055ad63b68f8179bb16d,64796850822494fe28b3140d13cfc2f43691a1a58bc26a467fb35c4a52a5a1d7,f3431e59b2885dca4333b5d87cf40e900d2cb227da959a7a65f0114c28f46e6d,0.545754512502324,EXECUTED_DRIVER_OUTPUT_AS_KERNEL_INPUT
D12_ENV::K02_EXPONENTIAL,D12_ENV,K02_EXPONENTIAL,64c4ddd841c15e902e8da7e2a29d77dc7448d26fef6f5e5579449e42f2d7207c,a8c44c63feac86e116322f1d478147ce3f54525e103f055ad63b68f8179bb16d,a8c44c63feac86e116322f1d478147ce3f54525e103f055ad63b68f8179bb16d,6c83ff954100cdab523124d50f1a79365a152eb7fe53fa6b6c7f8c9267aa9f98,02e45ea943b92698915ca32726a4edced219e7de5c8a066b849a21858d17949f,0.5343716197159741,EXECUTED_DRIVER_OUTPUT_AS_KERNEL_INPUT
D12_ENV::K03_BIEXPONENTIAL,D12_ENV,K03_BIEXPONENTIAL,64c4ddd841c15e902e8da7e2a29d77dc7448d26fef6f5e5579449e42f2d7207c,a8c44c63feac86e116322f1d478147ce3f54525e103f055ad63b68f8179bb16d,a8c44c63feac86e116322f1d478147ce3f54525e103f055ad63b68f8179bb16d,d246b46c999856b85d644e0784819401d3c2862dfad9ecf67ce69e0fb6d65c97,f73395332082e56dd35a57231a4b2535058aa6def0e38ecca4121d0ec4cea135,0.49044112555618213,EXECUTED_DRIVER_OUTPUT_AS_KERNEL_INPUT
D12_ENV::K04_DAMPED_RESONANCE,D12_ENV,K04_DAMPED_RESONANCE,64c4ddd841c15e902e8da7e2a29d77dc7448d26fef6f5e5579449e42f2d7207c,a8c44c63feac86e116322f1d478147ce3f54525e103f055ad63b68f8179bb16d,a8c44c63feac86e116322f1d478147ce3f54525e103f055ad63b68f8179bb16d,1ecce885930d50e2e039b5d62c8eeaf7a814a964cb1772311e15c9ecd5b25f46,086ee1b7329dacab0d867fd7435737c47c702d009c119080ee6f791dfd06a2a4,0.540477182944023,EXECUTED_DRIVER_OUTPUT_AS_KERNEL_INPUT
D12_ENV::K05_HYSTERETIC,D12_ENV,K05_HYSTERETIC,64c4ddd841c15e902e8da7e2a29d77dc7448d26fef6f5e5579449e42f2d7207c,a8c44c63feac86e116322f1d478147ce3f54525e103f055ad63b68f8179bb16d,a8c44c63feac86e116322f1d478147ce3f54525e103f055ad63b68f8179bb16d,85439e185bbdb5dd18638cebe9f7d56185da5fa089bbbe220fb101957480594c,137d1fc0c0533904b22961ae7d4c5877928fce8f4957a45dc5d105aa3d7b49ac,0.669398637728897,EXECUTED_DRIVER_OUTPUT_AS_KERNEL_INPUT
D12_ENV::K06_STOCHASTIC_OU,D12_ENV,K06_STOCHASTIC_OU,64c4ddd841c15e902e8da7e2a29d77dc7448d26fef6f5e5579449e42f2d7207c,a8c44c63feac86e116322f1d478147ce3f54525e103f055ad63b68f8179bb16d,a8c44c63feac86e116322f1d478147ce3f54525e103f055ad63b68f8179bb16d,0224b694256ce770f339d8915a6b67fd7743d6c53488e9c0564cccc8996ad3ef,02e45ea943b92698915ca32726a4edced219e7de5c8a066b849a21858d17949f,0.5343716197159741,EXECUTED_DRIVER_OUTPUT_AS_KERNEL_INPUT
D13_GASF::K01_RETARDED,D13_GASF,K01_RETARDED,c0ffb4dd84c7cbca1ea16688b203b21ba16faa1da9fda225449bb0620483d304,85a0dd9f65acf6166c6542640a05a2d6a0785227289569b2bd887861609b64e2,85a0dd9f65acf6166c6542640a05a2d6a0785227289569b2bd887861609b64e2,edb4b8b27e68f30ed53feac95dc4efe2cf26c766973ea270badfd09a3cd52b87,ae0624c006b93274821bb8a58bf672b8314e3dbcc76f2e6b15ebcf4b25ee78fd,0.4202675191532669,EXECUTED_DRIVER_OUTPUT_AS_KERNEL_INPUT
D13_GASF::K02_EXPONENTIAL,D13_GASF,K02_EXPONENTIAL,c0ffb4dd84c7cbca1ea16688b203b21ba16faa1da9fda225449bb0620483d304,85a0dd9f65acf6166c6542640a05a2d6a0785227289569b2bd887861609b64e2,85a0dd9f65acf6166c6542640a05a2d6a0785227289569b2bd887861609b64e2,ea1ded6e3a7157f3aaf6c002a335871f48a4a039977d32b92fa4d6c7a963da2e,83108f8f22571749712a2fd83f697cde58e4de095c274d821cec468c7716f657,0.4206960739513752,EXECUTED_DRIVER_OUTPUT_AS_KERNEL_INPUT
D13_GASF::K03_BIEXPONENTIAL,D13_GASF,K03_BIEXPONENTIAL,c0ffb4dd84c7cbca1ea16688b203b21ba16faa1da9fda225449bb0620483d304,85a0dd9f65acf6166c6542640a05a2d6a0785227289569b2bd887861609b64e2,85a0dd9f65acf6166c6542640a05a2d6a0785227289569b2bd887861609b64e2,ba502a9776f5233ac71ecc543be85a66eb6f6a775bc7e3d0d92c1c74b8d4ffeb,418073b3958105cd85b0ccaa34e189b95757c5b83e1c77bf7e05bfdbbd7d69fb,0.4273570940281679,EXECUTED_DRIVER_OUTPUT_AS_KERNEL_INPUT
D13_GASF::K04_DAMPED_RESONANCE,D13_GASF,K04_DAMPED_RESONANCE,c0ffb4dd84c7cbca1ea16688b203b21ba16faa1da9fda225449bb0620483d304,85a0dd9f65acf6166c6542640a05a2d6a0785227289569b2bd887861609b64e2,85a0dd9f65acf6166c6542640a05a2d6a0785227289569b2bd887861609b64e2,26791870d20672b5c50c6bf5b9111b7daa2628842790f0863648fa85810b72fc,b7708067b7b1ffb01ebde1c9c52393bd607e17315647c23623d0091eb2ceb181,0.4152986775203484,EXECUTED_DRIVER_OUTPUT_AS_KERNEL_INPUT
D13_GASF::K05_HYSTERETIC,D13_GASF,K05_HYSTERETIC,c0ffb4dd84c7cbca1ea16688b203b21ba16faa1da9fda225449bb0620483d304,85a0dd9f65acf6166c6542640a05a2d6a0785227289569b2bd887861609b64e2,85a0dd9f65acf6166c6542640a05a2d6a0785227289569b2bd887861609b64e2,fbc2a7add07da80cff69081d087a1621e36305fffbac83d9130e4dd639989d1f,0b64c6ad8cd6958ab235238d9c67128fa4d7559df12c714262e5f71b06161433,0.5497570775727234,EXECUTED_DRIVER_OUTPUT_AS_KERNEL_INPUT
D13_GASF::K06_STOCHASTIC_OU,D13_GASF,K06_STOCHASTIC_OU,c0ffb4dd84c7cbca1ea16688b203b21ba16faa1da9fda225449bb0620483d304,85a0dd9f65acf6166c6542640a05a2d6a0785227289569b2bd887861609b64e2,85a0dd9f65acf6166c6542640a05a2d6a0785227289569b2bd887861609b64e2,9b9187a21041237a4e62f3ab4c405560d4f1ab28afc1c1be2799f484f43e277e,83108f8f22571749712a2fd83f697cde58e4de095c274d821cec468c7716f657,0.4206960739513752,EXECUTED_DRIVER_OUTPUT_AS_KERNEL_INPUT
D14_ION::K01_RETARDED,D14_ION,K01_RETARDED,fe1062c98de9cc927d7ee9c88f40e4ae445ed2076083dfbb4d418830541eb71b,b10f062460dbdb7a890cadd6afe2bf07b2c0d872e3a021258d8d06ef7a2d54d9,b10f062460dbdb7a890cadd6afe2bf07b2c0d872e3a021258d8d06ef7a2d54d9,74df1dc56e8be62189c4c6eeb2fc5b9a8a3aef13dba0f821ccf5a726cd828100,15f040ff442adf9201f64c7a0caf10d295a5660e4bc063160be1a9de80388392,0.535618833451284,EXECUTED_DRIVER_OUTPUT_AS_KERNEL_INPUT
D14_ION::K02_EXPONENTIAL,D14_ION,K02_EXPONENTIAL,fe1062c98de9cc927d7ee9c88f40e4ae445ed2076083dfbb4d418830541eb71b,b10f062460dbdb7a890cadd6afe2bf07b2c0d872e3a021258d8d06ef7a2d54d9,b10f062460dbdb7a890cadd6afe2bf07b2c0d872e3a021258d8d06ef7a2d54d9,f2774c74a019ac73e72e91065a5fc00785d1463f1f45a9e7677a0e184a3f9779,c6060b2c95eef0b420e09c5f8bf0c588f61ddb40ac91eae07a825e88666813d7,0.4905700923935846,EXECUTED_DRIVER_OUTPUT_AS_KERNEL_INPUT
D14_ION::K03_BIEXPONENTIAL,D14_ION,K03_BIEXPONENTIAL,fe1062c98de9cc927d7ee9c88f40e4ae445ed2076083dfbb4d418830541eb71b,b10f062460dbdb7a890cadd6afe2bf07b2c0d872e3a021258d8d06ef7a2d54d9,b10f062460dbdb7a890cadd6afe2bf07b2c0d872e3a021258d8d06ef7a2d54d9,8e8fc66083e3303d8b8c9f5a302f4301ac7e80694dbaf995643dd0fce280dd7a,c8ae8f447865c51149ba9f95fc3775f01658ac870fa1915afb24fbb54b5b61ed,0.41529998469631146,EXECUTED_DRIVER_OUTPUT_AS_KERNEL_INPUT
D14_ION::K04_DAMPED_RESONANCE,D14_ION,K04_DAMPED_RESONANCE,fe1062c98de9cc927d7ee9c88f40e4ae445ed2076083dfbb4d418830541eb71b,b10f062460dbdb7a890cadd6afe2bf07b2c0d872e3a021258d8d06ef7a2d54d9,b10f062460dbdb7a890cadd6afe2bf07b2c0d872e3a021258d8d06ef7a2d54d9,d44bc518fa5c8ce131c7b3daa029c3adae9d537cb5db82516b7d009163387cec,467e95528582405b050129d2da152132b6e267e52cb297bf9efa9fdcaf37bc50,0.5552999944690271,EXECUTED_DRIVER_OUTPUT_AS_KERNEL_INPUT
D14_ION::K05_HYSTERETIC,D14_ION,K05_HYSTERETIC,fe1062c98de9cc927d7ee9c88f40e4ae445ed2076083dfbb4d418830541eb71b,b10f062460dbdb7a890cadd6afe2bf07b2c0d872e3a021258d8d06ef7a2d54d9,b10f062460dbdb7a890cadd6afe2bf07b2c0d872e3a021258d8d06ef7a2d54d9,3ecda16366805c74d62a9e3fe9f3bf114d63e8b3f7020c6525e150eda791b0d5,1c3d703a593fd9e489b858b32f2722c9f908bf3b6a210882915733828c742e1b,0.6687210036890804,EXECUTED_DRIVER_OUTPUT_AS_KERNEL_INPUT
D14_ION::K06_STOCHASTIC_OU,D14_ION,K06_STOCHASTIC_OU,fe1062c98de9cc927d7ee9c88f40e4ae445ed2076083dfbb4d418830541eb71b,b10f062460dbdb7a890cadd6afe2bf07b2c0d872e3a021258d8d06ef7a2d54d9,b10f062460dbdb7a890cadd6afe2bf07b2c0d872e3a021258d8d06ef7a2d54d9,202b41af6d6cef2d2431a2ffebc360dca144320f8b6014d1bdb98fc84fffa11c,c6060b2c95eef0b420e09c5f8bf0c588f61ddb40ac91eae07a825e88666813d7,0.4905700923935846,EXECUTED_DRIVER_OUTPUT_AS_KERNEL_INPUT
D15_COOL::K01_RETARDED,D15_COOL,K01_RETARDED,be42bcccce860d2fe8627de1b18f749ff9a2c6b88328c7ce1cfd94ad40a73935,12656f697da5f92a2157b5d281af4ccf4d9fbfcb9a29f3bff80ba40375800805,12656f697da5f92a2157b5d281af4ccf4d9fbfcb9a29f3bff80ba40375800805,712fc7ea016cbaa4d2c9805b664bcef9c653238bfc29322c2c7ecf1d18fd4a67,dcfa8410f48572a42e5f4e455c816138b33a3bf92045ce6b422325de02df9470,0.7818578338855711,EXECUTED_DRIVER_OUTPUT_AS_KERNEL_INPUT
D15_COOL::K02_EXPONENTIAL,D15_COOL,K02_EXPONENTIAL,be42bcccce860d2fe8627de1b18f749ff9a2c6b88328c7ce1cfd94ad40a73935,12656f697da5f92a2157b5d281af4ccf4d9fbfcb9a29f3bff80ba40375800805,12656f697da5f92a2157b5d281af4ccf4d9fbfcb9a29f3bff80ba40375800805,76487ac605dcb1846b18d12baea9c9aa1aa08264a6a6056fadfc43afdd5e32a4,007f79a9cbe116fb5df77f8d93af7f7644ada96fe1b40dc43ad2a9db1a55040f,0.7888609415695911,EXECUTED_DRIVER_OUTPUT_AS_KERNEL_INPUT
D15_COOL::K03_BIEXPONENTIAL,D15_COOL,K03_BIEXPONENTIAL,be42bcccce860d2fe8627de1b18f749ff9a2c6b88328c7ce1cfd94ad40a73935,12656f697da5f92a2157b5d281af4ccf4d9fbfcb9a29f3bff80ba40375800805,12656f697da5f92a2157b5d281af4ccf4d9fbfcb9a29f3bff80ba40375800805,adc02c9f6a091dee5cca48bfcec664b822b360974c29450c30885af25d3a8569,b3864e35e35d89811bb0c241d0ebe86c4f372cff343049645a0be8b07037d7dc,0.7985028189086747,EXECUTED_DRIVER_OUTPUT_AS_KERNEL_INPUT
D15_COOL::K04_DAMPED_RESONANCE,D15_COOL,K04_DAMPED_RESONANCE,be42bcccce860d2fe8627de1b18f749ff9a2c6b88328c7ce1cfd94ad40a73935,12656f697da5f92a2157b5d281af4ccf4d9fbfcb9a29f3bff80ba40375800805,12656f697da5f92a2157b5d281af4ccf4d9fbfcb9a29f3bff80ba40375800805,540c10fa006c1d86b246c18759a3dd2cd399d49370ba3ec81152f855325ae68a,967fddc11a994b0d8bc99b7a6041274f8b24afc1b36ac46456f16f47b48b4c61,0.7692720161641197,EXECUTED_DRIVER_OUTPUT_AS_KERNEL_INPUT
D15_COOL::K05_HYSTERETIC,D15_COOL,K05_HYSTERETIC,be42bcccce860d2fe8627de1b18f749ff9a2c6b88328c7ce1cfd94ad40a73935,12656f697da5f92a2157b5d281af4ccf4d9fbfcb9a29f3bff80ba40375800805,12656f697da5f92a2157b5d281af4ccf4d9fbfcb9a29f3bff80ba40375800805,f2c5835100d2457c3f5e7753ba848da3692d2ad5b077041d829f16a410fdb8bb,3c3f98425e58cb7046500925230ad5fb6a9721e793779cc81c12e862d406dd80,0.9144969673171599,EXECUTED_DRIVER_OUTPUT_AS_KERNEL_INPUT
D15_COOL::K06_STOCHASTIC_OU,D15_COOL,K06_STOCHASTIC_OU,be42bcccce860d2fe8627de1b18f749ff9a2c6b88328c7ce1cfd94ad40a73935,12656f697da5f92a2157b5d281af4ccf4d9fbfcb9a29f3bff80ba40375800805,12656f697da5f92a2157b5d281af4ccf4d9fbfcb9a29f3bff80ba40375800805,db0660db33fbf19bf6c448cdfa2ef06014230372ae4f9a062e4167708843c408,007f79a9cbe116fb5df77f8d93af7f7644ada96fe1b40dc43ad2a9db1a55040f,0.7888609415695911,EXECUTED_DRIVER_OUTPUT_AS_KERNEL_INPUT
D16_NTH::K01_RETARDED,D16_NTH,K01_RETARDED,dba85e31218eed8621b5c0b0b58683b5c0c50a8da3cb420c0e26259fa2a1aa5d,17156c844532f497c1baaf6ded47ec0e600e3b9b96d41956dea39a8522ec79a8,17156c844532f497c1baaf6ded47ec0e600e3b9b96d41956dea39a8522ec79a8,471002ddf716143da19a580b80b595589981225e3d990199fb2d66bc49607e72,7f56112fe7a23c2297b6910bd420173f768f6d3f08f6fa996f10d387bdea2794,0.3160913796089985,EXECUTED_DRIVER_OUTPUT_AS_KERNEL_INPUT
D16_NTH::K02_EXPONENTIAL,D16_NTH,K02_EXPONENTIAL,dba85e31218eed8621b5c0b0b58683b5c0c50a8da3cb420c0e26259fa2a1aa5d,17156c844532f497c1baaf6ded47ec0e600e3b9b96d41956dea39a8522ec79a8,17156c844532f497c1baaf6ded47ec0e600e3b9b96d41956dea39a8522ec79a8,58c40d99cd75977b97b928f237261473ea40fbf9e8cd03dc41b61e1ace5d2f75,08c88ea6f481a2c83ef8059e13f51f460269df978f5cf4ec6cbe5d9a02f18afa,0.30948933820039315,EXECUTED_DRIVER_OUTPUT_AS_KERNEL_INPUT
D16_NTH::K03_BIEXPONENTIAL,D16_NTH,K03_BIEXPONENTIAL,dba85e31218eed8621b5c0b0b58683b5c0c50a8da3cb420c0e26259fa2a1aa5d,17156c844532f497c1baaf6ded47ec0e600e3b9b96d41956dea39a8522ec79a8,17156c844532f497c1baaf6ded47ec0e600e3b9b96d41956dea39a8522ec79a8,e24328e3faa445d8aa21de68af9cd538b01849a64dcf5c5585860f99c102a759,b253058e9380fcfb4d87c02ca3ab32f4dc28cd7fd11a3c93874a1d3057256a04,0.30942556244810715,EXECUTED_DRIVER_OUTPUT_AS_KERNEL_INPUT
D16_NTH::K04_DAMPED_RESONANCE,D16_NTH,K04_DAMPED_RESONANCE,dba85e31218eed8621b5c0b0b58683b5c0c50a8da3cb420c0e26259fa2a1aa5d,17156c844532f497c1baaf6ded47ec0e600e3b9b96d41956dea39a8522ec79a8,17156c844532f497c1baaf6ded47ec0e600e3b9b96d41956dea39a8522ec79a8,20ff950b6be32d94e7c3f9fc03ca9e18fcad029456d574d37d19efab949a4427,05164bcb748681f983344e68f5793b88a91bd2388a30e38665e8c5b4a5410dde,0.32158881142842566,EXECUTED_DRIVER_OUTPUT_AS_KERNEL_INPUT
D16_NTH::K05_HYSTERETIC,D16_NTH,K05_HYSTERETIC,dba85e31218eed8621b5c0b0b58683b5c0c50a8da3cb420c0e26259fa2a1aa5d,17156c844532f497c1baaf6ded47ec0e600e3b9b96d41956dea39a8522ec79a8,17156c844532f497c1baaf6ded47ec0e600e3b9b96d41956dea39a8522ec79a8,093b40543b3c539b54b4f207a144857ab89928cc6447d43b3eac056ea8cac747,d30b92dc4a817ee29663d659f2acac0ed9e3b018c19b82ddf3e0cf11d9ba94d7,0.4549090173235774,EXECUTED_DRIVER_OUTPUT_AS_KERNEL_INPUT
D16_NTH::K06_STOCHASTIC_OU,D16_NTH,K06_STOCHASTIC_OU,dba85e31218eed8621b5c0b0b58683b5c0c50a8da3cb420c0e26259fa2a1aa5d,17156c844532f497c1baaf6ded47ec0e600e3b9b96d41956dea39a8522ec79a8,17156c844532f497c1baaf6ded47ec0e600e3b9b96d41956dea39a8522ec79a8,80ee16b50552b9cc534bbd203659b51052982a5e927250dbd3438ccd725247d7,08c88ea6f481a2c83ef8059e13f51f460269df978f5cf4ec6cbe5d9a02f18afa,0.30948933820039315,EXECUTED_DRIVER_OUTPUT_AS_KERNEL_INPUT
D17_AGE::K01_RETARDED,D17_AGE,K01_RETARDED,5fb2f142b8278fee5519e5a91ccca9a62acd42db25708a2fbce9bb44b64122b5,c76f2f45d647b5fb749ad0c98cfc68aab7d6243f4834c3aacb0a011ec1edddbe,c76f2f45d647b5fb749ad0c98cfc68aab7d6243f4834c3aacb0a011ec1edddbe,7afae9b7f8b6701bde6d961673dbb498f644cc1aff34b70c13b580774e83d93d,4c1ac4a116bc35ebf23e60f130f3a69036f1459d58f8472fcbc7afad3e445840,0.9748719834710167,EXECUTED_DRIVER_OUTPUT_AS_KERNEL_INPUT
D17_AGE::K02_EXPONENTIAL,D17_AGE,K02_EXPONENTIAL,5fb2f142b8278fee5519e5a91ccca9a62acd42db25708a2fbce9bb44b64122b5,c76f2f45d647b5fb749ad0c98cfc68aab7d6243f4834c3aacb0a011ec1edddbe,c76f2f45d647b5fb749ad0c98cfc68aab7d6243f4834c3aacb0a011ec1edddbe,6c3f0b06128ac911795c5d9b884bda84cda940d1152c680b1536e38cb7f77617,39e490b3cd9e6ab848e21847eec07207f7efe054a4043a03a460e8f0c38d3c36,0.9754402715235034,EXECUTED_DRIVER_OUTPUT_AS_KERNEL_INPUT
D17_AGE::K03_BIEXPONENTIAL,D17_AGE,K03_BIEXPONENTIAL,5fb2f142b8278fee5519e5a91ccca9a62acd42db25708a2fbce9bb44b64122b5,c76f2f45d647b5fb749ad0c98cfc68aab7d6243f4834c3aacb0a011ec1edddbe,c76f2f45d647b5fb749ad0c98cfc68aab7d6243f4834c3aacb0a011ec1edddbe,2cd7c46e6091fc2d6377dd70cfac54bf0953d861a0a7cc4d61bbb238b812e5e4,3aa4b6286df127da3ee82a55f4af11af8c3046ce853af001edca23f41e7f1f64,0.9762683283288813,EXECUTED_DRIVER_OUTPUT_AS_KERNEL_INPUT
D17_AGE::K04_DAMPED_RESONANCE,D17_AGE,K04_DAMPED_RESONANCE,5fb2f142b8278fee5519e5a91ccca9a62acd42db25708a2fbce9bb44b64122b5,c76f2f45d647b5fb749ad0c98cfc68aab7d6243f4834c3aacb0a011ec1edddbe,c76f2f45d647b5fb749ad0c98cfc68aab7d6243f4834c3aacb0a011ec1edddbe,07280e51d8b7f176153f136c3cf9ced74a8aa1545b51ab8c0d0393b6d0b65d70,0963de4cd5e82c6db8390616ce596224e5b0bc80a38bdeb5cc858ec043ac39cf,0.9737497796552926,EXECUTED_DRIVER_OUTPUT_AS_KERNEL_INPUT
D17_AGE::K05_HYSTERETIC,D17_AGE,K05_HYSTERETIC,5fb2f142b8278fee5519e5a91ccca9a62acd42db25708a2fbce9bb44b64122b5,c76f2f45d647b5fb749ad0c98cfc68aab7d6243f4834c3aacb0a011ec1edddbe,c76f2f45d647b5fb749ad0c98cfc68aab7d6243f4834c3aacb0a011ec1edddbe,2fcd35f2db05b3adcf4659a8b068d7cc46d34dbccdfe230b6005ddcfb7b0f489,793d9444fb5467da1cb3872477695f9cae39f9bf7ea6beaa272d228d004a92f1,1.1226136795255235,EXECUTED_DRIVER_OUTPUT_AS_KERNEL_INPUT
D17_AGE::K06_STOCHASTIC_OU,D17_AGE,K06_STOCHASTIC_OU,5fb2f142b8278fee5519e5a91ccca9a62acd42db25708a2fbce9bb44b64122b5,c76f2f45d647b5fb749ad0c98cfc68aab7d6243f4834c3aacb0a011ec1edddbe,c76f2f45d647b5fb749ad0c98cfc68aab7d6243f4834c3aacb0a011ec1edddbe,60f67d80fab56d1b097f692ac2a2a836b3032f4ba20e95d1a2391a5871284719,39e490b3cd9e6ab848e21847eec07207f7efe054a4043a03a460e8f0c38d3c36,0.9754402715235034,EXECUTED_DRIVER_OUTPUT_AS_KERNEL_INPUT
D18_RELAX::K01_RETARDED,D18_RELAX,K01_RETARDED,4e487e96e3ce0aac04c531063d40d10d4f531abf0bcef4174f02e4bfbb98e17e,7f35620b5fbbe2a8c72a83c31348d847caa8e60feb7575e9230e91a202184d83,7f35620b5fbbe2a8c72a83c31348d847caa8e60feb7575e9230e91a202184d83,2c959e5c0b31d6130bb4838be5f0b284e30c2a4eb6e61d0bbd7d0af53f3b59ba,e8061b65c859b2b90a4001070d1e5cf743442d3791854f9a7ff91d868829f150,0.4354679531269369,EXECUTED_DRIVER_OUTPUT_AS_KERNEL_INPUT
D18_RELAX::K02_EXPONENTIAL,D18_RELAX,K02_EXPONENTIAL,4e487e96e3ce0aac04c531063d40d10d4f531abf0bcef4174f02e4bfbb98e17e,7f35620b5fbbe2a8c72a83c31348d847caa8e60feb7575e9230e91a202184d83,7f35620b5fbbe2a8c72a83c31348d847caa8e60feb7575e9230e91a202184d83,5a8c1e7867a7f041aeb2dc6c44d239d060510f848deaba55e3e58de410c6c72e,a37562604d252ff036d5eabfb42df1c6417c17cc93f861c44b12d29588c5df60,0.4093026260360296,EXECUTED_DRIVER_OUTPUT_AS_KERNEL_INPUT
D18_RELAX::K03_BIEXPONENTIAL,D18_RELAX,K03_BIEXPONENTIAL,4e487e96e3ce0aac04c531063d40d10d4f531abf0bcef4174f02e4bfbb98e17e,7f35620b5fbbe2a8c72a83c31348d847caa8e60feb7575e9230e91a202184d83,7f35620b5fbbe2a8c72a83c31348d847caa8e60feb7575e9230e91a202184d83,c8afc6fc2ec896282f4008d7fe3f28e47c9778f2050c38824070c23a9e40984d,f383d1534e4b91d5ea7efde16437540b03bda77a83097f1180c257470962d5fd,0.35340755385797873,EXECUTED_DRIVER_OUTPUT_AS_KERNEL_INPUT
D18_RELAX::K04_DAMPED_RESONANCE,D18_RELAX,K04_DAMPED_RESONANCE,4e487e96e3ce0aac04c531063d40d10d4f531abf0bcef4174f02e4bfbb98e17e,7f35620b5fbbe2a8c72a83c31348d847caa8e60feb7575e9230e91a202184d83,7f35620b5fbbe2a8c72a83c31348d847caa8e60feb7575e9230e91a202184d83,bfc463b02dc69b7a6af0cfdd04660b93dc2e4f4f6835b36df311f20b8773d48d,a39c6c9453289b2940dec3c31d259a9a3782c27bb287e7efaca249244d488c53,0.45798236404573806,EXECUTED_DRIVER_OUTPUT_AS_KERNEL_INPUT
D18_RELAX::K05_HYSTERETIC,D18_RELAX,K05_HYSTERETIC,4e487e96e3ce0aac04c531063d40d10d4f531abf0bcef4174f02e4bfbb98e17e,7f35620b5fbbe2a8c72a83c31348d847caa8e60feb7575e9230e91a202184d83,7f35620b5fbbe2a8c72a83c31348d847caa8e60feb7575e9230e91a202184d83,93bbbbe836dc81566b000a470c52c14f2567719c626c8ef27eda878bde3ba137,a254b6737aabeb9d8d406aad2d599ab207b9cab0a9d80ccca47efd5f7a9b7027,0.5741383778373073,EXECUTED_DRIVER_OUTPUT_AS_KERNEL_INPUT
D18_RELAX::K06_STOCHASTIC_OU,D18_RELAX,K06_STOCHASTIC_OU,4e487e96e3ce0aac04c531063d40d10d4f531abf0bcef4174f02e4bfbb98e17e,7f35620b5fbbe2a8c72a83c31348d847caa8e60feb7575e9230e91a202184d83,7f35620b5fbbe2a8c72a83c31348d847caa8e60feb7575e9230e91a202184d83,23b1ff0a37051d58c17539268e0e644e4716c8a254a12ae2d895296fa0bf92cc,a37562604d252ff036d5eabfb42df1c6417c17cc93f861c44b12d29588c5df60,0.4093026260360296,EXECUTED_DRIVER_OUTPUT_AS_KERNEL_INPUT
D19_COH::K01_RETARDED,D19_COH,K01_RETARDED,7f552f7f9ac045502407f1d5c91ec7d86d99b1c5d92a5ffe526993b43eb036bf,183768b54a06f9fc6ce7136ec671bd5beeb2b3b8896d62373f602f86967520b2,183768b54a06f9fc6ce7136ec671bd5beeb2b3b8896d62373f602f86967520b2,8616ef8063a81be5244df004a523dc2e919effbf2456d5f41e57347a3d2b0ec1,8c92ebffcd1d962c9d093f53c95d1ff93a650762c97acd252061711866071124,0.5506692890072576,EXECUTED_DRIVER_OUTPUT_AS_KERNEL_INPUT
D19_COH::K02_EXPONENTIAL,D19_COH,K02_EXPONENTIAL,7f552f7f9ac045502407f1d5c91ec7d86d99b1c5d92a5ffe526993b43eb036bf,183768b54a06f9fc6ce7136ec671bd5beeb2b3b8896d62373f602f86967520b2,183768b54a06f9fc6ce7136ec671bd5beeb2b3b8896d62373f602f86967520b2,25db0143507d85c89ae5bbd689db62e2f014df0bac3677e98aaccac8f9542ade,e87ec1b8deda08a9fd11b3e18495ac205f775d43c3c446b4a320f8b30bd15e2b,0.5075865508999828,EXECUTED_DRIVER_OUTPUT_AS_KERNEL_INPUT
D19_COH::K03_BIEXPONENTIAL,D19_COH,K03_BIEXPONENTIAL,7f552f7f9ac045502407f1d5c91ec7d86d99b1c5d92a5ffe526993b43eb036bf,183768b54a06f9fc6ce7136ec671bd5beeb2b3b8896d62373f602f86967520b2,183768b54a06f9fc6ce7136ec671bd5beeb2b3b8896d62373f602f86967520b2,98eed83b86f1f1290699d2dfafee9092b569d3504c521af3cd19a2287701d8f2,275241b1ce937d6d2e187b6e70ebae36e62b60d47d35fe1f52b82d1e92c9999d,0.43954723396480094,EXECUTED_DRIVER_OUTPUT_AS_KERNEL_INPUT
D19_COH::K04_DAMPED_RESONANCE,D19_COH,K04_DAMPED_RESONANCE,7f552f7f9ac045502407f1d5c91ec7d86d99b1c5d92a5ffe526993b43eb036bf,183768b54a06f9fc6ce7136ec671bd5beeb2b3b8896d62373f602f86967520b2,183768b54a06f9fc6ce7136ec671bd5beeb2b3b8896d62373f602f86967520b2,fbe3c1547d553930ed032b652228e0c1c1897baa2f348054fc3fd5b9e0ef546b,87668e3107d9dfc262c2becf65a40773f7cde17927bfeceaedbf57c8bc797a43,0.5729206398476877,EXECUTED_DRIVER_OUTPUT_AS_KERNEL_INPUT
D19_COH::K05_HYSTERETIC,D19_COH,K05_HYSTERETIC,7f552f7f9ac045502407f1d5c91ec7d86d99b1c5d92a5ffe526993b43eb036bf,183768b54a06f9fc6ce7136ec671bd5beeb2b3b8896d62373f602f86967520b2,183768b54a06f9fc6ce7136ec671bd5beeb2b3b8896d62373f602f86967520b2,181d2dc5c75d54d38ac41d582c59f0f8ee4861b1b677ddf6145375105d1066c1,0d5d190293256e358befc0667d8e361fa7cc8efac4ae5f633feacd2205741786,0.6913242127749226,EXECUTED_DRIVER_OUTPUT_AS_KERNEL_INPUT
D19_COH::K06_STOCHASTIC_OU,D19_COH,K06_STOCHASTIC_OU,7f552f7f9ac045502407f1d5c91ec7d86d99b1c5d92a5ffe526993b43eb036bf,183768b54a06f9fc6ce7136ec671bd5beeb2b3b8896d62373f602f86967520b2,183768b54a06f9fc6ce7136ec671bd5beeb2b3b8896d62373f602f86967520b2,dbf8039401f1c3ac6614f3e625a5ffe2b554563c1615e8f0d744e1b814652b2a,e87ec1b8deda08a9fd11b3e18495ac205f775d43c3c446b4a320f8b30bd15e2b,0.5075865508999828,EXECUTED_DRIVER_OUTPUT_AS_KERNEL_INPUT
D20_EPOCH::K01_RETARDED,D20_EPOCH,K01_RETARDED,9e562f96262d4bbdce2f82884562871a86d4570924084b49852469f81bc1e4fb,7025265d62554cd8c0447bd670a2c7ee092a0c301e139e479aebcc72c78397a2,7025265d62554cd8c0447bd670a2c7ee092a0c301e139e479aebcc72c78397a2,8de5515e4bc07461d8bae4d6ba4a9a4ca20873993edbe923f31eb46d4604351e,4d30865aa3389e5bd3d0150ec530778356186ce4d6408c931ef99a651003dd24,0.4024292048458563,EXECUTED_DRIVER_OUTPUT_AS_KERNEL_INPUT
D20_EPOCH::K02_EXPONENTIAL,D20_EPOCH,K02_EXPONENTIAL,9e562f96262d4bbdce2f82884562871a86d4570924084b49852469f81bc1e4fb,7025265d62554cd8c0447bd670a2c7ee092a0c301e139e479aebcc72c78397a2,7025265d62554cd8c0447bd670a2c7ee092a0c301e139e479aebcc72c78397a2,bddc06003b515cf73450a8d33d49c19a1d984f5b65eb05019158b5355b83aa14,3102e8b33e6ff1755ffa47914e58845c2ab1bb3ed05f666e9c94dd3096b391be,0.4078655641771631,EXECUTED_DRIVER_OUTPUT_AS_KERNEL_INPUT
D20_EPOCH::K03_BIEXPONENTIAL,D20_EPOCH,K03_BIEXPONENTIAL,9e562f96262d4bbdce2f82884562871a86d4570924084b49852469f81bc1e4fb,7025265d62554cd8c0447bd670a2c7ee092a0c301e139e479aebcc72c78397a2,7025265d62554cd8c0447bd670a2c7ee092a0c301e139e479aebcc72c78397a2,7bf94574e539171557407352336927d8332cf878a4baf761f34ca852c10faf7b,1886bad97969b7d73b35a4702e067878a0c261761f5fabfaf2a680de7713b833,0.4162065162724324,EXECUTED_DRIVER_OUTPUT_AS_KERNEL_INPUT
D20_EPOCH::K04_DAMPED_RESONANCE,D20_EPOCH,K04_DAMPED_RESONANCE,9e562f96262d4bbdce2f82884562871a86d4570924084b49852469f81bc1e4fb,7025265d62554cd8c0447bd670a2c7ee092a0c301e139e479aebcc72c78397a2,7025265d62554cd8c0447bd670a2c7ee092a0c301e139e479aebcc72c78397a2,a58e102e39bfd1fd19501129f58ca2122156518e7a6b46154492b19179db9898,461772d444f36c14b2c56f362a4af4840432cb1c4aa9dd0ea6dfedb766f83541,0.3915238772160699,EXECUTED_DRIVER_OUTPUT_AS_KERNEL_INPUT
D20_EPOCH::K05_HYSTERETIC,D20_EPOCH,K05_HYSTERETIC,9e562f96262d4bbdce2f82884562871a86d4570924084b49852469f81bc1e4fb,7025265d62554cd8c0447bd670a2c7ee092a0c301e139e479aebcc72c78397a2,7025265d62554cd8c0447bd670a2c7ee092a0c301e139e479aebcc72c78397a2,651c80d324493e4963f9def904fe8fed630fb977f0a999036a70a7d9d1df86ad,925964702d7dea81f27402f8f1d9437f996d58a852ad2ed5f71abd061d52bb52,0.5367237453525213,EXECUTED_DRIVER_OUTPUT_AS_KERNEL_INPUT
D20_EPOCH::K06_STOCHASTIC_OU,D20_EPOCH,K06_STOCHASTIC_OU,9e562f96262d4bbdce2f82884562871a86d4570924084b49852469f81bc1e4fb,7025265d62554cd8c0447bd670a2c7ee092a0c301e139e479aebcc72c78397a2,7025265d62554cd8c0447bd670a2c7ee092a0c301e139e479aebcc72c78397a2,7f861c880520a3a00136362befe145b6fabd0bef53468310798c14660e380b74,3102e8b33e6ff1755ffa47914e58845c2ab1bb3ed05f666e9c94dd3096b391be,0.4078655641771631,EXECUTED_DRIVER_OUTPUT_AS_KERNEL_INPUT
