atlas_id,role,path,receipt,url,sha256,expected_sha256,bytes,identity_verified,scientific_validation,axes,shape,bunit,beam_major_deg,beam_minor_deg,pixel_scale1_deg,noise_covariance_status,mask_status
NAME:UGC4305,HI_SPECTRAL_CUBE,work/private/things-observable-12gal-003/HO_II_NA_CUBE_THINGS.FITS,work/gravity-first-principles/things-cube-acquisition-001/receipt.json,https://things.www3.mpia.de/Data_files/HO_II_NA_CUBE_THINGS.FITS,53e4b5f4c7e22237d7fdee010269348d4b8cad162d8e074180dd685d435a7971,53e4b5f4c7e22237d7fdee010269348d4b8cad162d8e074180dd685d435a7971,231439680,True,not_established_by_hash,RA---SIN;DEC--SIN;FELO-HEL,1024x1024x54x1,JY/BEAM,,,-0.0004166666768,not_validated_by_inventory,requires_source_specific_validation
NAME:NGC2903,HI_SPECTRAL_CUBE,work/private/things-observable-12gal-003/NGC_2903_NA_CUBE_THINGS.FITS,work/gravity-first-principles/things-cube-acquisition-001/receipt.json,https://things.www3.mpia.de/Data_files/NGC_2903_NA_CUBE_THINGS.FITS,21c6b5f155cb56ccb7e60208a5fd98cd3835d948ce98a296fe25012002b546a8,21c6b5f155cb56ccb7e60208a5fd98cd3835d948ce98a296fe25012002b546a8,368314560,True,not_established_by_hash,RA---SIN;DEC--SIN;FELO-HEL,1024x1024x87x1,JY/BEAM,,,-0.0004166666768,not_validated_by_inventory,requires_source_specific_validation
NAME:NGC2976,HI_SPECTRAL_CUBE,work/private/things-observable-12gal-003/NGC_2976_NA_CUBE_THINGS.FITS,work/gravity-first-principles/things-cube-acquisition-001/receipt.json,https://things.www3.mpia.de/Data_files/NGC_2976_NA_CUBE_THINGS.FITS,e8ce711a354fcf9c76e7ba9afd9e55fa97df6169863d5473140f20f9c8250169,e8ce711a354fcf9c76e7ba9afd9e55fa97df6169863d5473140f20f9c8250169,191615040,True,not_established_by_hash,RA---SIN;DEC--SIN;VELO-HEL,1024x1024x42x1,JY/BEAM,,,-0.0004166666768,not_validated_by_inventory,requires_source_specific_validation
NAME:NGC3198,HI_SPECTRAL_CUBE,work/private/things-observable-12gal-003/NGC_3198_NA_CUBE_THINGS.FITS,work/gravity-first-principles/things-cube-acquisition-001/receipt.json,https://things.www3.mpia.de/Data_files/NGC_3198_NA_CUBE_THINGS.FITS,c047779288e354a06c664b144eff069b665b70a0730fe7d55513be79ca444168,c047779288e354a06c664b144eff069b665b70a0730fe7d55513be79ca444168,307483200,True,not_established_by_hash,RA---SIN;DEC--SIN;FREQ,1024x1024x72x1,JY/BEAM,,,-0.0004166666768,not_validated_by_inventory,requires_source_specific_validation
NAME:NGC2841,HI_SPECTRAL_CUBE,work/private/things-observable-12gal-003/NGC_2841_NA_CUBE_THINGS.FITS,work/gravity-first-principles/things-cube-acquisition-001/receipt.json,https://things.www3.mpia.de/Data_files/NGC_2841_NA_CUBE_THINGS.FITS,80e80d80e3f16e7d85eca6f977c4d31a9c63b99753b42f69eff16a6fd4b94b49,80e80d80e3f16e7d85eca6f977c4d31a9c63b99753b42f69eff16a6fd4b94b49,553720320,True,not_established_by_hash,RA---SIN;DEC--SIN;FELO-HEL,1024x1024x132x1,JY/BEAM,,,-0.0004166666768,not_validated_by_inventory,requires_source_specific_validation
NAME:IC2574,HI_SPECTRAL_CUBE,work/private/things-observable-12gal-003/IC_2574_NA_CUBE_THINGS.FITS,work/gravity-first-principles/things-cube-acquisition-001/receipt.json,https://things.www3.mpia.de/Data_files/IC_2574_NA_CUBE_THINGS.FITS,a9779550b152833627399454a834854d4cb54b6e1a17f8e280144120f16f4a47,a9779550b152833627399454a834854d4cb54b6e1a17f8e280144120f16f4a47,354562560,True,not_established_by_hash,RA---SIN;DEC--SIN;FELO-HEL,1024x1024x83x1,JY/BEAM,,,-0.0004166666768,not_validated_by_inventory,requires_source_specific_validation
NAME:NGC3521,HI_SPECTRAL_CUBE,work/private/things-observable-12gal-003/NGC_3521_NA_CUBE_THINGS.FITS,work/gravity-first-principles/things-cube-acquisition-001/receipt.json,https://things.www3.mpia.de/Data_files/NGC_3521_NA_CUBE_THINGS.FITS,da758b45e79f97e162e34ef2e0e2e6bde6646b17e9d7fb771f1e38fe1d8bc6db,da758b45e79f97e162e34ef2e0e2e6bde6646b17e9d7fb771f1e38fe1d8bc6db,457274880,True,not_established_by_hash,RA---SIN;DEC--SIN;FELO-HEL,1024x1024x109x1,JY/BEAM,,,-0.0004166666768,not_validated_by_inventory,requires_source_specific_validation
NAME:DDO154,HI_SPECTRAL_CUBE,work/private/things-observable-12gal-003/DDO154_NA_CUBE_THINGS.FITS,work/gravity-first-principles/things-cube-acquisition-001/receipt.json,https://things.www3.mpia.de/Data_files/DDO154_NA_CUBE_THINGS.FITS,cad83d02a09134ec668adb8d84092282ecbcea26fc9a29288367b35cd4c1662f,cad83d02a09134ec668adb8d84092282ecbcea26fc9a29288367b35cd4c1662f,242668800,True,not_established_by_hash,RA---SIN;DEC--SIN;FELO-HEL,1024x1024x57x1,JY/BEAM,,,-0.0004166666768,not_validated_by_inventory,requires_source_specific_validation
NAME:NGC4214,HI_SPECTRAL_CUBE,work/private/things-observable-12gal-003/NGC_4214_NA_CUBE_THINGS.FITS,work/gravity-first-principles/things-cube-acquisition-001/receipt.json,https://things.www3.mpia.de/Data_files/NGC_4214_NA_CUBE_THINGS.FITS,09b5a041ff8e73a9e01534739558b032ca6623859ba18ac0e5b6a6c6f783cd5c,09b5a041ff8e73a9e01534739558b032ca6623859ba18ac0e5b6a6c6f783cd5c,433926720,True,not_established_by_hash,RA---SIN;DEC--SIN;FELO-HEL,1024x1024x102x1,JY/BEAM,,,-0.0004166666768,not_validated_by_inventory,requires_source_specific_validation
NAME:NGC5055,HI_SPECTRAL_CUBE,work/private/things-observable-12gal-003/NGC_5055_NA_CUBE_THINGS.FITS,work/gravity-first-principles/things-cube-acquisition-001/receipt.json,https://things.www3.mpia.de/Data_files/NGC_5055_NA_CUBE_THINGS.FITS,43f9b440fbf1443ed1436bc700c89b0894028e0c97785a6f9d891ceae8aa92cd,43f9b440fbf1443ed1436bc700c89b0894028e0c97785a6f9d891ceae8aa92cd,368913600,True,not_established_by_hash,RA---SIN;DEC--SIN;FELO-HEL,1024x1024x87x1,JY/BEAM,,,-0.0004166666768,not_validated_by_inventory,requires_source_specific_validation
NAME:NGC6946,HI_SPECTRAL_CUBE,work/private/things-observable-12gal-003/NGC_6946_NA_CUBE_THINGS.FITS,work/gravity-first-principles/things-cube-acquisition-001/receipt.json,https://things.www3.mpia.de/Data_files/NGC_6946_NA_CUBE_THINGS.FITS,e8479696dcba7b55a7ef1bf3c9180948da01daeb95e0c993d00dc7e9b216e3de,e8479696dcba7b55a7ef1bf3c9180948da01daeb95e0c993d00dc7e9b216e3de,513633600,True,not_established_by_hash,RA---SIN;DEC--SIN;FREQ,1024x1024x115x1,JY/BEAM,,,-0.0004166666768,not_validated_by_inventory,requires_source_specific_validation
NAME:NGC7331,HI_SPECTRAL_CUBE,work/private/things-observable-12gal-003/NGC_7331_NA_CUBE_THINGS.FITS,work/gravity-first-principles/things-cube-acquisition-001/receipt.json,https://things.www3.mpia.de/Data_files/NGC_7331_NA_CUBE_THINGS.FITS,4adbedc2fd6fd50de2888a0f4699b5cb3953f17e45072944cd97728cc5530b80,4adbedc2fd6fd50de2888a0f4699b5cb3953f17e45072944cd97728cc5530b80,500348160,True,not_established_by_hash,RA---SIN;DEC--SIN;FELO-HEL,1024x1024x116x1,JY/BEAM,,,-0.0004166666768,not_validated_by_inventory,requires_source_specific_validation
NAME:UGC4305,STELLAR_IRAC1_FLUX,work/private/stellar-co-12gal-001/UGC04305__STELLAR_IRAC1_FLUX.fits,work/gravity-first-principles/stellar-co-acquisition-001/receipt.json,https://irsa.ipac.caltech.edu/data/SPITZER/SINGS/galaxies/hoii/IRAC/hoii_v7.phot.1.fits,e067f983c6158eb92917efeddced30932e890b80d24e1ee803113f13016db56c,e067f983c6158eb92917efeddced30932e890b80d24e1ee803113f13016db56c,10762560,True,not_established_by_hash,RA---TAN;DEC--TAN;,1529x1740,MJy/sr,,,,not_validated_by_inventory,requires_source_specific_validation
NAME:UGC4305,STELLAR_IRAC1_WEIGHT,work/private/stellar-co-12gal-001/UGC04305__STELLAR_IRAC1_WEIGHT.fits,work/gravity-first-principles/stellar-co-acquisition-001/receipt.json,https://irsa.ipac.caltech.edu/data/SPITZER/SINGS/galaxies/hoii/IRAC/hoii_v7.phot.1_wt.fits,97ee3875f61b59a2bd11e31210b6cffcfe6cfd52e15e01d68f51103d0081329e,97ee3875f61b59a2bd11e31210b6cffcfe6cfd52e15e01d68f51103d0081329e,10762560,True,not_established_by_hash,RA---TAN;DEC--TAN;,1529x1740,MJy/sr,,,,not_validated_by_inventory,requires_source_specific_validation
NAME:NGC2841,STELLAR_IRAC1_FLUX,work/private/stellar-co-12gal-001/NGC2841__STELLAR_IRAC1_FLUX.fits,work/gravity-first-principles/stellar-co-acquisition-001/receipt.json,https://irsa.ipac.caltech.edu/data/SPITZER/SINGS/galaxies/ngc2841/IRAC/ngc2841_v7.phot.1.fits,86137c3d5c8e8bd2ee0ba4a398e887462a9339b166531b510717d2bcbcde5e21,86137c3d5c8e8bd2ee0ba4a398e887462a9339b166531b510717d2bcbcde5e21,7764480,True,not_established_by_hash,RA---TAN;DEC--TAN;,1204x1594,MJy/sr,,,,not_validated_by_inventory,requires_source_specific_validation
NAME:NGC2841,STELLAR_IRAC1_WEIGHT,work/private/stellar-co-12gal-001/NGC2841__STELLAR_IRAC1_WEIGHT.fits,work/gravity-first-principles/stellar-co-acquisition-001/receipt.json,https://irsa.ipac.caltech.edu/data/SPITZER/SINGS/galaxies/ngc2841/IRAC/ngc2841_v7.phot.1_wt.fits,7aafc2372c4a48eeebc2a3f6fcac0a9b18d2769f2dfed064c406ac6312f5a88c,7aafc2372c4a48eeebc2a3f6fcac0a9b18d2769f2dfed064c406ac6312f5a88c,7764480,True,not_established_by_hash,RA---TAN;DEC--TAN;,1204x1594,MJy/sr,,,,not_validated_by_inventory,requires_source_specific_validation
NAME:UGC4305,CO21_MOM0,work/private/stellar-co-12gal-001/UGC04305__CO21_MOM0.fits.gz,work/gravity-first-principles/stellar-co-acquisition-001/receipt.json,https://www.iram.fr/ILPA/LP001/hoii_heracles_mom0.fits.gz,42ce156295ca5b14fe08c17ef41d3ad16c78791dc1baa9f29e8356c17b577b60,42ce156295ca5b14fe08c17ef41d3ad16c78791dc1baa9f29e8356c17b577b60,94899,True,not_established_by_hash,RA---TAN;DEC--TAN;VELOCITY,187x186,K KM/S,0.00372132751244,0.00372132751244,-0.000555556,not_validated_by_inventory,requires_source_specific_validation
NAME:UGC4305,CO21_EMOM0,work/private/stellar-co-12gal-001/UGC04305__CO21_EMOM0.fits.gz,work/gravity-first-principles/stellar-co-acquisition-001/receipt.json,https://www.iram.fr/ILPA/LP001/hoii_heracles_emom0.fits.gz,c9585183b63dcc10125f708e467f95aaeaaa48245081b399ae7e98ef91a02829,c9585183b63dcc10125f708e467f95aaeaaa48245081b399ae7e98ef91a02829,67274,True,not_established_by_hash,RA---TAN;DEC--TAN;VELOCITY,187x186,K KM/S,0.00372132751244,0.00372132751244,-0.000555556,not_validated_by_inventory,requires_source_specific_validation
NAME:NGC2903,STELLAR_MASS_MAP,work/private/stellar-co-12gal-001/NGC2903__STELLAR_MASS_MAP.fits,work/gravity-first-principles/stellar-co-acquisition-001/receipt.json,https://irsa.ipac.caltech.edu/data/SPITZER/S4G/galaxies/NGC2903/P5/NGC2903.stellar.fits,f2cf075245610e2acb9aca2f631a35510c7f71e32115066521fe40449d2dc417,f2cf075245610e2acb9aca2f631a35510c7f71e32115066521fe40449d2dc417,5811840,True,not_established_by_hash,RA---TAN;DEC--TAN;,1208x1152,MJy/sr,,,,not_validated_by_inventory,requires_source_specific_validation
NAME:NGC2903,STELLAR_ICA_MASK,work/private/stellar-co-12gal-001/NGC2903__STELLAR_ICA_MASK.fits,work/gravity-first-principles/stellar-co-acquisition-001/receipt.json,https://irsa.ipac.caltech.edu/data/SPITZER/S4G/galaxies/NGC2903/P5/NGC2903.ICAmask.fits,dae6f0899f79f8084afdaedaa0ede22bf595e2552d3f421a1c2e473e9eaf030e,dae6f0899f79f8084afdaedaa0ede22bf595e2552d3f421a1c2e473e9eaf030e,5811840,True,not_established_by_hash,RA---TAN;DEC--TAN;,1208x1152,MJy/sr,,,,not_validated_by_inventory,requires_source_specific_validation
NAME:NGC2841,CO21_MOM0,work/private/stellar-co-12gal-001/NGC2841__CO21_MOM0.fits.gz,work/gravity-first-principles/stellar-co-acquisition-001/receipt.json,https://www.iram.fr/ILPA/LP001/ngc2841_heracles_mom0.fits.gz,2bee49f249fef89d60ac9fd0d97ef7c21bacb19fe0f7c687520bd7cbe12f214c,2bee49f249fef89d60ac9fd0d97ef7c21bacb19fe0f7c687520bd7cbe12f214c,51732,True,not_established_by_hash,RA---TAN;DEC--TAN;VELOCITY,158x221,K KM/S,0.00372132751244,0.00372132751244,-0.000555556,not_validated_by_inventory,requires_source_specific_validation
NAME:NGC2903,STELLAR_COLOR_MAP,work/private/stellar-co-12gal-001/NGC2903__STELLAR_COLOR_MAP.fits,work/gravity-first-principles/stellar-co-acquisition-001/receipt.json,https://irsa.ipac.caltech.edu/data/SPITZER/S4G/galaxies/NGC2903/P5/NGC2903.colormap.fits,01c23688546f477a7685a8405c34f0cbff9e1aafdf59c93c29e048c3da6a5205,01c23688546f477a7685a8405c34f0cbff9e1aafdf59c93c29e048c3da6a5205,5811840,True,not_established_by_hash,RA---TAN;DEC--TAN;,1208x1152,MJy/sr,,,,not_validated_by_inventory,requires_source_specific_validation
NAME:NGC2841,CO21_EMOM0,work/private/stellar-co-12gal-001/NGC2841__CO21_EMOM0.fits.gz,work/gravity-first-principles/stellar-co-acquisition-001/receipt.json,https://www.iram.fr/ILPA/LP001/ngc2841_heracles_emom0.fits.gz,e6c009d26977b6811187fd2687d10e32065e28c99fa9fc069667b2cf6727ba9e,e6c009d26977b6811187fd2687d10e32065e28c99fa9fc069667b2cf6727ba9e,41387,True,not_established_by_hash,RA---TAN;DEC--TAN;VELOCITY,158x221,K KM/S,0.00372132751244,0.00372132751244,-0.000555556,not_validated_by_inventory,requires_source_specific_validation
NAME:NGC2976,STELLAR_MASS_MAP,work/private/stellar-co-12gal-001/NGC2976__STELLAR_MASS_MAP.fits,work/gravity-first-principles/stellar-co-acquisition-001/receipt.json,https://irsa.ipac.caltech.edu/data/SPITZER/S4G/galaxies/NGC2976/P5/NGC2976.stellar.fits,1f2f36ff4e80a85c3e6122057ed036174700c1bc6d1a946755642d00219ac260,1f2f36ff4e80a85c3e6122057ed036174700c1bc6d1a946755642d00219ac260,2494080,True,not_established_by_hash,RA---TAN;DEC--TAN;,742x811,MJy/sr,,,,not_validated_by_inventory,requires_source_specific_validation
NAME:NGC2976,STELLAR_ICA_MASK,work/private/stellar-co-12gal-001/NGC2976__STELLAR_ICA_MASK.fits,work/gravity-first-principles/stellar-co-acquisition-001/receipt.json,https://irsa.ipac.caltech.edu/data/SPITZER/S4G/galaxies/NGC2976/P5/NGC2976.ICAmask.fits,b014c66320b541a864ccd41654126ccd83da2102478ee1ddb4fb57dd2f96fdc0,b014c66320b541a864ccd41654126ccd83da2102478ee1ddb4fb57dd2f96fdc0,2494080,True,not_established_by_hash,RA---TAN;DEC--TAN;,742x811,MJy/sr,,,,not_validated_by_inventory,requires_source_specific_validation
NAME:NGC2976,STELLAR_COLOR_MAP,work/private/stellar-co-12gal-001/NGC2976__STELLAR_COLOR_MAP.fits,work/gravity-first-principles/stellar-co-acquisition-001/receipt.json,https://irsa.ipac.caltech.edu/data/SPITZER/S4G/galaxies/NGC2976/P5/NGC2976.colormap.fits,7e2793699d16100ea7b7eeed1c2e280e7ec6f38c4b106d864be1529f353692af,7e2793699d16100ea7b7eeed1c2e280e7ec6f38c4b106d864be1529f353692af,2494080,True,not_established_by_hash,RA---TAN;DEC--TAN;,742x811,MJy/sr,,,,not_validated_by_inventory,requires_source_specific_validation
NAME:NGC2903,CO21_MOM0,work/private/stellar-co-12gal-001/NGC2903__CO21_MOM0.fits.gz,work/gravity-first-principles/stellar-co-acquisition-001/receipt.json,https://www.iram.fr/ILPA/LP001/ngc2903_heracles_mom0.fits.gz,c863297e845a999acc0a5d258f94dc45b22d4fd9d35629b55fc95d61cb9ac82a,c863297e845a999acc0a5d258f94dc45b22d4fd9d35629b55fc95d61cb9ac82a,187506,True,not_established_by_hash,RA---TAN;DEC--TAN;VELOCITY,277x389,K KM/S,0.00372132751244,0.00372132751244,-0.000555556,not_validated_by_inventory,requires_source_specific_validation
NAME:NGC2903,CO21_EMOM0,work/private/stellar-co-12gal-001/NGC2903__CO21_EMOM0.fits.gz,work/gravity-first-principles/stellar-co-acquisition-001/receipt.json,https://www.iram.fr/ILPA/LP001/ngc2903_heracles_emom0.fits.gz,e60999c5e11779f9ef148f3d39b605e2d94afbe8c1e72babe6ce448e5aa54419,e60999c5e11779f9ef148f3d39b605e2d94afbe8c1e72babe6ce448e5aa54419,146800,True,not_established_by_hash,RA---TAN;DEC--TAN;VELOCITY,277x389,K KM/S,0.00372132751244,0.00372132751244,-0.000555556,not_validated_by_inventory,requires_source_specific_validation
NAME:NGC3198,STELLAR_MASS_MAP,work/private/stellar-co-12gal-001/NGC3198__STELLAR_MASS_MAP.fits,work/gravity-first-principles/stellar-co-acquisition-001/receipt.json,https://irsa.ipac.caltech.edu/data/SPITZER/S4G/galaxies/NGC3198/P5/NGC3198.stellar.fits,db2db49b15858e3bda491cb7657e5cadeeb7be2dbce29a1bbe48c66dbfc82478,db2db49b15858e3bda491cb7657e5cadeeb7be2dbce29a1bbe48c66dbfc82478,2580480,True,not_established_by_hash,RA---TAN;DEC--TAN;,701x891,MJy/sr,,,,not_validated_by_inventory,requires_source_specific_validation
NAME:NGC3198,STELLAR_ICA_MASK,work/private/stellar-co-12gal-001/NGC3198__STELLAR_ICA_MASK.fits,work/gravity-first-principles/stellar-co-acquisition-001/receipt.json,https://irsa.ipac.caltech.edu/data/SPITZER/S4G/galaxies/NGC3198/P5/NGC3198.ICAmask.fits,5f2c6804ed76ea44709aeb7e6a4245334dfac2d81f6b526963b6a620b6d6fc38,5f2c6804ed76ea44709aeb7e6a4245334dfac2d81f6b526963b6a620b6d6fc38,2580480,True,not_established_by_hash,RA---TAN;DEC--TAN;,701x891,MJy/sr,,,,not_validated_by_inventory,requires_source_specific_validation
NAME:NGC2976,CO21_MOM0,work/private/stellar-co-12gal-001/NGC2976__CO21_MOM0.fits.gz,work/gravity-first-principles/stellar-co-acquisition-001/receipt.json,https://www.iram.fr/ILPA/LP001/ngc2976_heracles_mom0.fits.gz,d6f3d6ece3d6f4842b2ac4164808bd75e80faf4df4f6229feac11c173120ae6b,d6f3d6ece3d6f4842b2ac4164808bd75e80faf4df4f6229feac11c173120ae6b,78615,True,not_established_by_hash,RA---TAN;DEC--TAN;VELOCITY,189x240,K KM/S,0.00372132751244,0.00372132751244,-0.000555556,not_validated_by_inventory,requires_source_specific_validation
NAME:NGC3198,STELLAR_COLOR_MAP,work/private/stellar-co-12gal-001/NGC3198__STELLAR_COLOR_MAP.fits,work/gravity-first-principles/stellar-co-acquisition-001/receipt.json,https://irsa.ipac.caltech.edu/data/SPITZER/S4G/galaxies/NGC3198/P5/NGC3198.colormap.fits,e4ec3502b160113767b6023190259f9fe650c369adc204ac8a951ed2ccdf32cd,e4ec3502b160113767b6023190259f9fe650c369adc204ac8a951ed2ccdf32cd,2580480,True,not_established_by_hash,RA---TAN;DEC--TAN;,701x891,MJy/sr,,,,not_validated_by_inventory,requires_source_specific_validation
NAME:NGC2976,CO21_EMOM0,work/private/stellar-co-12gal-001/NGC2976__CO21_EMOM0.fits.gz,work/gravity-first-principles/stellar-co-acquisition-001/receipt.json,https://www.iram.fr/ILPA/LP001/ngc2976_heracles_emom0.fits.gz,1c2ff252145e05f3d869947e786d843f716a82593ed1cd2786b33fff1b01f01e,1c2ff252145e05f3d869947e786d843f716a82593ed1cd2786b33fff1b01f01e,58731,True,not_established_by_hash,RA---TAN;DEC--TAN;VELOCITY,189x240,K KM/S,0.00372132751244,0.00372132751244,-0.000555556,not_validated_by_inventory,requires_source_specific_validation
NAME:IC2574,STELLAR_IRAC1_FLUX,work/private/stellar-co-12gal-001/IC2574__STELLAR_IRAC1_FLUX.fits,work/gravity-first-principles/stellar-co-acquisition-001/receipt.json,https://irsa.ipac.caltech.edu/data/SPITZER/SINGS/galaxies/ic2574/IRAC/ic2574_v7.phot.1.fits,2e7737755fcc26f39594b0fea8981ad619c3616c3ae9c5744a2d2c554ef845b8,2e7737755fcc26f39594b0fea8981ad619c3616c3ae9c5744a2d2c554ef845b8,20640960,True,not_established_by_hash,RA---TAN;DEC--TAN;,2228x2296,MJy/sr,,,,not_validated_by_inventory,requires_source_specific_validation
NAME:NGC3198,CO21_MOM0,work/private/stellar-co-12gal-001/NGC3198__CO21_MOM0.fits.gz,work/gravity-first-principles/stellar-co-acquisition-001/receipt.json,https://www.iram.fr/ILPA/LP001/ngc3198_heracles_mom0.fits.gz,b8934284edf8e7a99581576928dd0db2e006005f96cf61051e278aa184ac3c5f,b8934284edf8e7a99581576928dd0db2e006005f96cf61051e278aa184ac3c5f,55833,True,not_established_by_hash,RA---TAN;DEC--TAN;VELOCITY,185x222,K KM/S,0.00372132751244,0.00372132751244,-0.000555556,not_validated_by_inventory,requires_source_specific_validation
NAME:NGC3198,CO21_EMOM0,work/private/stellar-co-12gal-001/NGC3198__CO21_EMOM0.fits.gz,work/gravity-first-principles/stellar-co-acquisition-001/receipt.json,https://www.iram.fr/ILPA/LP001/ngc3198_heracles_emom0.fits.gz,04a4a15570113038a0b84754a5afc756e8441245279e8230cfc2a143e7fb8197,04a4a15570113038a0b84754a5afc756e8441245279e8230cfc2a143e7fb8197,45020,True,not_established_by_hash,RA---TAN;DEC--TAN;VELOCITY,185x222,K KM/S,0.00372132751244,0.00372132751244,-0.000555556,not_validated_by_inventory,requires_source_specific_validation
NAME:IC2574,STELLAR_IRAC1_WEIGHT,work/private/stellar-co-12gal-001/IC2574__STELLAR_IRAC1_WEIGHT.fits,work/gravity-first-principles/stellar-co-acquisition-001/receipt.json,https://irsa.ipac.caltech.edu/data/SPITZER/SINGS/galaxies/ic2574/IRAC/ic2574_v7.phot.1_wt.fits,75375a84bb992c09b49f155cdd9b69e7e35a24baea9fc10f8c20bac82c83591d,75375a84bb992c09b49f155cdd9b69e7e35a24baea9fc10f8c20bac82c83591d,20640960,True,not_established_by_hash,RA---TAN;DEC--TAN;,2228x2296,MJy/sr,,,,not_validated_by_inventory,requires_source_specific_validation
NAME:NGC3521,STELLAR_MASS_MAP,work/private/stellar-co-12gal-001/NGC3521__STELLAR_MASS_MAP.fits,work/gravity-first-principles/stellar-co-acquisition-001/receipt.json,https://irsa.ipac.caltech.edu/data/SPITZER/S4G/galaxies/NGC3521/P5/NGC3521.stellar.fits,c3478c84d3721af5bf4507fc710c3eb1d76f846041b507e5882cfa80b022eb85,c3478c84d3721af5bf4507fc710c3eb1d76f846041b507e5882cfa80b022eb85,3245760,True,not_established_by_hash,RA---TAN;DEC--TAN;,817x956,MJy/sr,,,,not_validated_by_inventory,requires_source_specific_validation
NAME:NGC3521,STELLAR_ICA_MASK,work/private/stellar-co-12gal-001/NGC3521__STELLAR_ICA_MASK.fits,work/gravity-first-principles/stellar-co-acquisition-001/receipt.json,https://irsa.ipac.caltech.edu/data/SPITZER/S4G/galaxies/NGC3521/P5/NGC3521.ICAmask.fits,221b951bb170970fd9d2ffa240d0bf508bca201bf33dcad3ff0f8912591765fa,221b951bb170970fd9d2ffa240d0bf508bca201bf33dcad3ff0f8912591765fa,3245760,True,not_established_by_hash,RA---TAN;DEC--TAN;,817x956,MJy/sr,,,,not_validated_by_inventory,requires_source_specific_validation
NAME:NGC3521,STELLAR_COLOR_MAP,work/private/stellar-co-12gal-001/NGC3521__STELLAR_COLOR_MAP.fits,work/gravity-first-principles/stellar-co-acquisition-001/receipt.json,https://irsa.ipac.caltech.edu/data/SPITZER/S4G/galaxies/NGC3521/P5/NGC3521.colormap.fits,ee2ebb9b54ec2b261552f7e280ba09065678c0422f624c9af9098c22d28207d5,ee2ebb9b54ec2b261552f7e280ba09065678c0422f624c9af9098c22d28207d5,3245760,True,not_established_by_hash,RA---TAN;DEC--TAN;,817x956,MJy/sr,,,,not_validated_by_inventory,requires_source_specific_validation
NAME:IC2574,CO21_EMOM0,work/private/stellar-co-12gal-001/IC2574__CO21_EMOM0.fits.gz,work/gravity-first-principles/stellar-co-acquisition-001/receipt.json,https://www.iram.fr/ILPA/LP001/ic2574_heracles_emom0.fits.gz,25d943c23760863ab3329d6581308258d5dc32f2fc54594371eb0c25f8ea0777,25d943c23760863ab3329d6581308258d5dc32f2fc54594371eb0c25f8ea0777,152065,True,not_established_by_hash,RA---TAN;DEC--TAN;VELOCITY,432x387,K KM/S,0.00372132751244,0.00372132751244,-0.000555556,not_validated_by_inventory,requires_source_specific_validation
NAME:IC2574,CO21_MOM0,work/private/stellar-co-12gal-001/IC2574__CO21_MOM0.fits.gz,work/gravity-first-principles/stellar-co-acquisition-001/receipt.json,https://www.iram.fr/ILPA/LP001/ic2574_heracles_mom0.fits.gz,bbdcb1ad6b1e8037560a04cc6764174a3e9612ed5677f695eb55549c8b66e55c,bbdcb1ad6b1e8037560a04cc6764174a3e9612ed5677f695eb55549c8b66e55c,218024,True,not_established_by_hash,RA---TAN;DEC--TAN;VELOCITY,432x387,K KM/S,0.00372132751244,0.00372132751244,-0.000555556,not_validated_by_inventory,requires_source_specific_validation
NAME:NGC4214,STELLAR_MASS_MAP,work/private/stellar-co-12gal-001/NGC4214__STELLAR_MASS_MAP.fits,work/gravity-first-principles/stellar-co-acquisition-001/receipt.json,https://irsa.ipac.caltech.edu/data/SPITZER/S4G/galaxies/NGC4214/P5/NGC4214.stellar.fits,0889550c0fe78f738b75ff2ee1828316f71b4931a0f9177fcaaf1a5e87d6ebbe,0889550c0fe78f738b75ff2ee1828316f71b4931a0f9177fcaaf1a5e87d6ebbe,1512000,True,not_established_by_hash,RA---TAN;DEC--TAN;,636x574,MJy/sr,,,,not_validated_by_inventory,requires_source_specific_validation
NAME:NGC4214,STELLAR_ICA_MASK,work/private/stellar-co-12gal-001/NGC4214__STELLAR_ICA_MASK.fits,work/gravity-first-principles/stellar-co-acquisition-001/receipt.json,https://irsa.ipac.caltech.edu/data/SPITZER/S4G/galaxies/NGC4214/P5/NGC4214.ICAmask.fits,305eebb1edd053a70851302cd464dd9c8a5bcf70e49e041e00f79c137c8e905a,305eebb1edd053a70851302cd464dd9c8a5bcf70e49e041e00f79c137c8e905a,1512000,True,not_established_by_hash,RA---TAN;DEC--TAN;,636x574,MJy/sr,,,,not_validated_by_inventory,requires_source_specific_validation
NAME:NGC3521,CO21_MOM0,work/private/stellar-co-12gal-001/NGC3521__CO21_MOM0.fits.gz,work/gravity-first-principles/stellar-co-acquisition-001/receipt.json,https://www.iram.fr/ILPA/LP001/ngc3521_heracles_mom0.fits.gz,1f85d84f38023a31fb2b9d1748a5e8b371590ce358eac44f1e5c70962a22f7ce,1f85d84f38023a31fb2b9d1748a5e8b371590ce358eac44f1e5c70962a22f7ce,98015,True,not_established_by_hash,RA---TAN;DEC--TAN;VELOCITY,191x275,K KM/S,0.00372132751244,0.00372132751244,-0.000555556,not_validated_by_inventory,requires_source_specific_validation
NAME:NGC4214,STELLAR_COLOR_MAP,work/private/stellar-co-12gal-001/NGC4214__STELLAR_COLOR_MAP.fits,work/gravity-first-principles/stellar-co-acquisition-001/receipt.json,https://irsa.ipac.caltech.edu/data/SPITZER/S4G/galaxies/NGC4214/P5/NGC4214.colormap.fits,8905d9f4b416bfc96f2dff0ecd6362f356375f9bb67fe49f9bfc22e774a8b8a0,8905d9f4b416bfc96f2dff0ecd6362f356375f9bb67fe49f9bfc22e774a8b8a0,1512000,True,not_established_by_hash,RA---TAN;DEC--TAN;,636x574,MJy/sr,,,,not_validated_by_inventory,requires_source_specific_validation
NAME:NGC3521,CO21_EMOM0,work/private/stellar-co-12gal-001/NGC3521__CO21_EMOM0.fits.gz,work/gravity-first-principles/stellar-co-acquisition-001/receipt.json,https://www.iram.fr/ILPA/LP001/ngc3521_heracles_emom0.fits.gz,9f241c09fe6f91e29f23bfc37ae3be427abcbb8c21a16305ab7224e2097162d6,9f241c09fe6f91e29f23bfc37ae3be427abcbb8c21a16305ab7224e2097162d6,75203,True,not_established_by_hash,RA---TAN;DEC--TAN;VELOCITY,191x275,K KM/S,0.00372132751244,0.00372132751244,-0.000555556,not_validated_by_inventory,requires_source_specific_validation
NAME:DDO154,STELLAR_IRAC1_FLUX,work/private/stellar-co-12gal-001/DDO154__STELLAR_IRAC1_FLUX.fits,work/gravity-first-principles/stellar-co-acquisition-001/receipt.json,https://irsa.ipac.caltech.edu/data/SPITZER/SINGS/galaxies/ddo154/IRAC/ddo154_v7.phot.1.fits,591fae1ffb4b035d3e96882fb5d6c895a279d481ec3de0919c180b102463d68f,591fae1ffb4b035d3e96882fb5d6c895a279d481ec3de0919c180b102463d68f,4037760,True,not_established_by_hash,RA---TAN;DEC--TAN;,982x1014,MJy/sr,,,,not_validated_by_inventory,requires_source_specific_validation
NAME:DDO154,STELLAR_IRAC1_WEIGHT,work/private/stellar-co-12gal-001/DDO154__STELLAR_IRAC1_WEIGHT.fits,work/gravity-first-principles/stellar-co-acquisition-001/receipt.json,https://irsa.ipac.caltech.edu/data/SPITZER/SINGS/galaxies/ddo154/IRAC/ddo154_v7.phot.1_wt.fits,3389f7203c6653d4fea2f31891693090b918a1fc77481f67f2707026bac580d5,3389f7203c6653d4fea2f31891693090b918a1fc77481f67f2707026bac580d5,4037760,True,not_established_by_hash,RA---TAN;DEC--TAN;,982x1014,MJy/sr,,,,not_validated_by_inventory,requires_source_specific_validation
NAME:NGC4214,CO21_MOM0,work/private/stellar-co-12gal-001/NGC4214__CO21_MOM0.fits.gz,work/gravity-first-principles/stellar-co-acquisition-001/receipt.json,https://www.iram.fr/ILPA/LP001/ngc4214_heracles_mom0.fits.gz,58a3985129e8d1845a88af92d28040262107eea337b5baf47d47e7bee5c11272,58a3985129e8d1845a88af92d28040262107eea337b5baf47d47e7bee5c11272,73423,True,not_established_by_hash,RA---TAN;DEC--TAN;VELOCITY,193x195,K KM/S,0.00372132751244,0.00372132751244,-0.000555556,not_validated_by_inventory,requires_source_specific_validation
NAME:NGC4214,CO21_EMOM0,work/private/stellar-co-12gal-001/NGC4214__CO21_EMOM0.fits.gz,work/gravity-first-principles/stellar-co-acquisition-001/receipt.json,https://www.iram.fr/ILPA/LP001/ngc4214_heracles_emom0.fits.gz,e338e65a491822253e84b7f0b6c944b16be3b46e2e6fdcdb0453cb9ee5d28ab0,e338e65a491822253e84b7f0b6c944b16be3b46e2e6fdcdb0453cb9ee5d28ab0,51260,True,not_established_by_hash,RA---TAN;DEC--TAN;VELOCITY,193x195,K KM/S,0.00372132751244,0.00372132751244,-0.000555556,not_validated_by_inventory,requires_source_specific_validation
NAME:NGC5055,STELLAR_IRAC1_FLUX,work/private/stellar-co-12gal-001/NGC5055__STELLAR_IRAC1_FLUX.fits,work/gravity-first-principles/stellar-co-acquisition-001/receipt.json,https://irsa.ipac.caltech.edu/data/SPITZER/SINGS/galaxies/ngc5055/IRAC/ngc5055_v7.phot.1.fits,865a781d30a9284c4b637ea06e8b626acee675b8d21bed6206817f1a3f298e69,865a781d30a9284c4b637ea06e8b626acee675b8d21bed6206817f1a3f298e69,22357440,True,not_established_by_hash,RA---TAN;DEC--TAN;,2278x2436,MJy/sr,,,,not_validated_by_inventory,requires_source_specific_validation
NAME:DDO154,CO21_EMOM0,work/private/stellar-co-12gal-001/DDO154__CO21_EMOM0.fits.gz,work/gravity-first-principles/stellar-co-acquisition-001/receipt.json,https://www.iram.fr/ILPA/LP001/ddo154_heracles_emom0.fits.gz,e47dccab801f92a63caf3456fc3027934d0e7311119697db2f66a0d9e7f34881,e47dccab801f92a63caf3456fc3027934d0e7311119697db2f66a0d9e7f34881,28343,True,not_established_by_hash,RA---TAN;DEC--TAN;VELOCITY,165x158,K KM/S,0.00372132751244,0.00372132751244,-0.000555556,not_validated_by_inventory,requires_source_specific_validation
NAME:DDO154,CO21_MOM0,work/private/stellar-co-12gal-001/DDO154__CO21_MOM0.fits.gz,work/gravity-first-principles/stellar-co-acquisition-001/receipt.json,https://www.iram.fr/ILPA/LP001/ddo154_heracles_mom0.fits.gz,df2efc5ce9e25d8fa9634a51eb43776a8ea11c838044eb17fac9df0ef42bdb44,df2efc5ce9e25d8fa9634a51eb43776a8ea11c838044eb17fac9df0ef42bdb44,41284,True,not_established_by_hash,RA---TAN;DEC--TAN;VELOCITY,165x158,K KM/S,0.00372132751244,0.00372132751244,-0.000555556,not_validated_by_inventory,requires_source_specific_validation
NAME:NGC5055,STELLAR_IRAC1_WEIGHT,work/private/stellar-co-12gal-001/NGC5055__STELLAR_IRAC1_WEIGHT.fits,work/gravity-first-principles/stellar-co-acquisition-001/receipt.json,https://irsa.ipac.caltech.edu/data/SPITZER/SINGS/galaxies/ngc5055/IRAC/ngc5055_v7.phot.1_wt.fits,53819adfeb50ad11b7315b8948af386aa04a56b746790294c5b3ad38d0f4a225,53819adfeb50ad11b7315b8948af386aa04a56b746790294c5b3ad38d0f4a225,22357440,True,not_established_by_hash,RA---TAN;DEC--TAN;,2278x2436,MJy/sr,,,,not_validated_by_inventory,requires_source_specific_validation
NAME:NGC6946,STELLAR_IRAC1_FLUX,work/private/stellar-co-12gal-001/NGC6946__STELLAR_IRAC1_FLUX.fits,work/gravity-first-principles/stellar-co-acquisition-001/receipt.json,https://irsa.ipac.caltech.edu/data/SPITZER/SINGS/galaxies/ngc6946/IRAC/ngc6946_v7.phot.1.fits,f72a95796f27e6b47a408ece3f4bab41ce4b8e33e7a8f6459867c61d781bdf7d,f72a95796f27e6b47a408ece3f4bab41ce4b8e33e7a8f6459867c61d781bdf7d,23135040,True,not_established_by_hash,RA---TAN;DEC--TAN;,2246x2555,MJy/sr,,,,not_validated_by_inventory,requires_source_specific_validation
NAME:NGC5055,CO21_EMOM0,work/private/stellar-co-12gal-001/NGC5055__CO21_EMOM0.fits.gz,work/gravity-first-principles/stellar-co-acquisition-001/receipt.json,https://www.iram.fr/ILPA/LP001/ngc5055_heracles_emom0.fits.gz,db86daa4843a556eca4765e8be52ad37d556c0485565ab9e02918e748deeb806,db86daa4843a556eca4765e8be52ad37d556c0485565ab9e02918e748deeb806,174764,True,not_established_by_hash,RA---TAN;DEC--TAN;VELOCITY,453x152,K KM/S,0.00372132751244,0.00372132751244,-0.000555556,not_validated_by_inventory,requires_source_specific_validation
NAME:NGC5055,CO21_MOM0,work/private/stellar-co-12gal-001/NGC5055__CO21_MOM0.fits.gz,work/gravity-first-principles/stellar-co-acquisition-001/receipt.json,https://www.iram.fr/ILPA/LP001/ngc5055_heracles_mom0.fits.gz,410c86d93296fab41e0a90916c7126a86738a7cb9e11f264b70b5c9d95837f98,410c86d93296fab41e0a90916c7126a86738a7cb9e11f264b70b5c9d95837f98,219136,True,not_established_by_hash,RA---TAN;DEC--TAN;VELOCITY,453x152,K KM/S,0.00372132751244,0.00372132751244,-0.000555556,not_validated_by_inventory,requires_source_specific_validation
NAME:NGC6946,STELLAR_IRAC1_WEIGHT,work/private/stellar-co-12gal-001/NGC6946__STELLAR_IRAC1_WEIGHT.fits,work/gravity-first-principles/stellar-co-acquisition-001/receipt.json,https://irsa.ipac.caltech.edu/data/SPITZER/SINGS/galaxies/ngc6946/IRAC/ngc6946_v7.phot.1_wt.fits,c2cf44631e726a656b1c998ca71fd443bf3a84904b97c98de8bf89e9cf516102,c2cf44631e726a656b1c998ca71fd443bf3a84904b97c98de8bf89e9cf516102,23135040,True,not_established_by_hash,RA---TAN;DEC--TAN;,2246x2555,MJy/sr,,,,not_validated_by_inventory,requires_source_specific_validation
NAME:NGC7331,STELLAR_IRAC1_FLUX,work/private/stellar-co-12gal-001/NGC7331__STELLAR_IRAC1_FLUX.fits,work/gravity-first-principles/stellar-co-acquisition-001/receipt.json,https://irsa.ipac.caltech.edu/data/SPITZER/SINGS/galaxies/ngc7331/IRAC/ngc7331_v7.phot.1.fits,ec2900c44a8d90f75330a796e1ae83feaef0ea7d4345f7947940bc07738bb17a,ec2900c44a8d90f75330a796e1ae83feaef0ea7d4345f7947940bc07738bb17a,10995840,True,not_established_by_hash,RA---TAN;DEC--TAN;,1460x1860,MJy/sr,,,,not_validated_by_inventory,requires_source_specific_validation
NAME:NGC7331,STELLAR_IRAC1_WEIGHT,work/private/stellar-co-12gal-001/NGC7331__STELLAR_IRAC1_WEIGHT.fits,work/gravity-first-principles/stellar-co-acquisition-001/receipt.json,https://irsa.ipac.caltech.edu/data/SPITZER/SINGS/galaxies/ngc7331/IRAC/ngc7331_v7.phot.1_wt.fits,ea9de305ded0969005c4d5d0116959d56a249c5b639f20d259fe34a99b8c3ef3,ea9de305ded0969005c4d5d0116959d56a249c5b639f20d259fe34a99b8c3ef3,10995840,True,not_established_by_hash,RA---TAN;DEC--TAN;,1460x1860,MJy/sr,,,,not_validated_by_inventory,requires_source_specific_validation
NAME:NGC6946,CO21_EMOM0,work/private/stellar-co-12gal-001/NGC6946__CO21_EMOM0.fits.gz,work/gravity-first-principles/stellar-co-acquisition-001/receipt.json,https://www.iram.fr/ILPA/LP001/ngc6946_heracles_emom0.fits.gz,80fe57e3904da7d8b6394bda771bef9e095a9a97e4ced8aa91e15e31aaf7585c,80fe57e3904da7d8b6394bda771bef9e095a9a97e4ced8aa91e15e31aaf7585c,328530,True,not_established_by_hash,RA---TAN;DEC--TAN;VELOCITY,365x359,K KM/S,0.00372132751244,0.00372132751244,-0.000555556,not_validated_by_inventory,requires_source_specific_validation
NAME:NGC6946,CO21_MOM0,work/private/stellar-co-12gal-001/NGC6946__CO21_MOM0.fits.gz,work/gravity-first-principles/stellar-co-acquisition-001/receipt.json,https://www.iram.fr/ILPA/LP001/ngc6946_heracles_mom0.fits.gz,c94e1907d231748a6cb5487f310f9f5431f9552f38d888a86f2728d20aa707fc,c94e1907d231748a6cb5487f310f9f5431f9552f38d888a86f2728d20aa707fc,447471,True,not_established_by_hash,RA---TAN;DEC--TAN;VELOCITY,365x359,K KM/S,0.00372132751244,0.00372132751244,-0.000555556,not_validated_by_inventory,requires_source_specific_validation
NAME:NGC7331,CO21_MOM0,work/private/stellar-co-12gal-001/NGC7331__CO21_MOM0.fits.gz,work/gravity-first-principles/stellar-co-acquisition-001/receipt.json,https://www.iram.fr/ILPA/LP001/ngc7331_heracles_mom0.fits.gz,62fcd43b238758ec82dbf3e7fc7fc30f6a5a6b9daae2a8be2a6f99162dfd7cd0,62fcd43b238758ec82dbf3e7fc7fc30f6a5a6b9daae2a8be2a6f99162dfd7cd0,111114,True,not_established_by_hash,RA---TAN;DEC--TAN;VELOCITY,168x309,K KM/S,0.00372132751244,0.00372132751244,-0.000555556,not_validated_by_inventory,requires_source_specific_validation
NAME:NGC7331,CO21_EMOM0,work/private/stellar-co-12gal-001/NGC7331__CO21_EMOM0.fits.gz,work/gravity-first-principles/stellar-co-acquisition-001/receipt.json,https://www.iram.fr/ILPA/LP001/ngc7331_heracles_emom0.fits.gz,15a3f1ea2acfdf7374451a2ba1ba24c8228cf25b248fef2eafdcbdddefc67a3a,15a3f1ea2acfdf7374451a2ba1ba24c8228cf25b248fef2eafdcbdddefc67a3a,83149,True,not_established_by_hash,RA---TAN;DEC--TAN;VELOCITY,168x309,K KM/S,0.00372132751244,0.00372132751244,-0.000555556,not_validated_by_inventory,requires_source_specific_validation
NAME:UGC4305,HI_MOMENT_0,work/private/things-observable-12gal-003/HO_II_NA_MOM0_THINGS.FITS,work/gravity-first-principles/things-observable-acquisition-003/receipt.json,https://things.www3.mpia.de/Data_files/HO_II_NA_MOM0_THINGS.FITS,246462ee6192a9b7e45959b3df0891882c5555a87e9a7c91a576c6f3887fbad5,246462ee6192a9b7e45959b3df0891882c5555a87e9a7c91a576c6f3887fbad5,4239360,True,not_established_by_hash,RA---SIN;DEC--SIN;STOKES,1024x1024x1x1,JY/B*M/S,,,-0.0004166666768,not_validated_by_inventory,requires_source_specific_validation
NAME:UGC4305,HI_MOMENT_1,work/private/things-observable-12gal-003/HO_II_NA_MOM1_THINGS.FITS,work/gravity-first-principles/things-observable-acquisition-003/receipt.json,https://things.www3.mpia.de/Data_files/HO_II_NA_MOM1_THINGS.FITS,5475063648b62ea4c950d5afe0ee104e4a3ec2067510930ac04b4b5d72e87702,5475063648b62ea4c950d5afe0ee104e4a3ec2067510930ac04b4b5d72e87702,4236480,True,not_established_by_hash,RA---SIN;DEC--SIN;STOKES,1024x1024x1x1,METR/SEC,,,-0.0004166666768,not_validated_by_inventory,requires_source_specific_validation
NAME:UGC4305,HI_MOMENT_2,work/private/things-observable-12gal-003/HO_II_NA_MOM2_THINGS.FITS,work/gravity-first-principles/things-observable-acquisition-003/receipt.json,https://things.www3.mpia.de/Data_files/HO_II_NA_MOM2_THINGS.FITS,9191f633b92fad9c0a1fefa4074a1ba5a3157287a78f602ea614d60dcf02874f,9191f633b92fad9c0a1fefa4074a1ba5a3157287a78f602ea614d60dcf02874f,4236480,True,not_established_by_hash,RA---SIN;DEC--SIN;STOKES,1024x1024x1x1,METR/SEC,,,-0.0004166666768,not_validated_by_inventory,requires_source_specific_validation
NAME:UGC4305,HI_MOMENT_0,work/private/things-observable-12gal-003/HO_II_RO_MOM0_THINGS.FITS,work/gravity-first-principles/things-observable-acquisition-003/receipt.json,https://things.www3.mpia.de/Data_files/HO_II_RO_MOM0_THINGS.FITS,178d78b198d43df6768ab0effe300d8744480ba2db4b4dac593dec1a66e8fa1e,178d78b198d43df6768ab0effe300d8744480ba2db4b4dac593dec1a66e8fa1e,4239360,True,not_established_by_hash,RA---SIN;DEC--SIN;STOKES,1024x1024x1x1,JY/B*M/S,,,-0.0004166666768,not_validated_by_inventory,requires_source_specific_validation
NAME:UGC4305,HI_MOMENT_2,work/private/things-observable-12gal-003/HO_II_RO_MOM2_THINGS.FITS,work/gravity-first-principles/things-observable-acquisition-003/receipt.json,https://things.www3.mpia.de/Data_files/HO_II_RO_MOM2_THINGS.FITS,f2836f1026ce9f4720034654d0e7130e06a5c6b8968b7d2da858937507e84e1d,f2836f1026ce9f4720034654d0e7130e06a5c6b8968b7d2da858937507e84e1d,4239360,True,not_established_by_hash,RA---SIN;DEC--SIN;STOKES,1024x1024x1x1,METR/SEC,,,-0.0004166666768,not_validated_by_inventory,requires_source_specific_validation
NAME:UGC4305,HI_MOMENT_1,work/private/things-observable-12gal-003/HO_II_RO_MOM1_THINGS.FITS,work/gravity-first-principles/things-observable-acquisition-003/receipt.json,https://things.www3.mpia.de/Data_files/HO_II_RO_MOM1_THINGS.FITS,c15745762d1fd7beb3608b3e0382e5716d45aa4c03e562739d7aab583a283bba,c15745762d1fd7beb3608b3e0382e5716d45aa4c03e562739d7aab583a283bba,4239360,True,not_established_by_hash,RA---SIN;DEC--SIN;STOKES,1024x1024x1x1,METR/SEC,,,-0.0004166666768,not_validated_by_inventory,requires_source_specific_validation
NAME:NGC2841,HI_MOMENT_0,work/private/things-observable-12gal-003/NGC_2841_NA_MOM0_THINGS.FITS,work/gravity-first-principles/things-observable-acquisition-003/receipt.json,https://things.www3.mpia.de/Data_files/NGC_2841_NA_MOM0_THINGS.FITS,28b434cd4ad11732a95f85b6fb86b050fc815750ad811510960b6801deee6625,28b434cd4ad11732a95f85b6fb86b050fc815750ad811510960b6801deee6625,4273920,True,not_established_by_hash,RA---SIN;DEC--SIN;STOKES,1024x1024x1x1,JY/B*M/S,,,-0.0004166666768,not_validated_by_inventory,requires_source_specific_validation
NAME:NGC2841,HI_MOMENT_1,work/private/things-observable-12gal-003/NGC_2841_NA_MOM1_THINGS.FITS,work/gravity-first-principles/things-observable-acquisition-003/receipt.json,https://things.www3.mpia.de/Data_files/NGC_2841_NA_MOM1_THINGS.FITS,dcd022486ff3ac591c1c2804c30003a9f01b7605d260d02cc666998e2b13f1b8,dcd022486ff3ac591c1c2804c30003a9f01b7605d260d02cc666998e2b13f1b8,4271040,True,not_established_by_hash,RA---SIN;DEC--SIN;STOKES,1024x1024x1x1,METR/SEC,,,-0.0004166666768,not_validated_by_inventory,requires_source_specific_validation
NAME:NGC2841,HI_MOMENT_2,work/private/things-observable-12gal-003/NGC_2841_NA_MOM2_THINGS.FITS,work/gravity-first-principles/things-observable-acquisition-003/receipt.json,https://things.www3.mpia.de/Data_files/NGC_2841_NA_MOM2_THINGS.FITS,1075f5901755b9d3cabe8337713c620199293aa82a910e3f60672bd697baf5c8,1075f5901755b9d3cabe8337713c620199293aa82a910e3f60672bd697baf5c8,4271040,True,not_established_by_hash,RA---SIN;DEC--SIN;STOKES,1024x1024x1x1,METR/SEC,,,-0.0004166666768,not_validated_by_inventory,requires_source_specific_validation
NAME:NGC2841,HI_MOMENT_0,work/private/things-observable-12gal-003/NGC_2841_RO_MOM0_THINGS.FITS,work/gravity-first-principles/things-observable-acquisition-003/receipt.json,https://things.www3.mpia.de/Data_files/NGC_2841_RO_MOM0_THINGS.FITS,859420fd952942261ee491ff789b32660765cac9297a8a9708f7e91957791b95,859420fd952942261ee491ff789b32660765cac9297a8a9708f7e91957791b95,4273920,True,not_established_by_hash,RA---SIN;DEC--SIN;STOKES,1024x1024x1x1,JY/B*M/S,,,-0.0004166666768,not_validated_by_inventory,requires_source_specific_validation
NAME:NGC2841,HI_MOMENT_2,work/private/things-observable-12gal-003/NGC_2841_RO_MOM2_THINGS.FITS,work/gravity-first-principles/things-observable-acquisition-003/receipt.json,https://things.www3.mpia.de/Data_files/NGC_2841_RO_MOM2_THINGS.FITS,abf380edde4fbf5096b19cd1daf75fe1185c699d728d6291109fda8f12a46e4c,abf380edde4fbf5096b19cd1daf75fe1185c699d728d6291109fda8f12a46e4c,4271040,True,not_established_by_hash,RA---SIN;DEC--SIN;STOKES,1024x1024x1x1,METR/SEC,,,-0.0004166666768,not_validated_by_inventory,requires_source_specific_validation
NAME:NGC2841,HI_MOMENT_1,work/private/things-observable-12gal-003/NGC_2841_RO_MOM1_THINGS.FITS,work/gravity-first-principles/things-observable-acquisition-003/receipt.json,https://things.www3.mpia.de/Data_files/NGC_2841_RO_MOM1_THINGS.FITS,3ad6159c33513ec27d9b1322a9e2f0ca6fdf2017deead6ec508bdbac149b3555,3ad6159c33513ec27d9b1322a9e2f0ca6fdf2017deead6ec508bdbac149b3555,4271040,True,not_established_by_hash,RA---SIN;DEC--SIN;STOKES,1024x1024x1x1,METR/SEC,,,-0.0004166666768,not_validated_by_inventory,requires_source_specific_validation
NAME:NGC2903,HI_MOMENT_0,work/private/things-observable-12gal-003/NGC_2903_NA_MOM0_THINGS.FITS,work/gravity-first-principles/things-observable-acquisition-003/receipt.json,https://things.www3.mpia.de/Data_files/NGC_2903_NA_MOM0_THINGS.FITS,dcbc9e3e7a6ed194d8065d636e62e99ae24b769b9bfe8dfe04e2365920f942de,dcbc9e3e7a6ed194d8065d636e62e99ae24b769b9bfe8dfe04e2365920f942de,4253760,True,not_established_by_hash,RA---SIN;DEC--SIN;STOKES,1024x1024x1x1,JY/B*M/S,,,-0.0004166666768,not_validated_by_inventory,requires_source_specific_validation
NAME:NGC2903,HI_MOMENT_1,work/private/things-observable-12gal-003/NGC_2903_NA_MOM1_THINGS.FITS,work/gravity-first-principles/things-observable-acquisition-003/receipt.json,https://things.www3.mpia.de/Data_files/NGC_2903_NA_MOM1_THINGS.FITS,91e3edf22da6ec3160aad9006ea183a850dcc106e4519ae3ab9e83c3619029e3,91e3edf22da6ec3160aad9006ea183a850dcc106e4519ae3ab9e83c3619029e3,4253760,True,not_established_by_hash,RA---SIN;DEC--SIN;STOKES,1024x1024x1x1,METR/SEC,,,-0.0004166666768,not_validated_by_inventory,requires_source_specific_validation
NAME:NGC2903,HI_MOMENT_2,work/private/things-observable-12gal-003/NGC_2903_NA_MOM2_THINGS.FITS,work/gravity-first-principles/things-observable-acquisition-003/receipt.json,https://things.www3.mpia.de/Data_files/NGC_2903_NA_MOM2_THINGS.FITS,295f8bdfdb807add0ea0d4f627e9fafa93761b459da925c1f31560091eaa3ce4,295f8bdfdb807add0ea0d4f627e9fafa93761b459da925c1f31560091eaa3ce4,4253760,True,not_established_by_hash,RA---SIN;DEC--SIN;STOKES,1024x1024x1x1,METR/SEC,,,-0.0004166666768,not_validated_by_inventory,requires_source_specific_validation
NAME:NGC2903,HI_MOMENT_0,work/private/things-observable-12gal-003/NGC_2903_RO_MOM0_THINGS.FITS,work/gravity-first-principles/things-observable-acquisition-003/receipt.json,https://things.www3.mpia.de/Data_files/NGC_2903_RO_MOM0_THINGS.FITS,ed44a7fb449186d63133b738200af1b8eaca0072f10ccf1cf7b02af93e0b4f77,ed44a7fb449186d63133b738200af1b8eaca0072f10ccf1cf7b02af93e0b4f77,4253760,True,not_established_by_hash,RA---SIN;DEC--SIN;STOKES,1024x1024x1x1,JY/B*M/S,,,-0.0004166666768,not_validated_by_inventory,requires_source_specific_validation
NAME:NGC2903,HI_MOMENT_1,work/private/things-observable-12gal-003/NGC_2903_RO_MOM1_THINGS.FITS,work/gravity-first-principles/things-observable-acquisition-003/receipt.json,https://things.www3.mpia.de/Data_files/NGC_2903_RO_MOM1_THINGS.FITS,ef5b7d61a67a7164d79cc57e55388999f30caed02916c7cbd0376ea63213bfca,ef5b7d61a67a7164d79cc57e55388999f30caed02916c7cbd0376ea63213bfca,4253760,True,not_established_by_hash,RA---SIN;DEC--SIN;STOKES,1024x1024x1x1,METR/SEC,,,-0.0004166666768,not_validated_by_inventory,requires_source_specific_validation
NAME:NGC2903,HI_MOMENT_2,work/private/things-observable-12gal-003/NGC_2903_RO_MOM2_THINGS.FITS,work/gravity-first-principles/things-observable-acquisition-003/receipt.json,https://things.www3.mpia.de/Data_files/NGC_2903_RO_MOM2_THINGS.FITS,6560c6c8012cc99023aba971c92b94ddcbbd2566fb131194c2b201da32c2c716,6560c6c8012cc99023aba971c92b94ddcbbd2566fb131194c2b201da32c2c716,4253760,True,not_established_by_hash,RA---SIN;DEC--SIN;STOKES,1024x1024x1x1,METR/SEC,,,-0.0004166666768,not_validated_by_inventory,requires_source_specific_validation
NAME:NGC2976,HI_MOMENT_0,work/private/things-observable-12gal-003/NGC_2976_NA_MOM0_THINGS.FITS,work/gravity-first-principles/things-observable-acquisition-003/receipt.json,https://things.www3.mpia.de/Data_files/NGC_2976_NA_MOM0_THINGS.FITS,b4f8b1cdc68b1b5724c9930385c760cc9d2fa1dbac7c994e28508467ccf76878,b4f8b1cdc68b1b5724c9930385c760cc9d2fa1dbac7c994e28508467ccf76878,4242240,True,not_established_by_hash,RA---SIN;DEC--SIN;STOKES,1024x1024x1x1,JY/B*M/S,,,-0.0004166666768,not_validated_by_inventory,requires_source_specific_validation
NAME:NGC2976,HI_MOMENT_1,work/private/things-observable-12gal-003/NGC_2976_NA_MOM1_THINGS.FITS,work/gravity-first-principles/things-observable-acquisition-003/receipt.json,https://things.www3.mpia.de/Data_files/NGC_2976_NA_MOM1_THINGS.FITS,5651552667a1f78a0b2734ad8ccf3601471a16fe9a973911207984e8276c0253,5651552667a1f78a0b2734ad8ccf3601471a16fe9a973911207984e8276c0253,4239360,True,not_established_by_hash,RA---SIN;DEC--SIN;STOKES,1024x1024x1x1,METR/SEC,,,-0.0004166666768,not_validated_by_inventory,requires_source_specific_validation
NAME:NGC2976,HI_MOMENT_2,work/private/things-observable-12gal-003/NGC_2976_NA_MOM2_THINGS.FITS,work/gravity-first-principles/things-observable-acquisition-003/receipt.json,https://things.www3.mpia.de/Data_files/NGC_2976_NA_MOM2_THINGS.FITS,41823241344b18c0953b7ac04475c0a390fdbdb96d1424a78617d6c3d82cd665,41823241344b18c0953b7ac04475c0a390fdbdb96d1424a78617d6c3d82cd665,4239360,True,not_established_by_hash,RA---SIN;DEC--SIN;STOKES,1024x1024x1x1,METR/SEC,,,-0.0004166666768,not_validated_by_inventory,requires_source_specific_validation
NAME:NGC2976,HI_MOMENT_0,work/private/things-observable-12gal-003/NGC_2976_RO_MOM0_THINGS.FITS,work/gravity-first-principles/things-observable-acquisition-003/receipt.json,https://things.www3.mpia.de/Data_files/NGC_2976_RO_MOM0_THINGS.FITS,5880fec86eb573cf95a770509bcbf3bb939105a44568d843c250c674fe5dd370,5880fec86eb573cf95a770509bcbf3bb939105a44568d843c250c674fe5dd370,4242240,True,not_established_by_hash,RA---SIN;DEC--SIN;STOKES,1024x1024x1x1,JY/B*M/S,,,-0.0004166666768,not_validated_by_inventory,requires_source_specific_validation
NAME:NGC2976,HI_MOMENT_1,work/private/things-observable-12gal-003/NGC_2976_RO_MOM1_THINGS.FITS,work/gravity-first-principles/things-observable-acquisition-003/receipt.json,https://things.www3.mpia.de/Data_files/NGC_2976_RO_MOM1_THINGS.FITS,663261236adac8fd715b7f7ba31fdc3bdfa4e6473ed203c00cc9e2e7eed578f3,663261236adac8fd715b7f7ba31fdc3bdfa4e6473ed203c00cc9e2e7eed578f3,4239360,True,not_established_by_hash,RA---SIN;DEC--SIN;STOKES,1024x1024x1x1,METR/SEC,,,-0.0004166666768,not_validated_by_inventory,requires_source_specific_validation
NAME:NGC2976,HI_MOMENT_2,work/private/things-observable-12gal-003/NGC_2976_RO_MOM2_THINGS.FITS,work/gravity-first-principles/things-observable-acquisition-003/receipt.json,https://things.www3.mpia.de/Data_files/NGC_2976_RO_MOM2_THINGS.FITS,a3c3497dc9dd07f6015f5b8365499ef3c47d292a1e30f55b0e439b63580be8b6,a3c3497dc9dd07f6015f5b8365499ef3c47d292a1e30f55b0e439b63580be8b6,4239360,True,not_established_by_hash,RA---SIN;DEC--SIN;STOKES,1024x1024x1x1,METR/SEC,,,-0.0004166666768,not_validated_by_inventory,requires_source_specific_validation
NAME:NGC3198,HI_MOMENT_0,work/private/things-observable-12gal-003/NGC_3198_NA_MOM0_THINGS.FITS,work/gravity-first-principles/things-observable-acquisition-003/receipt.json,https://things.www3.mpia.de/Data_files/NGC_3198_NA_MOM0_THINGS.FITS,6d98f314fa8b03bc2c048c84bdc629eccfa3f97b1f06ca4d52ce05162386448e,6d98f314fa8b03bc2c048c84bdc629eccfa3f97b1f06ca4d52ce05162386448e,4282560,True,not_established_by_hash,RA---SIN;DEC--SIN;STOKES,1024x1024x1x1,JY/B*M/S,,,-0.0004166666768,not_validated_by_inventory,requires_source_specific_validation
NAME:NGC3198,HI_MOMENT_2,work/private/things-observable-12gal-003/NGC_3198_NA_MOM2_THINGS.FITS,work/gravity-first-principles/things-observable-acquisition-003/receipt.json,https://things.www3.mpia.de/Data_files/NGC_3198_NA_MOM2_THINGS.FITS,2d1569c45e2fa6b565eed1f88b5bd7580a72b9ecd90b6feb41ed8088f76947f8,2d1569c45e2fa6b565eed1f88b5bd7580a72b9ecd90b6feb41ed8088f76947f8,4279680,True,not_established_by_hash,RA---SIN;DEC--SIN;STOKES,1024x1024x1x1,METR/SEC,,,-0.0004166666768,not_validated_by_inventory,requires_source_specific_validation
NAME:NGC3198,HI_MOMENT_1,work/private/things-observable-12gal-003/NGC_3198_NA_MOM1_THINGS.FITS,work/gravity-first-principles/things-observable-acquisition-003/receipt.json,https://things.www3.mpia.de/Data_files/NGC_3198_NA_MOM1_THINGS.FITS,a1b048bb7710731dcbe1f0ed4ed2cf6e0430c5f5d070bf267a0ac2d0460256e1,a1b048bb7710731dcbe1f0ed4ed2cf6e0430c5f5d070bf267a0ac2d0460256e1,4279680,True,not_established_by_hash,RA---SIN;DEC--SIN;STOKES,1024x1024x1x1,METR/SEC,,,-0.0004166666768,not_validated_by_inventory,requires_source_specific_validation
NAME:NGC3198,HI_MOMENT_0,work/private/things-observable-12gal-003/NGC_3198_RO_MOM0_THINGS.FITS,work/gravity-first-principles/things-observable-acquisition-003/receipt.json,https://things.www3.mpia.de/Data_files/NGC_3198_RO_MOM0_THINGS.FITS,d11d04a3d91c4c05e002cad2484fb2f322eefabca888f337641aa554b9c50f8d,d11d04a3d91c4c05e002cad2484fb2f322eefabca888f337641aa554b9c50f8d,4282560,True,not_established_by_hash,RA---SIN;DEC--SIN;STOKES,1024x1024x1x1,JY/B*M/S,,,-0.0004166666768,not_validated_by_inventory,requires_source_specific_validation
NAME:NGC3198,HI_MOMENT_1,work/private/things-observable-12gal-003/NGC_3198_RO_MOM1_THINGS.FITS,work/gravity-first-principles/things-observable-acquisition-003/receipt.json,https://things.www3.mpia.de/Data_files/NGC_3198_RO_MOM1_THINGS.FITS,e8709d70f2884ad67b244ac0036ca45163da0cd55879736d033f09710720897a,e8709d70f2884ad67b244ac0036ca45163da0cd55879736d033f09710720897a,4279680,True,not_established_by_hash,RA---SIN;DEC--SIN;STOKES,1024x1024x1x1,METR/SEC,,,-0.0004166666768,not_validated_by_inventory,requires_source_specific_validation
NAME:NGC3198,HI_MOMENT_2,work/private/things-observable-12gal-003/NGC_3198_RO_MOM2_THINGS.FITS,work/gravity-first-principles/things-observable-acquisition-003/receipt.json,https://things.www3.mpia.de/Data_files/NGC_3198_RO_MOM2_THINGS.FITS,184c9e6f09fd17b571eab820446c370464a132c96b62e13b2efc6008cc858ba4,184c9e6f09fd17b571eab820446c370464a132c96b62e13b2efc6008cc858ba4,4279680,True,not_established_by_hash,RA---SIN;DEC--SIN;STOKES,1024x1024x1x1,METR/SEC,,,-0.0004166666768,not_validated_by_inventory,requires_source_specific_validation
NAME:IC2574,HI_MOMENT_0,work/private/things-observable-12gal-003/IC_2574_NA_MOM0_THINGS.FITS,work/gravity-first-principles/things-observable-acquisition-003/receipt.json,https://things.www3.mpia.de/Data_files/IC_2574_NA_MOM0_THINGS.FITS,f46e0fcbae7845ef8cf9075ac92c46000b7db8ae4945c8fd7700139007126c14,f46e0fcbae7845ef8cf9075ac92c46000b7db8ae4945c8fd7700139007126c14,4256640,True,not_established_by_hash,RA---SIN;DEC--SIN;STOKES,1024x1024x1x1,JY/B*M/S,,,-0.0004166666768,not_validated_by_inventory,requires_source_specific_validation
NAME:IC2574,HI_MOMENT_1,work/private/things-observable-12gal-003/IC_2574_NA_MOM1_THINGS.FITS,work/gravity-first-principles/things-observable-acquisition-003/receipt.json,https://things.www3.mpia.de/Data_files/IC_2574_NA_MOM1_THINGS.FITS,e6e16cdcc16741c6b73fc083b364bb684f04e498bdf8f4e0eb2910fb4dc0f6ef,e6e16cdcc16741c6b73fc083b364bb684f04e498bdf8f4e0eb2910fb4dc0f6ef,4253760,True,not_established_by_hash,RA---SIN;DEC--SIN;STOKES,1024x1024x1x1,METR/SEC,,,-0.0004166666768,not_validated_by_inventory,requires_source_specific_validation
NAME:IC2574,HI_MOMENT_2,work/private/things-observable-12gal-003/IC_2574_NA_MOM2_THINGS.FITS,work/gravity-first-principles/things-observable-acquisition-003/receipt.json,https://things.www3.mpia.de/Data_files/IC_2574_NA_MOM2_THINGS.FITS,9833095937400758d9b98955db972f8b47aed945f7f00c911371c11f78d90b36,9833095937400758d9b98955db972f8b47aed945f7f00c911371c11f78d90b36,4253760,True,not_established_by_hash,RA---SIN;DEC--SIN;STOKES,1024x1024x1x1,METR/SEC,,,-0.0004166666768,not_validated_by_inventory,requires_source_specific_validation
NAME:IC2574,HI_MOMENT_1,work/private/things-observable-12gal-003/IC_2574_RO_MOM1_THINGS.FITS,work/gravity-first-principles/things-observable-acquisition-003/receipt.json,https://things.www3.mpia.de/Data_files/IC_2574_RO_MOM1_THINGS.FITS,776251d6c91a766fb744ba6f703fa70df05e86e2234a5a1a539acdd0567a1027,776251d6c91a766fb744ba6f703fa70df05e86e2234a5a1a539acdd0567a1027,4253760,True,not_established_by_hash,RA---SIN;DEC--SIN;STOKES,1024x1024x1x1,METR/SEC,,,-0.0004166666768,not_validated_by_inventory,requires_source_specific_validation
NAME:IC2574,HI_MOMENT_0,work/private/things-observable-12gal-003/IC_2574_RO_MOM0_THINGS.FITS,work/gravity-first-principles/things-observable-acquisition-003/receipt.json,https://things.www3.mpia.de/Data_files/IC_2574_RO_MOM0_THINGS.FITS,7c8d4c8967a14033e6e9e66759dcce267b2d364fea92cff70ce2ba8a4dfef20e,7c8d4c8967a14033e6e9e66759dcce267b2d364fea92cff70ce2ba8a4dfef20e,4256640,True,not_established_by_hash,RA---SIN;DEC--SIN;STOKES,1024x1024x1x1,JY/B*M/S,,,-0.0004166666768,not_validated_by_inventory,requires_source_specific_validation
NAME:IC2574,HI_MOMENT_2,work/private/things-observable-12gal-003/IC_2574_RO_MOM2_THINGS.FITS,work/gravity-first-principles/things-observable-acquisition-003/receipt.json,https://things.www3.mpia.de/Data_files/IC_2574_RO_MOM2_THINGS.FITS,1ea3297c7417e14bab0c3c13aa0e098e2cbfb85b81bbde641edf51fea4d6a42c,1ea3297c7417e14bab0c3c13aa0e098e2cbfb85b81bbde641edf51fea4d6a42c,4253760,True,not_established_by_hash,RA---SIN;DEC--SIN;STOKES,1024x1024x1x1,METR/SEC,,,-0.0004166666768,not_validated_by_inventory,requires_source_specific_validation
NAME:NGC3521,HI_MOMENT_0,work/private/things-observable-12gal-003/NGC_3521_NA_MOM0_THINGS.FITS,work/gravity-first-principles/things-observable-acquisition-003/receipt.json,https://things.www3.mpia.de/Data_files/NGC_3521_NA_MOM0_THINGS.FITS,a0cf218db067384daaba2b6e1e7a2996e6b859b07f6fd96c80c6edbfc32ccbd6,a0cf218db067384daaba2b6e1e7a2996e6b859b07f6fd96c80c6edbfc32ccbd6,4296960,True,not_established_by_hash,RA---SIN;DEC--SIN;STOKES,1024x1024x1x1,JY/B*M/S,,,-0.0004166666768,not_validated_by_inventory,requires_source_specific_validation
NAME:NGC3521,HI_MOMENT_1,work/private/things-observable-12gal-003/NGC_3521_NA_MOM1_THINGS.FITS,work/gravity-first-principles/things-observable-acquisition-003/receipt.json,https://things.www3.mpia.de/Data_files/NGC_3521_NA_MOM1_THINGS.FITS,c61b37981844c63fef7bd1135fc8df86be67e10e5abad799bfdd4f62721fc99d,c61b37981844c63fef7bd1135fc8df86be67e10e5abad799bfdd4f62721fc99d,4294080,True,not_established_by_hash,RA---SIN;DEC--SIN;STOKES,1024x1024x1x1,METR/SEC,,,-0.0004166666768,not_validated_by_inventory,requires_source_specific_validation
NAME:NGC3521,HI_MOMENT_0,work/private/things-observable-12gal-003/NGC_3521_RO_MOM0_THINGS.FITS,work/gravity-first-principles/things-observable-acquisition-003/receipt.json,https://things.www3.mpia.de/Data_files/NGC_3521_RO_MOM0_THINGS.FITS,6696af339d6eb4ca7650001031f3888250df415a699192e94c750f6ecb00fc8b,6696af339d6eb4ca7650001031f3888250df415a699192e94c750f6ecb00fc8b,4296960,True,not_established_by_hash,RA---SIN;DEC--SIN;STOKES,1024x1024x1x1,JY/B*M/S,,,-0.0004166666768,not_validated_by_inventory,requires_source_specific_validation
NAME:NGC3521,HI_MOMENT_2,work/private/things-observable-12gal-003/NGC_3521_NA_MOM2_THINGS.FITS,work/gravity-first-principles/things-observable-acquisition-003/receipt.json,https://things.www3.mpia.de/Data_files/NGC_3521_NA_MOM2_THINGS.FITS,3147dbe7b1ff0f28e7484f5da0151fe94cdd5a792896801c96a766794a6d80b6,3147dbe7b1ff0f28e7484f5da0151fe94cdd5a792896801c96a766794a6d80b6,4294080,True,not_established_by_hash,RA---SIN;DEC--SIN;STOKES,1024x1024x1x1,METR/SEC,,,-0.0004166666768,not_validated_by_inventory,requires_source_specific_validation
NAME:NGC3521,HI_MOMENT_1,work/private/things-observable-12gal-003/NGC_3521_RO_MOM1_THINGS.FITS,work/gravity-first-principles/things-observable-acquisition-003/receipt.json,https://things.www3.mpia.de/Data_files/NGC_3521_RO_MOM1_THINGS.FITS,887de19a002aedccd633b3f0b8e0acae406ebaf6f634b262b6543e4944def71e,887de19a002aedccd633b3f0b8e0acae406ebaf6f634b262b6543e4944def71e,4294080,True,not_established_by_hash,RA---SIN;DEC--SIN;STOKES,1024x1024x1x1,METR/SEC,,,-0.0004166666768,not_validated_by_inventory,requires_source_specific_validation
NAME:NGC3521,HI_MOMENT_2,work/private/things-observable-12gal-003/NGC_3521_RO_MOM2_THINGS.FITS,work/gravity-first-principles/things-observable-acquisition-003/receipt.json,https://things.www3.mpia.de/Data_files/NGC_3521_RO_MOM2_THINGS.FITS,56885c8e0019bb232ad5e18f95fcf43654d4be5d95713f1c674e85725a730aa8,56885c8e0019bb232ad5e18f95fcf43654d4be5d95713f1c674e85725a730aa8,4294080,True,not_established_by_hash,RA---SIN;DEC--SIN;STOKES,1024x1024x1x1,METR/SEC,,,-0.0004166666768,not_validated_by_inventory,requires_source_specific_validation
NAME:NGC4214,HI_MOMENT_0,work/private/things-observable-12gal-003/NGC_4214_NA_MOM0_THINGS.FITS,work/gravity-first-principles/things-observable-acquisition-003/receipt.json,https://things.www3.mpia.de/Data_files/NGC_4214_NA_MOM0_THINGS.FITS,8a17fe1cefb8f421c121a8513a877185611918f4332a402a03094803da69c0bc,8a17fe1cefb8f421c121a8513a877185611918f4332a402a03094803da69c0bc,4248000,True,not_established_by_hash,RA---SIN;DEC--SIN;STOKES,1024x1024x1x1,JY/B*M/S,,,-0.0004166666768,not_validated_by_inventory,requires_source_specific_validation
NAME:NGC4214,HI_MOMENT_1,work/private/things-observable-12gal-003/NGC_4214_NA_MOM1_THINGS.FITS,work/gravity-first-principles/things-observable-acquisition-003/receipt.json,https://things.www3.mpia.de/Data_files/NGC_4214_NA_MOM1_THINGS.FITS,34f62d37830d8d7ef733689c9fca731b451fba0657bf40ca72601c15db340a53,34f62d37830d8d7ef733689c9fca731b451fba0657bf40ca72601c15db340a53,4248000,True,not_established_by_hash,RA---SIN;DEC--SIN;STOKES,1024x1024x1x1,METR/SEC,,,-0.0004166666768,not_validated_by_inventory,requires_source_specific_validation
NAME:NGC4214,HI_MOMENT_2,work/private/things-observable-12gal-003/NGC_4214_NA_MOM2_THINGS.FITS,work/gravity-first-principles/things-observable-acquisition-003/receipt.json,https://things.www3.mpia.de/Data_files/NGC_4214_NA_MOM2_THINGS.FITS,477f4a102f83b7faab437f220af0f22ab3b68eea38db070867cea1dcc4c4e480,477f4a102f83b7faab437f220af0f22ab3b68eea38db070867cea1dcc4c4e480,4248000,True,not_established_by_hash,RA---SIN;DEC--SIN;STOKES,1024x1024x1x1,METR/SEC,,,-0.0004166666768,not_validated_by_inventory,requires_source_specific_validation
NAME:NGC4214,HI_MOMENT_0,work/private/things-observable-12gal-003/NGC_4214_RO_MOM0_THINGS.FITS,work/gravity-first-principles/things-observable-acquisition-003/receipt.json,https://things.www3.mpia.de/Data_files/NGC_4214_RO_MOM0_THINGS.FITS,c5fdb6ef80974a66ad7efb909e4b12c918d4bf40190a73f084e67a22672ad940,c5fdb6ef80974a66ad7efb909e4b12c918d4bf40190a73f084e67a22672ad940,4248000,True,not_established_by_hash,RA---SIN;DEC--SIN;STOKES,1024x1024x1x1,JY/B*M/S,,,-0.0004166666768,not_validated_by_inventory,requires_source_specific_validation
NAME:NGC4214,HI_MOMENT_1,work/private/things-observable-12gal-003/NGC_4214_RO_MOM1_THINGS.FITS,work/gravity-first-principles/things-observable-acquisition-003/receipt.json,https://things.www3.mpia.de/Data_files/NGC_4214_RO_MOM1_THINGS.FITS,babfaea56ff8cc9abc7e3b671067d9e87090fd5761dc3c772b2a4cb598581223,babfaea56ff8cc9abc7e3b671067d9e87090fd5761dc3c772b2a4cb598581223,4248000,True,not_established_by_hash,RA---SIN;DEC--SIN;STOKES,1024x1024x1x1,METR/SEC,,,-0.0004166666768,not_validated_by_inventory,requires_source_specific_validation
NAME:NGC4214,HI_MOMENT_2,work/private/things-observable-12gal-003/NGC_4214_RO_MOM2_THINGS.FITS,work/gravity-first-principles/things-observable-acquisition-003/receipt.json,https://things.www3.mpia.de/Data_files/NGC_4214_RO_MOM2_THINGS.FITS,4c1be126d2faa1ecc880b57fd6f617aa703d01516b816d652f8eb2d6ca1da1b1,4c1be126d2faa1ecc880b57fd6f617aa703d01516b816d652f8eb2d6ca1da1b1,4248000,True,not_established_by_hash,RA---SIN;DEC--SIN;STOKES,1024x1024x1x1,METR/SEC,,,-0.0004166666768,not_validated_by_inventory,requires_source_specific_validation
NAME:DDO154,HI_MOMENT_0,work/private/things-observable-12gal-003/DDO154_NA_MOM0_THINGS.FITS,work/gravity-first-principles/things-observable-acquisition-003/receipt.json,https://things.www3.mpia.de/Data_files/DDO154_NA_MOM0_THINGS.FITS,49d84c9f3e9efa826ecf3c03fdba7bac4e22b627f3e5f704efe703b389031a7c,49d84c9f3e9efa826ecf3c03fdba7bac4e22b627f3e5f704efe703b389031a7c,4242240,True,not_established_by_hash,RA---SIN;DEC--SIN;STOKES,1024x1024x1x1,JY/B*M/S,,,-0.0004166666768,not_validated_by_inventory,requires_source_specific_validation
NAME:DDO154,HI_MOMENT_1,work/private/things-observable-12gal-003/DDO154_NA_MOM1_THINGS.FITS,work/gravity-first-principles/things-observable-acquisition-003/receipt.json,https://things.www3.mpia.de/Data_files/DDO154_NA_MOM1_THINGS.FITS,56d82ee0d57be4f02ab5664c2088797e8f1c1b0345c1ce52c01b9d9c984aa24c,56d82ee0d57be4f02ab5664c2088797e8f1c1b0345c1ce52c01b9d9c984aa24c,4239360,True,not_established_by_hash,RA---SIN;DEC--SIN;STOKES,1024x1024x1x1,METR/SEC,,,-0.0004166666768,not_validated_by_inventory,requires_source_specific_validation
NAME:DDO154,HI_MOMENT_2,work/private/things-observable-12gal-003/DDO154_NA_MOM2_THINGS.FITS,work/gravity-first-principles/things-observable-acquisition-003/receipt.json,https://things.www3.mpia.de/Data_files/DDO154_NA_MOM2_THINGS.FITS,5d3a3e441ba879829b4c2024aff9d83e078caf244d95943557161904c1754bcc,5d3a3e441ba879829b4c2024aff9d83e078caf244d95943557161904c1754bcc,4239360,True,not_established_by_hash,RA---SIN;DEC--SIN;STOKES,1024x1024x1x1,METR/SEC,,,-0.0004166666768,not_validated_by_inventory,requires_source_specific_validation
NAME:DDO154,HI_MOMENT_0,work/private/things-observable-12gal-003/DDO154_RO_MOM0_THINGS.FITS,work/gravity-first-principles/things-observable-acquisition-003/receipt.json,https://things.www3.mpia.de/Data_files/DDO154_RO_MOM0_THINGS.FITS,f35b204c9abb3c1c28f210b51fe7e49ea38cfa70d48a15ff79968e68feb8d1e2,f35b204c9abb3c1c28f210b51fe7e49ea38cfa70d48a15ff79968e68feb8d1e2,4242240,True,not_established_by_hash,RA---SIN;DEC--SIN;STOKES,1024x1024x1x1,JY/B*M/S,,,-0.0004166666768,not_validated_by_inventory,requires_source_specific_validation
NAME:DDO154,HI_MOMENT_2,work/private/things-observable-12gal-003/DDO154_RO_MOM2_THINGS.FITS,work/gravity-first-principles/things-observable-acquisition-003/receipt.json,https://things.www3.mpia.de/Data_files/DDO154_RO_MOM2_THINGS.FITS,326a640af7d864d564d7fa4efd4e1c2c86b8b8002ca16cc2609dc8a1c3812232,326a640af7d864d564d7fa4efd4e1c2c86b8b8002ca16cc2609dc8a1c3812232,4239360,True,not_established_by_hash,RA---SIN;DEC--SIN;STOKES,1024x1024x1x1,METR/SEC,,,-0.0004166666768,not_validated_by_inventory,requires_source_specific_validation
NAME:NGC5055,HI_MOMENT_0,work/private/things-observable-12gal-003/NGC_5055_NA_MOM0_THINGS.FITS,work/gravity-first-principles/things-observable-acquisition-003/receipt.json,https://things.www3.mpia.de/Data_files/NGC_5055_NA_MOM0_THINGS.FITS,3580b3caba14dc98e5893c904c77d480769d07500ea4781b8ef29e7505335214,3580b3caba14dc98e5893c904c77d480769d07500ea4781b8ef29e7505335214,4248000,True,not_established_by_hash,RA---SIN;DEC--SIN;STOKES,1024x1024x1x1,JY/B*M/S,,,-0.0004166666768,not_validated_by_inventory,requires_source_specific_validation
NAME:DDO154,HI_MOMENT_1,work/private/things-observable-12gal-003/DDO154_RO_MOM1_THINGS.FITS,work/gravity-first-principles/things-observable-acquisition-003/receipt.json,https://things.www3.mpia.de/Data_files/DDO154_RO_MOM1_THINGS.FITS,913b418c0c60068ab079c883a42fb691606fb631f418f9b703971524d48647d7,913b418c0c60068ab079c883a42fb691606fb631f418f9b703971524d48647d7,4239360,True,not_established_by_hash,RA---SIN;DEC--SIN;STOKES,1024x1024x1x1,METR/SEC,,,-0.0004166666768,not_validated_by_inventory,requires_source_specific_validation
NAME:NGC5055,HI_MOMENT_1,work/private/things-observable-12gal-003/NGC_5055_NA_MOM1_THINGS.FITS,work/gravity-first-principles/things-observable-acquisition-003/receipt.json,https://things.www3.mpia.de/Data_files/NGC_5055_NA_MOM1_THINGS.FITS,8a8f9e904b6e182b921b0015c44394d4735e2b242644bb5610d45e5a375debe3,8a8f9e904b6e182b921b0015c44394d4735e2b242644bb5610d45e5a375debe3,4245120,True,not_established_by_hash,RA---SIN;DEC--SIN;STOKES,1024x1024x1x1,METR/SEC,,,-0.0004166666768,not_validated_by_inventory,requires_source_specific_validation
NAME:NGC5055,HI_MOMENT_0,work/private/things-observable-12gal-003/NGC_5055_RO_MOM0_THINGS.FITS,work/gravity-first-principles/things-observable-acquisition-003/receipt.json,https://things.www3.mpia.de/Data_files/NGC_5055_RO_MOM0_THINGS.FITS,baf543e5fcbdc82069047868d8a4fe994724592b2e218f605612024ad366d4cb,baf543e5fcbdc82069047868d8a4fe994724592b2e218f605612024ad366d4cb,4248000,True,not_established_by_hash,RA---SIN;DEC--SIN;STOKES,1024x1024x1x1,JY/B*M/S,,,-0.0004166666768,not_validated_by_inventory,requires_source_specific_validation
NAME:NGC5055,HI_MOMENT_2,work/private/things-observable-12gal-003/NGC_5055_NA_MOM2_THINGS.FITS,work/gravity-first-principles/things-observable-acquisition-003/receipt.json,https://things.www3.mpia.de/Data_files/NGC_5055_NA_MOM2_THINGS.FITS,ff5d9972b9c0db085cc20d7b15ffd4246849a393d118d0e5079238199757127d,ff5d9972b9c0db085cc20d7b15ffd4246849a393d118d0e5079238199757127d,4245120,True,not_established_by_hash,RA---SIN;DEC--SIN;STOKES,1024x1024x1x1,METR/SEC,,,-0.0004166666768,not_validated_by_inventory,requires_source_specific_validation
NAME:NGC5055,HI_MOMENT_1,work/private/things-observable-12gal-003/NGC_5055_RO_MOM1_THINGS.FITS,work/gravity-first-principles/things-observable-acquisition-003/receipt.json,https://things.www3.mpia.de/Data_files/NGC_5055_RO_MOM1_THINGS.FITS,b2d896046e457719cb23af241c94be4e2fbde29f2cd87003728306d6cf1b2f6f,b2d896046e457719cb23af241c94be4e2fbde29f2cd87003728306d6cf1b2f6f,4245120,True,not_established_by_hash,RA---SIN;DEC--SIN;STOKES,1024x1024x1x1,METR/SEC,,,-0.0004166666768,not_validated_by_inventory,requires_source_specific_validation
NAME:NGC5055,HI_MOMENT_2,work/private/things-observable-12gal-003/NGC_5055_RO_MOM2_THINGS.FITS,work/gravity-first-principles/things-observable-acquisition-003/receipt.json,https://things.www3.mpia.de/Data_files/NGC_5055_RO_MOM2_THINGS.FITS,020644c57ac0b5d271479143f07bf88be33addf5342839eceed655d13727a6fb,020644c57ac0b5d271479143f07bf88be33addf5342839eceed655d13727a6fb,4245120,True,not_established_by_hash,RA---SIN;DEC--SIN;STOKES,1024x1024x1x1,METR/SEC,,,-0.0004166666768,not_validated_by_inventory,requires_source_specific_validation
NAME:NGC6946,HI_MOMENT_0,work/private/things-observable-12gal-003/NGC_6946_NA_MOM0_THINGS.FITS,work/gravity-first-principles/things-observable-acquisition-003/receipt.json,https://things.www3.mpia.de/Data_files/NGC_6946_NA_MOM0_THINGS.FITS,cdf3731514960e428edd0a700a4844319cd4322d64fd4cbfad476ceabdb17652,cdf3731514960e428edd0a700a4844319cd4322d64fd4cbfad476ceabdb17652,4256640,True,not_established_by_hash,RA---SIN;DEC--SIN;STOKES,1024x1024x1x1,JY/B*M/S,,,-0.0004166666768,not_validated_by_inventory,requires_source_specific_validation
NAME:NGC6946,HI_MOMENT_1,work/private/things-observable-12gal-003/NGC_6946_NA_MOM1_THINGS.FITS,work/gravity-first-principles/things-observable-acquisition-003/receipt.json,https://things.www3.mpia.de/Data_files/NGC_6946_NA_MOM1_THINGS.FITS,b0d5a8b9e8d0f5a662565271ccc5e88cab536478c635fa2b1c32fb3aae483f1f,b0d5a8b9e8d0f5a662565271ccc5e88cab536478c635fa2b1c32fb3aae483f1f,4253760,True,not_established_by_hash,RA---SIN;DEC--SIN;STOKES,1024x1024x1x1,METR/SEC,,,-0.0004166666768,not_validated_by_inventory,requires_source_specific_validation
NAME:NGC6946,HI_MOMENT_0,work/private/things-observable-12gal-003/NGC_6946_RO_MOM0_THINGS.FITS,work/gravity-first-principles/things-observable-acquisition-003/receipt.json,https://things.www3.mpia.de/Data_files/NGC_6946_RO_MOM0_THINGS.FITS,6d14eadba12e4871f48afc3b20cbd9485f8a2687fa26593ea2ff73af29f948d4,6d14eadba12e4871f48afc3b20cbd9485f8a2687fa26593ea2ff73af29f948d4,4256640,True,not_established_by_hash,RA---SIN;DEC--SIN;STOKES,1024x1024x1x1,JY/B*M/S,,,-0.0004166666768,not_validated_by_inventory,requires_source_specific_validation
NAME:NGC6946,HI_MOMENT_2,work/private/things-observable-12gal-003/NGC_6946_NA_MOM2_THINGS.FITS,work/gravity-first-principles/things-observable-acquisition-003/receipt.json,https://things.www3.mpia.de/Data_files/NGC_6946_NA_MOM2_THINGS.FITS,77032def857872ad7ff071b90b936dfa9337f86bbea38905afffda2987b3518c,77032def857872ad7ff071b90b936dfa9337f86bbea38905afffda2987b3518c,4253760,True,not_established_by_hash,RA---SIN;DEC--SIN;STOKES,1024x1024x1x1,METR/SEC,,,-0.0004166666768,not_validated_by_inventory,requires_source_specific_validation
NAME:NGC6946,HI_MOMENT_1,work/private/things-observable-12gal-003/NGC_6946_RO_MOM1_THINGS.FITS,work/gravity-first-principles/things-observable-acquisition-003/receipt.json,https://things.www3.mpia.de/Data_files/NGC_6946_RO_MOM1_THINGS.FITS,ed2110a7dde281cfb5c1ba8b4a7e8a324946d28570e01716ed62ce5634b73703,ed2110a7dde281cfb5c1ba8b4a7e8a324946d28570e01716ed62ce5634b73703,4253760,True,not_established_by_hash,RA---SIN;DEC--SIN;STOKES,1024x1024x1x1,METR/SEC,,,-0.0004166666768,not_validated_by_inventory,requires_source_specific_validation
NAME:NGC6946,HI_MOMENT_2,work/private/things-observable-12gal-003/NGC_6946_RO_MOM2_THINGS.FITS,work/gravity-first-principles/things-observable-acquisition-003/receipt.json,https://things.www3.mpia.de/Data_files/NGC_6946_RO_MOM2_THINGS.FITS,6646fa1ede5824e567cbb8ef4de0b106eba16412304ea88f7806371033deecb6,6646fa1ede5824e567cbb8ef4de0b106eba16412304ea88f7806371033deecb6,4253760,True,not_established_by_hash,RA---SIN;DEC--SIN;STOKES,1024x1024x1x1,METR/SEC,,,-0.0004166666768,not_validated_by_inventory,requires_source_specific_validation
NAME:NGC7331,HI_MOMENT_0,work/private/things-observable-12gal-003/NGC_7331_NA_MOM0_THINGS.FITS,work/gravity-first-principles/things-observable-acquisition-003/receipt.json,https://things.www3.mpia.de/Data_files/NGC_7331_NA_MOM0_THINGS.FITS,a2e0a9bf84084ae46f98b63bbd3ead88304e0888510809f271991a0042a425c8,a2e0a9bf84084ae46f98b63bbd3ead88304e0888510809f271991a0042a425c8,4265280,True,not_established_by_hash,RA---SIN;DEC--SIN;STOKES,1024x1024x1x1,JY/B*M/S,,,-0.0004166666768,not_validated_by_inventory,requires_source_specific_validation
NAME:NGC7331,HI_MOMENT_1,work/private/things-observable-12gal-003/NGC_7331_NA_MOM1_THINGS.FITS,work/gravity-first-principles/things-observable-acquisition-003/receipt.json,https://things.www3.mpia.de/Data_files/NGC_7331_NA_MOM1_THINGS.FITS,49aade673411f53e6c84d169a1304e7277eac97dd8f9f1a0666538582c089116,49aade673411f53e6c84d169a1304e7277eac97dd8f9f1a0666538582c089116,4262400,True,not_established_by_hash,RA---SIN;DEC--SIN;STOKES,1024x1024x1x1,METR/SEC,,,-0.0004166666768,not_validated_by_inventory,requires_source_specific_validation
NAME:NGC7331,HI_MOMENT_2,work/private/things-observable-12gal-003/NGC_7331_NA_MOM2_THINGS.FITS,work/gravity-first-principles/things-observable-acquisition-003/receipt.json,https://things.www3.mpia.de/Data_files/NGC_7331_NA_MOM2_THINGS.FITS,bbe1fe945a67c8811bdcfb719c90f23b7b34c3fe1e991facd7dd42dc63e4ccf9,bbe1fe945a67c8811bdcfb719c90f23b7b34c3fe1e991facd7dd42dc63e4ccf9,4262400,True,not_established_by_hash,RA---SIN;DEC--SIN;STOKES,1024x1024x1x1,METR/SEC,,,-0.0004166666768,not_validated_by_inventory,requires_source_specific_validation
NAME:NGC7331,HI_MOMENT_0,work/private/things-observable-12gal-003/NGC_7331_RO_MOM0_THINGS.FITS,work/gravity-first-principles/things-observable-acquisition-003/receipt.json,https://things.www3.mpia.de/Data_files/NGC_7331_RO_MOM0_THINGS.FITS,f8de3c11162dc8103bb9ed4f17cac05543303d91a03a8a59d954f9ff6958fe18,f8de3c11162dc8103bb9ed4f17cac05543303d91a03a8a59d954f9ff6958fe18,4265280,True,not_established_by_hash,RA---SIN;DEC--SIN;STOKES,1024x1024x1x1,JY/B*M/S,,,-0.0004166666768,not_validated_by_inventory,requires_source_specific_validation
NAME:NGC7331,HI_MOMENT_2,work/private/things-observable-12gal-003/NGC_7331_RO_MOM2_THINGS.FITS,work/gravity-first-principles/things-observable-acquisition-003/receipt.json,https://things.www3.mpia.de/Data_files/NGC_7331_RO_MOM2_THINGS.FITS,f90eae32c9004a91d18d8db4fab3d80236e79c3fbe5a6268705d1bc5334d39d1,f90eae32c9004a91d18d8db4fab3d80236e79c3fbe5a6268705d1bc5334d39d1,4262400,True,not_established_by_hash,RA---SIN;DEC--SIN;STOKES,1024x1024x1x1,METR/SEC,,,-0.0004166666768,not_validated_by_inventory,requires_source_specific_validation
NAME:NGC7331,HI_MOMENT_1,work/private/things-observable-12gal-003/NGC_7331_RO_MOM1_THINGS.FITS,work/gravity-first-principles/things-observable-acquisition-003/receipt.json,https://things.www3.mpia.de/Data_files/NGC_7331_RO_MOM1_THINGS.FITS,bab6e9a80ea9244e575065fcf8efdb042c16352b441edf73520bbd00a98fe07c,bab6e9a80ea9244e575065fcf8efdb042c16352b441edf73520bbd00a98fe07c,4262400,True,not_established_by_hash,RA---SIN;DEC--SIN;STOKES,1024x1024x1x1,METR/SEC,,,-0.0004166666768,not_validated_by_inventory,requires_source_specific_validation
